tree
version=v4
num_class=1
num_tree_per_iteration=1
label_index=0
max_feature_idx=21
objective=lambdarank
feature_names=rbs rbs_pwm start_type hex_avg frame_bias edge length score start_nn start_ctx upstream_at leaderless gc3_bias is_longest hex_cov viterbi_frac delta_hex_to_longest frac_of_longest delta_rbs_to_best delta_score_to_best length_rank hex_rank
feature_infos=[0:1] none [0.34999999999999998:1] [-0.80669999999999997:1.5239] [-0.94289999999999996:3.8565999999999998] none [90:28530] [0.19270000000000001:0.61429999999999996] none [0:0.38] [0.050000000000000003:0.97499999999999998] [0:1] [0:0.60609999999999997] [0:1] [0.2581:1] none [-1.401:0] [0.0089219999999999994:1] [-1:0] [-0.31669999999999998:0] [0:1] [0:1]
tree_sizes=3529 3519 3502 3517 3512 3481 3514 3520 3529 3537 3498 3520 3530 3532 3517 3499 3518 3513 3523 3501 3540 3528 3519 3484 3527 3518 3508 3525 3514 3514 3527 3526 3557 3519 3521 3540 3523 3528 3526 3534 3517 3505 3532 3530 3529 3534 3517 3564 3521 3533 3526 3550 3553 3529 3520 3546 3525 3508 3536 3528 3522 3547 3546 3516 3530 3534 3553 3539 3523 3521 3537 3542 3555 3524 3513 3522 3531 3526 3513 3521 3524 3517 3516 3523 3546 3548 3535 3539 3496 3510 3505 3525 3535 3546 3518 3533 3558 3555 3539 3530 3503 3558 3538 3501 3513 3521 3526 3542 3518 3531 3524 3530 3516 3521 3504 3527 3531 3544 3538 3536 3520 3515 3531 3512 3520 3531 3554 3535 3531 3533 3514 3531 3516 3538 3545 3559 3504 3528 3535 3534 3575 3514 3562 3521 3524 3529 3525 3511 3547 3534 3522 3530 3524 3550 3535 3529 3542 3522 3536 3525 3556 3508 3496 3517 3511 3521 3530 3508 3545 3505 3499 3526 3475 3523 3526 3473 3526 3532 3540 3551 3520 3514 3519 3524 3505 3549 3478 3498 3521 3531 3531 3523 3481 3539 3491 3509 3523 3503 3513 3515 3493 3490 3509 3512 3509 3531 3534 3517 3543 3483 3522 3500 3518 3507 3513 3536 3540 3494 3549 3542 3540 3495 3504 3509 3530 3506 3499 3528 3505 3488 3556 3542 3508 3529 3525 3494 3550 3535 3495 3486 3497 3432 3509 3510 3523

Tree=0
num_leaves=31
num_cat=0
split_feature=17 19 19 19 20 20 7 20 20 7 19 12 19 3 17 19 17 12 7 20 19 16 17 14 10 6 16 6 19 20
split_gain=47077.5 3381.92 2714.61 501.518 736.285 340.256 252.681 239.731 218.995 182.37 156.128 92.7016 81.2346 72.2978 67.0638 65.1771 58.1056 64.1252 56.004 54.876 78.9568 49.1373 47.0455 40.9136 38.6712 35.8933 31.7051 30.7078 28.1099 27.5592
threshold=0.90636400000000006 -1.0000000180025095e-35 -0.078749999999999987 -0.029449999999999994 0.066756000000000024 0.040202000000000009 0.42605000000000004 0.14334650000000002 0.30019750000000006 0.40435000000000004 -0.063749999999999987 0.23315000000000002 -0.018549999999999994 0.59825000000000006 0.79600750000000009 -0.053949999999999991 0.69759350000000009 0.18335000000000004 0.40485000000000004 0.083702000000000013 -0.0063499999999999989 -0.15624999999999997 0.97609950000000012 0.71835000000000016 0.61250000000000016 988.50000000000011 -0.042949999999999995 748.50000000000011 -0.029449999999999994 0.12546300000000002
decision_type=2 2 2 2 2 2 2 2 2 2 2 2 2 2 2 2 2 2 2 2 2 2 2 2 2 2 2 2 2 2
left_child=1 7 5 4 9 6 21 10 -3 24 -1 28 -9 -8 -14 -6 17 -10 -17 -5 -21 -2 -11 25 -4 -23 -15 -24 -12 -20
right_child=2 8 3 19 15 -7 13 12 16 22 11 -13 14 26 -16 18 -18 -19 29 20 -22 23 27 -25 -26 -27 -28 -29 -30 -31
leaf_value=-0.088699209023006736 -0.079025041389451295 0.077495986170468739 -0.010948093338160882 0.097471709787514155 -0.047844917481369612 -0.080836771302339849 0.070881381762781789 -0.098563889198019297 -0.064463202823223875 0.053607459291540309 -0.06062082707278698 0.047019492109368621 -0.083903679373007092 -0.072724923906720002 -0.016873598370547947 -0.050655782022181885 0.037387827984347741 0.031107057304180109 0.040886732053692275 0.040485455507523554 0.090435890907976213 -0.034043072387174668 0.058822573726740907 -0.073328473751802015 0.045603146807501438 0.041465820041894891 0.03973224822316615 0.089591819151314422 -0.0048526989255613696 -0.017029370471810815
leaf_weight=135.4055996206589 55.639211656525731 274.85335048416164 54.564731270540506 5757.7578762997873 99.675055940402672 206.78251698403619 108.90334505832288 6944.649948863138 47.932460559881292 113.88856090512127 62.882664965465665 43.622141161002219 131.29515595000703 14.120934039587157 52.13186595402658 33.239057899685577 56.993951412849128 27.692130691604689 71.439145069336519 100.86969259823672 366.79991018865258 32.570119924843311 87.684807753190398 24.835264663444832 67.785452003125101 30.454092199681327 11.269363436847923 1077.7620220637182 35.269121653866023 28.829521961510181
leaf_count=9530 1247 2598 929 17744 4621 12728 1077 326156 1895 2933 3715 985 5978 744 1635 1211 915 584 1702 1877 2491 522 626 1160 761 635 309 4775 1386 983
internal_value=-2.98618e-09 -0.0882057 0.082581 0.0896616 0.0650162 -0.0322749 0.00387349 -0.0959224 0.0520341 0.0787021 -0.0503011 -0.0136277 -0.0976964 0.0531673 -0.064853 -0.0172514 -0.000735788 -0.0294674 0.0055893 0.0961338 0.0796623 -0.0422583 0.0842795 -0.0189748 0.0203829 0.00244377 -0.0228113 0.0872768 -0.0405815 0.0242345
internal_weight=16157.6 7812.73 8344.87 7860.3 1634.87 484.575 277.792 7405.26 407.472 1401.69 277.18 141.774 7128.08 134.294 183.427 233.183 132.619 75.6246 133.508 6225.43 467.67 143.499 1279.34 87.8595 122.35 63.0242 25.3903 1165.45 98.1518 100.269
internal_count=414452 355377 59075 40653 18541 18422 5694 349385 5992 10024 15616 6086 333769 2130 7613 8517 3394 2479 3896 22112 4368 3564 8334 2317 1690 1157 1053 5401 5101 2685
is_linear=0
shrinkage=0.05


Tree=1
num_leaves=31
num_cat=0
split_feature=20 2 18 18 20 18 2 20 20 2 20 20 18 10 18 18 7 18 7 20 7 12 7 10 7 4 21 20 18 2
split_gain=53958 6873.38 4482.77 3096.53 1384.45 1599.32 1040.09 632.454 550.185 441.195 378.891 347.247 273.846 261.155 318.075 237.273 195.335 188.034 143.614 134.807 109.943 107.722 91.6228 89.941 86.885 86.705 86.3428 79.3095 107.764 78.02
threshold=0.16697650000000003 0.77500000000000013 -0.0074999999999999989 -0.23049999999999998 0.021858500000000006 -0.16174999999999998 0.77500000000000013 0.27797350000000004 0.040202000000000009 0.77500000000000013 0.040202000000000009 0.66723750000000004 -0.40819999999999995 0.61250000000000016 -0.5009499999999999 -0.31979999999999992 0.44185000000000008 -0.0091999999999999981 0.45095000000000007 0.26689500000000005 0.37785000000000007 0.22385000000000002 0.38265000000000005 0.76250000000000007 0.45565000000000005 1.9592500000000002 0.68761600000000012 0.4003425000000001 -0.25249999999999995 0.77500000000000013
decision_type=2 2 2 2 2 2 2 2 2 2 2 2 2 2 2 2 2 2 2 2 2 2 2 2 2 2 2 2 2 2
left_child=1 3 7 10 15 13 19 9 18 -2 16 22 23 14 -6 20 26 -10 -5 -4 -3 -16 -8 -11 -19 -15 -1 28 -9 -30
right_child=2 4 6 8 5 -7 11 27 17 12 -12 -13 -14 25 21 -17 -18 24 -20 -21 -22 -23 -24 -25 -26 -27 -28 -29 29 -31
leaf_value=-0.021194832277649279 -0.080690582256289931 0.013046282045074846 -0.0082345451982317342 0.038069700489560952 -0.022206772514875309 0.079011227091913508 -0.033987396460592914 -0.083186435307888218 -0.035355226457682909 -0.059800152587843131 -0.068832969854152659 -0.03300361119077893 0.0051365685596152693 0.043958144798025331 0.014896951596726486 0.088684982867615059 0.020663923726798924 -0.018500659411045606 0.07697165457440476 -0.067206541670594575 0.073795369227038818 0.055025833607657074 0.054400146635634264 0.034737600268986694 0.040451530542143149 -0.0057172841541883613 -0.053807767050922474 -0.090140576708629988 -0.076344433561612024 -0.016350553068327809
leaf_weight=453.74080045334995 801.49730720045045 76.095060776919127 133.73813555575907 338.57733079046011 555.86067054932937 2401.1684097498655 30.440950080752373 1524.6664688494056 194.85185274062678 417.25881580775604 985.01268032309599 143.95032900292426 348.02209821064025 1003.3618349772878 545.16693343501538 6168.1782967103645 188.45533756259829 82.406107256188989 792.67112608253956 351.89972836500965 3505.1020037829876 241.23922629561275 796.10241637495346 26.772922803647816 258.74636364821345 96.269971955567598 367.1810640275944 9106.1766636546236 105.48040762590244 111.45044299960136
leaf_count=3374 25125 235 825 800 9082 4152 169 43580 2121 11340 26257 1942 3962 4196 3895 9340 874 379 1298 6294 5664 802 3126 186 758 1007 3454 235917 2728 1570
internal_value=-2.23812e-09 0.0565177 -0.0742351 -0.0047316 0.0718868 0.0500358 0.00877075 -0.0839501 0.0455575 -0.0545372 -0.0467718 0.0386634 -0.0280719 0.0215436 0.0067437 0.0827415 -0.0252432 0.00383036 0.0653285 -0.0509664 0.0725045 0.027207 0.0511449 -0.0541 0.0262115 0.0396092 -0.0357819 -0.0882709 -0.078495 -0.045522
internal_weight=32151.5 18254.1 13897.5 3661.64 14592.4 4843.07 1456.13 12441.3 1667.25 1593.55 1994.39 970.494 792.054 2441.9 1342.27 9749.38 1009.38 536.004 1131.25 485.638 3581.2 786.406 826.543 444.032 341.152 1099.63 820.922 10847.8 1741.6 216.931
internal_count=414452 77688 336764 39315 38373 23134 12356 324408 5356 40613 33959 5237 15488 18982 13779 15239 7702 3258 2098 7119 5899 4697 3295 11526 1137 5203 6828 283795 47878 4298
is_linear=0
shrinkage=0.05


Tree=2
num_leaves=31
num_cat=0
split_feature=17 19 19 2 19 17 20 19 2 6 12 17 2 17 20 17 0 0 20 6 17 6 6 19 6 7 18 17 17 12
split_gain=45757.5 6068.73 4586.11 1236.14 1095.24 639.757 455.174 292.323 286.301 262.179 258.975 239.214 237.941 181.649 175.12 172.653 127.917 118.269 116.421 101.224 99.5785 97.1335 95.7544 93.8413 87.7911 85.4424 79.3546 78.7204 77.2696 73.267
threshold=0.90266350000000017 -0.0081499999999999993 -0.052149999999999995 0.77500000000000013 -0.0099499999999999988 0.98691650000000009 0.055659000000000007 -0.029449999999999994 0.77500000000000013 1045.5000000000002 0.22105000000000002 0.76204950000000016 0.77500000000000013 0.99421400000000004 0.25039700000000004 0.96513150000000014 0.1183 0.34500000000000003 0.066756000000000024 586.50000000000011 0.99421400000000004 1294.5000000000002 742.50000000000011 -0.077749999999999986 886.50000000000011 0.46635000000000004 -0.76049999999999984 0.79231650000000009 0.5250180000000001 0.17405000000000001
decision_type=2 2 2 2 2 2 2 2 2 2 2 2 2 2 2 2 2 2 2 2 2 2 2 2 2 2 2 2 2 2
left_child=1 7 3 13 5 12 9 18 16 23 11 19 17 -2 29 25 -7 -4 -1 28 -11 -13 -10 -5 -15 -6 -25 -20 -3 -9
right_child=2 10 4 6 15 8 -8 14 22 20 -12 21 -14 24 -16 -17 -18 -19 27 -21 -22 -23 -24 26 -26 -27 -28 -29 -30 -31
leaf_value=-0.013990328200349936 -0.067855744277463492 -0.053205082798627325 -0.058701536169145002 -0.042561275413899806 0.044318030725946748 -0.018985402228848196 -0.031222922710382264 -0.034856018088876256 0.043075087709536573 0.021583926167328051 0.059453291955491476 0.036474489470828757 0.02753570770901816 -0.051036172345083376 -0.06920339746819848 0.081483202906603935 0.040218810758832366 0.0070121071460098362 -0.084538545969150988 -0.059339219828562266 0.063687206093509238 -0.050168346056515462 0.072999343690852911 0.056834083962946806 -0.0015967946174004913 0.071134749663251701 -0.005470951794175772 -0.071256656577443692 0.018422496147031644 0.021762685632377255
leaf_weight=61.444460214115679 575.86417867010459 50.810609430074692 140.9713232005015 92.236280128359795 449.89153140131384 120.09618058055639 296.45193545846269 172.32859960570931 317.42714074626565 182.81803045794368 470.46909701451659 593.45134297106415 762.13738159649074 157.36302096955478 389.63458645530045 8188.6466097170487 379.64539694041014 133.13176972232759 9680.3267249818891 114.1822605249472 605.75332346279174 34.212569685652852 1693.9764303211123 81.045258346945047 209.12000707862899 874.21022626198828 138.33800595626235 1260.9091349644586 145.38972303457558 85.481192806735635
leaf_count=1334 16913 843 2607 555 1171 717 5294 3448 723 1672 1600 2293 4407 1528 10825 14352 1159 1180 291268 2506 1166 470 2641 156 2280 1633 457 37461 900 893
internal_value=-8.38191e-11 -0.0688494 0.0583851 -0.0060918 0.0699325 0.0462215 0.0237657 -0.0807012 0.0598616 0.0385826 0.0291796 0.0139961 0.0131671 -0.0503432 -0.0480511 0.0787745 0.0259911 -0.0267844 -0.0826225 -0.0219098 0.0539262 0.0317518 0.0682769 -0.000245175 -0.0228254 0.0620232 0.017546 -0.0830079 -0.00012712 -0.0160831
internal_weight=28457.8 13058.6 15399.1 2338.99 13060.1 3547.39 1396.64 11650.1 2511.15 1100.19 1408.52 938.047 1036.24 942.347 647.444 9512.75 499.742 274.103 11002.7 310.383 788.571 627.664 2011.4 311.62 366.483 1324.1 219.383 10941.2 196.2 257.81
internal_count=414452 353841 60611 30021 30590 13434 9300 345229 5240 4006 8612 7012 8194 20721 15166 17156 1876 3787 330063 4249 2838 2763 3364 1168 3808 2804 613 328729 1743 4341
is_linear=0
shrinkage=0.05


Tree=3
num_leaves=31
num_cat=0
split_feature=17 18 7 17 17 17 17 18 16 18 18 7 10 18 7 17 12 3 12 17 7 12 3 6 7 7 10 18 3 7
split_gain=37746.8 2954.41 2214.74 1085.11 537.013 506.466 396.167 279.268 277.005 252.784 214.288 200.077 191.35 141.496 139.126 137.882 130.695 107.499 101.741 94.907 91.135 128.954 85.4445 84.4057 76.5787 71.7628 69.4939 66.4579 64.1888 83.5486
threshold=0.90636400000000006 -0.006899999999999999 0.43985000000000007 0.99048750000000008 0.79231650000000009 0.52865250000000008 0.96513150000000014 -0.19879999999999998 -0.29784999999999995 -0.40819999999999995 -0.33259999999999995 0.48825000000000007 0.63750000000000007 -0.10139999999999998 0.39205000000000007 0.82656300000000005 0.24885000000000004 0.46545000000000009 0.22385000000000002 0.99421400000000004 0.46535000000000004 0.26545000000000007 0.45685000000000003 568.50000000000011 0.40535000000000004 0.41325000000000006 0.76250000000000007 -0.40819999999999995 0.5142500000000001 0.40635000000000004
decision_type=2 2 2 2 2 2 2 2 2 2 2 2 2 2 2 2 2 2 2 2 2 2 2 2 2 2 2 2 2 2
left_child=1 4 3 10 20 16 7 -4 24 26 12 15 22 19 27 23 -3 -16 -11 -8 -1 -22 -2 25 -5 -7 -6 -10 29 -14
right_child=2 5 6 8 9 11 13 -9 14 18 -12 -13 28 -15 17 -17 -18 -19 -20 -21 21 -23 -24 -25 -26 -27 -28 -29 -30 -31
leaf_value=-0.078356068480124275 -0.025124653372723772 -0.071442923917669682 0.012032516222550728 -0.069907894027561007 -0.064106912384341297 -0.046473676875146808 0.046884735624929091 0.059390086085703189 0.0014171352882101753 -0.032086760525443209 0.019209351870035238 0.0511789776465294 -0.019584606049521763 0.077428838410956491 0.059996028584909322 0.036133865578876843 0.0025410977288682964 0.030198108133924203 0.016787183025422616 0.068287633296952019 -0.073226893581608749 -0.0062042161180897873 -0.063726397072779509 -0.065616590630474356 0.011970332592888438 0.015378997281654037 0.0036332534587961915 0.04022065594458632 -0.048819809151645313 0.028141347406181218
leaf_weight=8943.141595646739 358.68184866756201 200.78635274386033 468.38669385015965 60.777039596810937 1013.1056306511164 65.602659416384995 631.58219010569155 928.22164497477934 197.67388631775975 485.59950825059786 449.59244287200272 439.9123928360641 148.43520583584905 5200.3769752448425 1521.6307405559346 210.26541376300156 84.947887971065938 377.82584151718765 136.39126418530941 2879.0197026822716 221.45826571201906 106.17625851649791 238.79208587575704 68.13889728859067 53.867126149125397 164.44267421402037 39.331065374892205 249.76102149300277 52.878331940621138 239.91391990613192
leaf_count=286220 6772 5475 5939 607 32332 790 3244 2334 1217 10260 3243 1928 2114 9692 4422 939 1055 2403 1618 5233 9689 2174 7540 1435 272 973 489 953 1192 1898
internal_value=-4.36403e-10 -0.0644313 0.0558231 0.0240753 -0.0727004 0.00890708 0.0682295 0.0435076 0.0444532 -0.0466403 -0.00962833 0.0264889 -0.0221105 0.0721931 0.0481603 0.00512701 -0.0494477 0.0540688 -0.0213696 0.0644371 -0.0774072 -0.0515069 -0.0405526 -0.0167376 -0.0314363 -0.0022597 -0.0615754 0.0230775 0.00286235 0.00989948
internal_weight=26236.7 12179.3 14057.4 3949.83 10945.2 1234.1 10107.6 1396.61 2461.54 1674.43 1488.29 948.362 1038.7 8710.98 2346.89 508.45 285.734 1899.46 621.991 3510.6 9270.78 327.635 597.474 298.184 114.644 230.045 1052.44 447.435 441.227 388.349
internal_count=414452 355377 59075 32633 342782 12595 26442 8273 9874 44699 22759 6065 19516 18169 8995 4137 6530 6825 11878 8477 298083 11863 14312 3198 879 1763 32821 2170 5204 4012
is_linear=0
shrinkage=0.05


Tree=4
num_leaves=31
num_cat=0
split_feature=17 19 19 2 19 20 17 20 2 2 17 19 6 19 19 20 6 19 17 6 2 20 6 17 19 2 12 19 12 17
split_gain=31151.9 4356.11 3262.2 1385.54 478.814 458.086 298.088 228.676 212.347 188.594 176.019 142.527 138.991 127.233 126.945 106.756 104.428 95.4875 86.5332 85.0233 84.5569 76.8143 75.4998 75.1473 79.9508 69.7415 67.1873 56.4633 54.9898 51.9644
threshold=0.90266350000000017 -0.0081499999999999993 -0.039449999999999992 0.77500000000000013 -0.0043499999999999988 0.055659000000000007 0.96879400000000004 0.15806150000000005 0.77500000000000013 0.77500000000000013 0.99048750000000008 -0.063749999999999987 1555.5000000000002 -0.06724999999999999 -1.0000000180025095e-35 0.059115000000000008 1573.5000000000002 -0.065249999999999989 0.82656300000000005 850.50000000000011 0.77500000000000013 0.30801250000000008 628.50000000000011 0.79600750000000009 -0.02845 0.77500000000000013 0.19195000000000004 -0.089749999999999983 0.19625000000000004 0.96182300000000009
decision_type=2 2 2 2 2 2 2 2 2 2 2 2 2 2 2 2 2 2 2 2 2 2 2 2 2 2 2 2 2 2
left_child=1 7 3 10 6 12 20 11 18 19 -2 -1 13 -5 28 -6 27 -7 -3 -8 -4 -16 -23 -9 -25 -17 -13 -12 -10 -14
right_child=2 8 4 5 15 17 9 23 14 -11 16 26 29 -15 21 25 -18 -19 -20 -21 -22 22 -24 24 -26 -27 -28 -29 -30 -31
leaf_value=-0.067330725981608816 -0.05940022505160672 -0.048421969575955709 -0.025008762910258171 -0.00022514438506616229 0.07366095202705765 -0.04569567860979059 -0.0016555557451036883 -0.075561998172138017 -0.03582236858458851 0.061419663364832823 -0.063695453713159947 -0.034576902265868341 -0.028263177826138859 0.042305154800354232 0.054116149593767399 0.029631979135778794 0.0235533803012941 0.0051233914016478909 0.018095053073593336 0.043342713856744021 0.023502999037069591 0.035857542151037723 -0.025256698565598652 -0.066139440955901421 -0.021823692331935818 0.062751728403974902 0.015797017563684412 -0.019351732464991597 0.035485903969505947 0.061566903116315158
leaf_weight=276.08419653982855 585.31674229493365 112.21316404547542 114.35348269436508 257.27753145247698 6222.4363350896165 177.75778745580465 178.28133798763156 8595.2891416993225 78.622580752708018 1881.1310710739344 99.016361034475267 192.90828817663714 16.495829259976745 555.6156021989882 588.11190091818571 181.60530238226056 112.97358818678185 192.57198433205485 86.649645820260048 255.30015167593956 418.76094124745578 248.12754377536476 63.461082185618579 737.03158705309033 118.08223424619064 1274.0715308459476 100.77197630843148 261.03701245132834 41.205265585333109 669.42902617435902
leaf_count=11286 18391 1981 1610 1591 12486 4117 765 301136 1624 3816 1724 5407 409 1562 1901 493 1113 2174 457 951 2760 1321 1034 23724 2280 2909 1396 2053 294 1687
internal_value=4.97909e-10 -0.0614463 0.0513302 0.00464368 0.0643147 0.0305272 0.0468045 -0.072301 0.0278243 0.0545678 -0.0410693 -0.0415386 0.042831 0.0288445 0.0370431 0.0708093 -0.0183869 -0.0192697 -0.0194388 0.0248402 0.0130972 0.043482 0.0234104 -0.0741557 -0.0600199 0.0586198 -0.0172918 -0.0315465 -0.0113016 0.0594066
internal_weight=24692 11238.6 13453.4 2927.49 10525.9 1869.15 2847.83 10020.2 1218.39 2314.71 1058.34 569.764 1498.82 812.893 1019.53 7678.11 473.027 370.33 198.863 433.581 533.114 899.701 311.589 9450.4 855.114 1455.68 293.68 360.053 119.828 685.925
internal_count=414452 353841 60611 34821 25790 11540 9902 345229 8612 5532 23281 18089 5249 3153 6174 15888 4890 6291 2438 1716 4370 4256 2355 327140 26004 3402 6803 3777 1918 2096
is_linear=0
shrinkage=0.05


Tree=5
num_leaves=31
num_cat=0
split_feature=17 19 19 2 19 20 20 2 20 12 17 2 17 19 0 17 0 6 2 2 17 19 17 6 6 6 0 17 6 21
split_gain=26861.4 3644.16 2613.06 732.316 706.279 420.265 327.357 224.555 198.331 138.235 166.666 127.856 126.286 119.778 114.654 89.4095 81.066 80.6277 74.4694 72.6781 67.3239 68.072 66.1828 64.9038 63.2925 61.7094 57.5195 56.5759 61.5949 51.3155
threshold=0.90266350000000017 -0.0081499999999999993 -0.055749999999999994 0.77500000000000013 -0.0081499999999999993 0.047809500000000012 0.055659000000000007 0.77500000000000013 0.15806150000000005 0.19625000000000004 0.72634700000000008 0.77500000000000013 0.99048750000000008 -0.02845 0.1183 0.99421400000000004 0.34500000000000003 886.50000000000011 0.77500000000000013 0.77500000000000013 0.79600750000000009 -0.02845 0.93717950000000017 742.50000000000011 706.50000000000011 472.50000000000006 1.0000000180025095e-35 0.86128100000000007 628.50000000000011 0.55579500000000015
decision_type=2 2 2 2 2 2 2 2 2 2 2 2 2 2 2 2 2 2 2 2 2 2 2 2 2 2 2 2 2 2
left_child=1 8 3 15 5 7 17 14 13 10 25 16 18 -1 -4 -2 -7 -5 -6 -11 -10 -22 -13 -9 -16 -3 -19 28 -12 -17
right_child=2 9 4 6 12 11 -8 23 20 19 27 22 -14 -15 24 29 -18 26 -20 -21 21 -23 -24 -25 -26 -27 -28 -29 -30 -31
leaf_value=-0.051022273959644919 -0.059215049243038421 -0.0027297203931758072 -0.02595631142731028 -0.00033629166400117279 0.031061494048631167 -0.052361444730421862 -0.03332138127830319 0.033659687353712268 -0.072230610474286291 -0.0054382653116224764 0.030919646378539657 -0.0067882301541894036 0.070688467256727547 0.0091070163152193913 -0.0091508987705452485 0.0035226291421592395 0.0078280995706142571 0.053582018078655369 0.05976329534603439 0.054452450624259199 -0.062925746335325244 -0.020978753266506642 0.030264338098014567 0.059947996220551338 0.042295695474976483 -0.061120292565336444 0.022703678905152055 0.044016809232627081 -0.014108105992266785 -0.040039568330242366
leaf_weight=445.94423525198363 452.92566935229115 95.993297720327973 110.9417611733079 132.33339222334325 258.65676310285926 117.70196829829365 223.43067248445004 270.04716978222132 8079.7725998115493 58.285815397277474 173.35036349669099 164.56795562058687 5485.1069354368374 101.71243996266276 74.823112083598971 108.72874567378312 106.6135295778513 418.58890580385923 1789.7440011482686 386.9289167476818 691.37380891945213 112.44861056469381 450.23500103410333 1798.5000992021523 297.41836694348603 85.596650239545852 235.75890115834773 228.48262158688158 135.17179248761386 178.73273433931172
leaf_count=16569 16249 1029 1016 732 713 2759 4997 710 301136 541 759 1767 12082 1520 318 1034 1217 1350 3946 1289 23724 2280 2610 3681 1238 2563 1573 986 1445 2619
internal_value=-1.73523e-11 -0.0587566 0.0491153 -0.00759868 0.0582031 0.0392532 0.0200888 0.0493474 -0.0690574 0.0247193 0.0111555 0.00855717 0.0667324 -0.0398549 0.0186579 -0.0453727 -0.0237543 0.0352582 0.056139 0.0466118 -0.0708577 -0.0570577 0.0203463 0.0565161 0.0319546 -0.0302535 0.0424567 0.025158 0.0111918 -0.0235627
internal_weight=23269.9 10595.1 12674.9 1750.5 10924.4 3390.85 1010.11 2551.73 9431.25 1163.81 718.595 839.118 7533.51 547.657 483.183 740.387 224.315 786.681 2048.4 445.215 8883.6 803.822 614.803 2068.55 372.241 181.59 654.348 537.005 308.522 287.461
internal_count=414452 353841 60611 28554 32057 15316 8652 6963 345229 8612 6782 8353 16741 18089 2572 19902 3976 3655 4659 1830 327140 26004 4377 4391 1556 3592 2923 3190 2204 3653
is_linear=0
shrinkage=0.05


Tree=6
num_leaves=31
num_cat=0
split_feature=17 19 19 19 17 17 7 19 6 17 19 12 7 10 18 17 7 12 17 19 21 19 10 6 10 18 21 17 12 4
split_gain=23308.6 3613.49 2036.3 731.041 347.802 304.522 194.901 186.732 186.061 129.273 120.418 106.004 91.3458 91.0523 84.977 84.5873 74.0326 71.3 118.719 67.413 58.7445 57.4042 53.8799 53.1797 53.1111 51.0902 48.9039 46.5639 44.4651 43.0675
threshold=0.91409150000000017 -0.0081499999999999993 -0.06674999999999999 -0.015949999999999995 0.99048750000000008 0.99048750000000008 0.41105000000000008 -0.043049999999999991 1087.5000000000002 0.99048750000000008 -1.0000000180025095e-35 0.22385000000000002 0.42685000000000006 0.56250000000000011 -0.46219999999999994 0.79600750000000009 0.46755000000000008 0.17935000000000004 0.7229175000000001 -0.093249999999999986 0.944554 -0.081749999999999975 0.58750000000000002 1240.5000000000002 0.5375000000000002 -0.8455999999999998 0.33420600000000006 0.81543950000000021 0.22695000000000001 2.1330500000000003
decision_type=2 2 2 2 2 2 2 2 2 2 2 2 2 2 2 2 2 2 2 2 2 2 2 2 2 2 2 2 2 2
left_child=1 7 5 4 12 21 14 27 19 16 28 15 -4 20 -6 -9 -5 18 26 -7 -10 -2 -20 -8 -17 -23 -12 -1 -3 -15
right_child=2 10 3 9 6 8 23 11 13 -11 17 -13 -14 29 -16 24 -18 -19 22 -21 -22 25 -24 -25 -26 -27 -28 -29 -30 -31
leaf_value=-0.069818168752933757 -0.056631253649767711 -0.034190579315603362 -0.012454789491650586 0.039032809692702689 0.031027999496178529 -0.068544200142002673 0.041366936325755124 -0.065528794643482824 0.010678620039931952 0.067123318372311641 0.0028864061137579759 -0.012231433846380143 0.020262095801166068 0.045958625986742156 -0.024240957860923569 -0.055313637041028318 0.059313869057360948 0.046640492519630102 0.014901795518855572 -0.0094382077170489659 -0.077505144225150202 0.028678344218372495 0.046965686452754896 0.058752035942572806 -0.012811302436316931 -0.035743963470256331 -0.060438622554992744 -0.057155572754048624 0.023795548048596168 -0.087951774911840239
leaf_weight=7208.9026441697497 334.26899233739823 106.65279711876065 322.66543395910412 689.65214601904154 160.03245562408119 71.491604811511934 746.28572909068316 529.76154030254111 69.632274595089257 5582.0948480442166 74.295722285285592 191.00601085880771 629.70919286180288 281.37541996827349 123.00108003336936 134.98981739813462 1294.7092839870602 434.3986808732152 261.70815823972225 148.33744632825255 25.913901314139366 39.463860704563558 262.36870336718857 1071.3598721958697 161.36612148070708 139.78738835966215 51.706968408077955 807.31823326833546 47.912851857952774 6.1352037908509365
leaf_count=285086 12403 2404 4865 2244 630 1260 2244 21659 657 13020 935 4757 5738 1269 729 4133 2837 1580 1512 1220 479 381 898 2191 3249 3694 1286 30588 389 115
internal_value=-2.7806e-10 -0.0549993 0.0481406 0.0548935 0.0342413 -0.0160946 0.0456043 -0.0659822 0.0080061 0.0632267 0.0250724 -0.0458007 0.00917758 0.0290483 0.00700914 -0.0535623 0.0522653 0.030957 0.0204769 -0.0286603 -0.0132385 -0.0443894 0.0309539 0.0516141 -0.0321711 -0.0215608 -0.0230999 -0.0685429 -0.0162158 0.0431011
internal_weight=22008.3 10272.4 11735.9 10619.5 3053.05 1116.41 2100.68 9033.34 602.886 7566.46 1239.04 1017.12 952.375 383.057 283.034 826.117 1984.36 1084.48 650.08 219.829 95.5462 513.52 524.077 1817.65 296.356 179.251 126.003 8016.22 154.566 287.511
internal_count=414452 358476 55976 34498 16397 21478 5794 349472 5000 18101 9004 33798 10603 2520 1359 29041 5081 6211 4631 2480 1136 16478 2410 4435 7382 4075 2221 315674 2793 1384
is_linear=0
shrinkage=0.05


Tree=7
num_leaves=31
num_cat=0
split_feature=20 19 19 2 20 19 20 19 0 2 7 2 19 20 0 10 20 20 19 6 20 0 4 2 0 10 20 21 2 20
split_gain=20100.3 2896.28 2151.27 978.52 363.178 328.533 158.045 145.096 125.571 121.863 109.738 109.288 97.4481 93.8165 76.0745 71.7765 68.5621 66.5579 58.131 57.1872 56.7844 53.8615 51.2727 51.1847 47.9412 45.5715 44.1246 38.7442 38.2527 36.4295
threshold=0.14334650000000002 -0.0081499999999999993 -0.040149999999999991 0.77500000000000013 0.03592950000000001 -0.0081499999999999993 0.071714500000000014 -0.033049999999999989 0.35770000000000007 0.77500000000000013 0.40435000000000004 0.77500000000000013 -0.076749999999999985 0.059115000000000008 0.59330000000000005 0.61250000000000016 0.27248900000000004 0.040202000000000009 -0.086249999999999979 652.50000000000011 0.36863650000000009 0.78250000000000008 1.8366500000000003 0.77500000000000013 0.12950000000000003 0.71250000000000002 0.25933650000000003 0.57699900000000015 0.77500000000000013 0.22749800000000003
decision_type=2 2 2 2 2 2 2 2 2 2 2 2 2 2 2 2 2 2 2 2 2 2 2 2 2 2 2 2 2 2
left_child=2 7 3 8 10 6 11 29 17 21 -5 24 -6 -7 19 18 28 27 -12 26 -16 -3 -17 -15 -4 -14 -11 -1 -9 -2
right_child=1 9 5 4 12 13 -8 16 -10 14 15 -13 25 23 20 22 -18 -19 -20 -21 -22 -23 -24 -25 -26 -27 -28 -29 -30 -31
leaf_value=-0.0083487396179688263 -0.054842316905486313 -0.03734963295773705 -0.016322226400106221 -0.019688244387641413 -0.047004136940763344 0.064687772969550222 0.009204313959719301 -0.055374612861489703 0.0069613441183746213 0.047051961976714268 -0.043467330677027217 0.051281616481725051 -0.004335960430707035 0.020447261155314575 0.049133564449908754 0.057898250656069877 -0.053853498301386554 -0.056117307274909739 0.033666752824950123 -0.019543836908197661 0.015883420900220942 0.015489799711370862 -0.0084037468613939337 0.052901878810053475 0.029676193871792801 0.042160220130062501 0.0027297382226050965 -0.041745132476029956 -0.0066661397685928549 -0.067274342468624806
leaf_weight=153.93584222253412 642.98493452882394 114.20360815292224 70.779696960002184 66.325675712898374 125.52780415071175 5416.4968419456854 355.68676970852539 53.023486426565796 145.64113767724484 107.33901043795049 26.408839245326817 1541.585481964983 277.56689607398584 137.61000452097505 414.856484670192 723.70960104838014 353.02742135850713 455.01878275256604 325.35080004669726 114.44805087894201 185.9641115446575 83.483465406112373 30.383197112008929 1036.8421955443919 283.65612678276375 65.048600006848574 117.75785495433956 199.26367350947112 168.08685222268105 7052.7110608690418
leaf_count=2589 26659 1620 666 378 4407 13124 4338 1670 2355 406 385 3949 4880 598 1654 1526 13467 18910 1272 1600 1804 753 216 2802 1335 385 992 3952 3339 292421
internal_value=3.61777e-10 -0.0541352 0.0445313 0.00449488 0.0279119 0.0562769 0.0397882 -0.0644267 -0.0357747 0.0206493 0.0427801 0.0455256 -0.00931634 0.06191 0.0281511 0.0465268 -0.0401792 -0.0434757 0.0278758 0.00923355 0.0388421 -0.0150355 0.0552269 0.0490992 0.0204905 0.00449175 0.0238651 -0.0271899 -0.0183467 -0.0662356
internal_weight=20844.7 9407.89 11436.8 2594.18 1640.32 8842.66 2251.71 8269.83 953.859 1138.05 1172.18 1896.02 468.143 6590.95 940.366 1105.85 574.138 808.218 351.76 339.545 600.821 197.687 754.093 1174.45 354.436 342.615 225.097 353.2 221.11 7695.7
internal_count=414452 346385 68067 41255 13449 26812 10288 337556 27806 8829 3777 5950 9672 16524 6456 3399 18476 25451 1657 2998 3458 2373 1742 3400 2001 5265 1398 6541 5009 319080
is_linear=0
shrinkage=0.05


Tree=8
num_leaves=31
num_cat=0
split_feature=17 19 19 2 19 17 20 2 20 20 17 7 19 2 17 2 19 7 2 6 17 10 10 17 16 17 19 3 17 7
split_gain=18114.5 2354.81 1685.83 623.632 446.931 266.658 241.177 134.289 129.234 127.152 115.756 83.1446 80.3918 78.6548 73.2986 71.8645 63.7265 63.0302 53.9881 51.4206 50.9036 49.7609 49.1005 44.6548 43.2223 42.6828 42.2234 38.6445 38.31 36.8488
threshold=0.90266350000000017 -0.011649999999999999 -0.052149999999999995 0.77500000000000013 -0.0081499999999999993 0.96879400000000004 0.031696000000000009 0.77500000000000013 0.17659750000000002 0.25039700000000004 0.96513150000000014 0.39485000000000003 -0.074249999999999997 0.77500000000000013 0.99421400000000004 0.77500000000000013 -1.0000000180025095e-35 0.44295000000000007 0.77500000000000013 742.50000000000011 0.9582210000000001 0.58750000000000002 0.5375000000000002 0.79600750000000009 -0.19864999999999997 0.99988500000000013 -0.033849999999999991 0.54505000000000015 0.85338750000000008 0.50565000000000015
decision_type=2 2 2 2 2 2 2 2 2 2 2 2 2 2 2 2 2 2 2 2 2 2 2 2 2 2 2 2 2 2
left_child=1 8 3 14 5 15 11 17 12 27 29 -5 -1 28 -2 -4 -15 -7 -14 -9 -8 -13 -17 -10 -16 -21 -25 -3 -11 -6
right_child=2 9 4 6 10 7 20 19 23 13 -12 21 18 16 24 22 -18 -19 -20 25 -22 -23 -24 26 -26 -27 -28 -29 -30 -31
leaf_value=-0.061718021885259336 -0.052121693936336082 0.018690758564977469 -0.025537500862821468 -0.039863563416793285 0.03566886354751498 0.0027783039083744921 -0.033002916626800244 0.029209538774109624 -0.065360389191028892 -0.058681488131538062 0.06236990670568502 0.018427871861309935 -0.047054894527282273 -0.035120236382690372 -0.059387103858928758 -0.0084831189196956473 0.016379246702685802 0.04137396526118868 -0.0069528669447481879 0.038477258295844634 0.0061861790011874312 0.050296684862553211 0.028092165926762343 -0.057046967104283697 -0.0085847851201377601 0.057272528764684916 -0.021331611970245377 0.044281662294303352 0.039454826598219618 0.055984057555100546
leaf_weight=244.24708302738145 417.12157711526379 282.61269672587514 147.29357383493334 31.932103335857391 586.96407799609005 263.77379060676321 159.89885447360575 280.11652070004493 6657.5152558755362 75.085379822645336 5306.8329415339977 160.79690161440521 147.09182363701984 73.637801660224795 52.05922026745975 141.27560430788435 326.01022657845169 176.60751512553543 195.44439094839618 406.32460864819586 171.99148194445297 514.14387604873627 261.79998035822064 482.96200445480645 213.86828949023038 1177.1722892960533 99.863996332511306 308.6180153018795 11.462921896949409 360.18791420385242
leaf_count=12307 16913 1947 3082 231 1890 1921 4453 981 298437 1997 14055 1022 5722 2036 1013 1700 2716 726 5271 1414 2241 1353 1905 19462 2795 2120 2456 1431 59 796
internal_value=1.4882e-10 -0.0528299 0.0434367 -0.00193514 0.0520136 0.0356193 0.0224659 0.0430885 -0.0623696 0.0164727 0.0594961 0.0389744 -0.0398013 -0.00246861 -0.0390437 0.00435083 0.00689013 0.0182564 -0.0241735 0.0489565 -0.0126944 0.0427043 0.0152727 -0.0641986 -0.0185301 0.0524497 -0.0509273 0.032049 -0.0456838 0.0433944
internal_weight=19734.7 8904.55 10830.2 1721.81 9108.35 2854.36 1038.76 2303.99 7827.12 1077.43 6253.98 706.873 586.783 486.196 683.049 550.369 399.648 440.381 342.536 1863.61 331.89 674.941 403.076 7240.34 265.928 1583.5 582.826 591.231 86.5483 947.152
internal_count=414452 353841 60611 30021 30590 13849 9300 7162 343655 10186 16741 2606 23300 6808 20721 6687 4752 2647 10993 4515 6694 2375 3605 320355 3808 3534 21918 3378 2056 2686
is_linear=0
shrinkage=0.05


Tree=9
num_leaves=31
num_cat=0
split_feature=17 19 19 17 7 19 17 20 20 19 19 19 20 19 16 18 17 17 7 19 19 3 10 16 10 18 7 17 20 0
split_gain=16059.1 2373.45 1357.86 573.047 294.828 195.915 169.732 164.708 111.667 94.0311 78.6405 77.5637 74.1774 72.3863 58.6847 58.4436 56.4661 53.6972 51.1531 44.7381 39.6342 39.0192 36.6727 35.755 31.6855 29.8471 28.967 28.589 29.0331 28.2786
threshold=0.91409150000000017 -0.0081499999999999993 -0.029449999999999994 0.99048750000000008 0.40435000000000004 -0.076749999999999985 0.9723035000000001 0.15806150000000005 0.30019750000000006 -1.0000000180025095e-35 -0.063749999999999987 -0.094749999999999987 0.077194000000000026 -0.0063499999999999989 -0.12834999999999996 -0.72899999999999987 0.78453650000000008 0.79600750000000009 0.41105000000000008 -0.055749999999999994 -0.069749999999999993 0.55835000000000012 0.58750000000000002 -0.0013499999999999999 0.63750000000000007 -0.8103999999999999 0.42895000000000005 0.69759350000000009 0.071714500000000014 0.78250000000000008
decision_type=2 2 2 2 2 2 2 2 2 2 2 2 2 2 2 2 2 2 2 2 2 2 2 2 2 2 2 2 2 2
left_child=1 7 3 5 14 -2 9 10 21 -4 -1 -6 24 18 -5 -13 23 -9 -8 26 -19 22 -3 -10 -7 -22 -17 -12 -29 -11
right_child=2 8 6 4 11 12 13 17 16 29 27 15 -14 -15 -16 19 -18 20 -20 -21 25 -23 -24 -25 -26 -27 -28 28 -30 -31
leaf_value=-0.053762805428769482 -0.046736146644172208 0.0036934898514130684 0.017112012660753791 -0.050935821094835 -0.010391591448067946 0.0013288101590220507 0.020485032934590804 -0.063497817005653975 -0.024382721323671527 0.040017820950243935 0.042783624760600041 0.053201030802791517 -0.019874816769916148 0.061001387392184171 -0.00080634513533558321 -0.014790726631284418 0.026952980883930347 -0.060334287206610077 0.051237325308828734 0.039910568686025508 0.033753937748390132 0.041661923589879656 0.035663053646470606 0.023637463621882893 0.029104861655750099 -0.039489562015030372 0.024853954076115577 0.013331358051423948 -0.028057637474524468 0.058954318909469776
leaf_weight=261.34924287023023 337.31015717494301 194.16153550986201 380.65569889149629 94.357404164038599 76.587726302444935 246.70512140821666 154.91274180170149 6304.7360788058722 219.12954127648845 531.52066107839346 19.267286716960371 608.00900611840189 292.2214112598449 4704.0236578183249 153.12595095206052 61.213226949796081 108.16467661876231 355.20560078741983 1064.020180106163 672.94545846013352 14.552718221209942 364.1594841433689 166.73636280745268 47.095142650417984 175.86557415314019 314.58267015730962 186.32477453444153 52.27856214903295 223.56404547672719 313.39383644424379
leaf_count=13154 13755 1574 2649 1282 1261 3916 638 301136 4136 1455 175 1480 6015 13332 1371 734 591 15810 2735 1999 288 1539 798 366 1458 11228 1114 975 6706 782
internal_value=-3.09669e-10 -0.049969 0.0429696 0.0141422 0.0308785 -0.0153275 0.054683 -0.0599695 0.0186645 0.0377457 -0.0337891 0.0387108 -0.000505713 0.0581876 -0.0199191 0.0411712 -0.0035108 -0.0620539 0.0473291 0.0332251 -0.0487514 0.0301149 0.0184636 -0.015888 0.0128887 -0.0362511 0.0150503 -0.0161005 -0.0202135 0.0470417
internal_weight=18698.2 8644.98 10053.2 2904.67 1852.56 1052.1 7148.53 7545.54 1099.45 1225.57 556.459 1605.08 714.792 5922.96 247.483 1528.49 374.389 6989.08 1218.93 920.483 684.341 725.057 360.898 266.225 422.571 329.135 247.538 295.11 275.843 844.914
internal_count=414452 358476 55976 34385 9241 25144 21591 349472 9004 4886 21010 6588 11389 16705 2653 5327 5093 328462 3373 3847 27326 3911 2372 4502 5374 11516 1848 7856 7681 2237
is_linear=0
shrinkage=0.05


Tree=10
num_leaves=31
num_cat=0
split_feature=17 19 19 2 19 17 17 17 2 6 2 6 19 17 19 0 18 10 0 2 17 0 10 19 2 16 6 0 17 16
split_gain=14262.2 1729.81 1264.03 495.113 478.338 281.364 231.73 160.807 120.984 104.357 89.1939 88.4225 84.4536 74.7059 62.484 57.3969 54.053 51.7952 46.3966 39.595 37.3909 36.7936 36.2289 42.4551 34.9847 34.8208 34.7 33.6506 32.8789 32.2669
threshold=0.87234800000000012 -0.055749999999999994 -0.0081499999999999993 0.77500000000000013 -0.015949999999999995 0.99048750000000008 0.97609950000000012 0.96513150000000014 0.77500000000000013 772.50000000000011 0.77500000000000013 1078.5000000000002 -0.02845 0.99421400000000004 -1.0000000180025095e-35 0.33800000000000008 -0.57699999999999985 0.6583500000000001 0.59750000000000003 0.77500000000000013 0.92953700000000017 0.11280000000000001 0.56250000000000011 -0.086249999999999979 0.77500000000000013 -0.29784999999999995 886.50000000000011 0.17920000000000005 0.74772450000000013 -0.25634999999999991
decision_type=2 2 2 2 2 2 2 2 2 2 2 2 2 2 2 2 2 2 2 2 2 2 2 2 2 2 2 2 2 2
left_child=2 3 12 13 5 8 17 14 15 16 -4 29 -1 -2 -6 -3 -7 -5 -12 21 -10 -11 23 -13 -16 -15 -27 -18 -14 -8
right_child=1 4 10 6 7 9 11 -9 20 19 18 22 28 25 24 -17 27 -19 -20 -21 -22 -23 -24 -25 -26 26 -28 -29 -30 -31
leaf_value=-0.061018504177437684 -0.052616655279646998 -0.046582599707355468 -0.02976485720181965 -0.037484902549620884 0.013280485066861199 0.040495571136212452 -0.07023684966400652 0.058003506053526048 -0.0041542731599319106 -0.019261143568526064 -0.0032800568132278899 -0.087811271643892339 -0.048895815986171119 -0.080591986117083028 0.01941277672046228 0.0016117818251205444 -0.031133945570482581 0.011632869136289593 0.025618184758299668 0.050900824053752229 0.024263707983722724 0.036535127113387272 0.04879006182372126 0.025174648232855291 0.04689177564634342 -0.039104797875236533 0.0029358523848275193 0.013765888640904878 -0.017274670533710745 0.0068584623585079968
leaf_weight=6338.7519503294025 468.29956998350099 134.29961886350065 127.15452159801498 194.38906818605028 217.85500796651468 112.92231096513569 14.950436095707117 5117.6768068238162 155.59304720023647 35.448920580558479 206.65869989991188 9.4853720404207689 190.72060315124691 20.307564091868699 135.076948617585 114.40497797913849 68.747653718106449 74.144484383519739 423.57762258173898 1045.718638651073 452.01616590190679 177.44000343326479 390.02773411618546 67.337565530091524 812.84613956790417 76.355093047954142 137.41992711182684 106.18084920011461 144.4812525359448 147.19115290604532
leaf_count=320568 21875 4193 2254 6826 1727 385 155 15276 2879 412 2600 221 9110 507 471 1828 421 1241 2834 2225 3116 679 1200 390 2393 1269 1877 498 3934 1088
internal_value=-2.63299e-10 0.0381303 -0.0527783 -0.00964577 0.0469302 0.0279559 0.0149601 0.0541859 0.00496265 0.0406879 0.00843514 0.0315603 -0.0597251 -0.0410879 0.0374267 -0.024413 0.0135283 -0.0239231 0.0161423 0.0468994 0.0169866 0.0272443 0.0426084 0.0112242 0.0429761 -0.0180237 -0.01208 -0.00387994 -0.0352662 -0.000250192
internal_weight=17717.5 10286.1 7431.34 1599.91 8686.23 2402.77 897.526 6283.45 856.314 1546.46 757.391 628.992 6673.95 702.382 1165.78 248.705 287.851 268.534 630.236 1258.61 607.609 212.889 466.851 76.8229 947.923 234.083 213.775 174.929 335.202 162.142
internal_count=414452 73152 341300 36649 36503 16636 11121 19867 12016 4620 7688 3054 333612 25528 4591 6021 1304 8067 5434 3316 5995 1091 1811 611 2864 3653 3146 919 13044 1243
is_linear=0
shrinkage=0.05


Tree=11
num_leaves=31
num_cat=0
split_feature=17 19 19 17 7 19 17 20 20 6 6 19 7 20 12 19 6 17 4 10 7 19 12 19 19 12 17 7 10 7
split_gain=12741.4 1705.63 1181.81 533.96 234.134 197.016 142.263 142.159 94.6684 86.9604 79.7502 68.2512 65.167 61.9205 58.9245 46.7916 46.0073 44.9359 44.8429 39.859 41.0983 39.5126 39.4141 38.6768 37.2885 36.7317 36.0205 32.0188 28.9237 28.1675
threshold=0.90636400000000006 -0.018549999999999994 -0.022249999999999995 0.99048750000000008 0.40485000000000004 -0.070749999999999993 0.9723035000000001 0.25039700000000004 0.13800300000000001 1060.5000000000002 610.50000000000011 -0.089749999999999983 0.46635000000000004 0.077194000000000026 0.19625000000000004 -0.063749999999999987 1609.5000000000002 0.67570050000000015 1.8366500000000003 0.58750000000000002 0.45565000000000005 -0.089749999999999983 0.17225000000000004 -0.0022499999999999998 -1.0000000180025095e-35 0.19195000000000004 0.72634700000000008 0.43335000000000007 0.68750000000000011 0.43205000000000005
decision_type=2 2 2 2 2 2 2 2 2 2 2 2 2 2 2 2 2 2 2 2 2 2 2 2 2 2 2 2 2 2
left_child=1 8 3 5 21 -2 12 14 15 11 17 -6 -4 29 16 -1 24 22 28 20 -11 -5 -9 27 -3 -17 -10 -8 -13 -7
right_child=2 7 6 4 9 13 23 10 26 19 -12 18 -14 -15 -16 25 -18 -19 -20 -21 -22 -23 -24 -25 -26 -27 -28 -29 -30 -31
leaf_value=-0.051192191124251732 -0.040019881952555167 -0.013104493168442944 0.021012135647688338 -0.050082214667978409 -0.071768888306554604 -0.004653600974486795 0.033199208401953062 -0.040015148801380115 -0.061316434942578671 0.013786857791795924 -0.038236483503413125 0.01730986991205917 0.045898868212663146 -0.013400393319162471 0.043481370341917423 -0.030138214305806807 -0.08165083787003416 0.021184566648167081 -0.037730949815056827 0.049569153115942864 0.046715754224860101 -0.0031492274472309707 0.01019480209603937 0.058382338541345925 0.024493638359267107 0.020362730578368397 -0.051339095644423231 0.052942707357934785 0.045124671801127461 0.022761862570584521
leaf_weight=144.90436414210126 403.33434967696667 87.175892191939056 428.73602849780582 57.355137386359274 19.983032679650933 131.52652679663152 284.33673541992903 81.310161924455315 5012.7371822469868 189.31211791653186 176.15568996593356 271.36622098274529 680.65333854779601 335.83285779831931 248.79995447723195 98.555562696419656 12.659806553740053 171.17952730786055 28.708570728078485 909.19059759844095 189.71454467065632 205.61092532612383 75.264002348762006 3887.5732420296408 270.77730731107295 56.734028885606676 1103.8013913703617 739.23177609406412 142.5658742422238 325.6925267810002
leaf_count=8294 16961 1868 2300 1252 528 2313 1068 2194 271940 1399 5418 1383 2138 6718 1055 3640 471 1328 232 2637 559 1601 750 12693 1360 958 56101 1864 504 2925
internal_value=-8.99792e-11 -0.0482205 0.0393886 0.014888 0.0306056 -0.0115685 0.0524525 0.00861628 -0.0581705 0.0372128 -0.0111043 0.0186181 0.0362811 0.00290145 0.0246595 -0.0307568 0.012024 0.00347831 0.0226987 0.0438905 0.0302688 -0.0133857 -0.0158796 0.0561055 0.015337 -0.011688 -0.0595159 0.0474582 0.0268898 0.0148754
internal_weight=16770.8 7540.05 9230.72 3210.19 2013.81 1196.39 6020.53 1123.32 6416.73 1750.84 503.909 462.624 1109.39 793.052 619.413 300.194 370.613 327.754 442.641 1288.22 379.027 262.966 156.574 4911.14 357.953 155.29 6116.54 1023.57 413.932 457.219
internal_count=414452 355377 59075 39012 10095 28917 20063 14444 340933 7242 9690 2647 4438 11956 4754 12892 3699 4272 2119 4595 1958 2853 2944 15625 3228 4598 328041 2932 1887 5238
is_linear=0
shrinkage=0.05


Tree=12
num_leaves=31
num_cat=0
split_feature=20 19 19 20 7 20 19 19 19 19 10 19 20 4 19 7 7 3 19 10 20 6 20 12 7 21 20 6 6 20
split_gain=11185.7 1538.65 1244.89 538.233 221.344 145.671 143.151 108.723 73.9684 67.9009 67.7784 60.1021 57.0474 55.9161 55.7227 44.3052 43.9448 48.2636 42.2515 41.9477 40.7596 40.03 45.4338 31.1689 29.8044 29.5376 30.7808 28.8529 28.8064 28.6147
threshold=0.14334650000000002 -0.018549999999999994 -0.029449999999999994 0.043717000000000013 0.42065000000000002 0.043717000000000013 -0.076749999999999985 -1.0000000180025095e-35 -1.0000000180025095e-35 -0.081249999999999975 0.6583500000000001 -0.0063499999999999989 0.33420600000000006 1.8744500000000002 -0.057549999999999997 0.41105000000000008 0.37925000000000003 0.45245000000000007 -0.06674999999999999 0.5375000000000002 0.27797350000000004 1030.5000000000002 0.25039700000000004 0.23615000000000003 0.51045000000000007 0.97568400000000011 0.027212000000000004 628.50000000000011 742.50000000000011 0.066756000000000024
decision_type=2 2 2 2 2 2 2 2 2 2 2 2 2 2 2 2 2 2 2 2 2 2 2 2 2 2 2 2 2 2
left_child=2 12 3 4 9 11 -5 20 -7 -1 18 15 14 -12 -2 -4 -11 -18 25 23 -3 22 -9 -8 -10 26 -6 -24 -20 -25
right_child=1 7 5 6 10 8 19 21 24 16 13 -13 -14 -15 -16 -17 17 -19 28 -21 -22 -23 27 29 -26 -27 -28 -29 -30 -31
leaf_value=-0.038463915344318256 -0.055661024196714717 -0.00066028761559489447 0.014183730026282147 -0.048686287888260092 0.021036570318266039 0.020550935889868546 -0.034412793741258225 0.034472070634600664 0.037054891616704777 -0.038135782147907638 0.049070896223579047 0.05736826834010797 -0.060190694570761073 -0.0081089853064812804 -0.033768481432248906 0.047264107357338589 0.022938612517484219 -0.037764066972750393 -0.016309102663152966 0.0040584478260598713 -0.038035834699514152 -0.013927058169514268 0.016013799552323023 0.036773681412284924 0.054065081244865067 -0.055716356208764785 -0.030840555930013065 -0.01854223799650857 0.033331635964712142 -0.022089654611705284
leaf_weight=120.75676413578913 869.55991436960176 149.84697748813778 114.3592120744288 319.43195970752276 133.75806675083004 491.42224153224379 176.87503818236291 328.67896988987923 630.88819172047079 48.03586336504668 658.27980882581323 3545.5684050768614 4575.3967856189702 45.725201389752328 436.58881509955972 880.76807073317468 220.68853251077235 38.449947971850634 30.909996118396521 346.61841761530377 142.13603517157026 93.336576927918941 295.5014025401324 35.393318301066756 435.12085142079741 19.043786641675979 36.367946010781452 75.92732816003263 536.06270159035921 49.550829221028835
leaf_count=3210 51305 2526 488 17180 1399 4183 6150 1505 2168 463 1951 12113 261721 456 19043 2466 1410 652 178 6559 5639 1190 2226 383 1226 337 1298 1230 2315 1482
internal_value=9.29487e-11 -0.0474654 0.0370976 0.0096007 0.0249249 0.0497949 -0.0215817 0.0072316 0.0365997 -0.00669828 0.0341928 0.0543207 -0.0575597 0.0453571 -0.0483433 0.0434625 0.00578947 0.0139318 0.0237983 -0.0073517 -0.0188545 0.0168311 0.0209318 -0.0224574 0.0439981 0.00333644 0.00994676 0.00894987 0.0306253 0.00243668
internal_weight=15881 6966.97 8914.08 2815.95 1888.08 6098.13 927.87 1085.43 1557.43 427.931 1460.15 4540.7 5881.55 704.005 1306.15 995.127 307.174 259.138 756.142 608.438 291.983 793.444 700.108 261.819 1066.01 189.17 170.126 371.429 566.973 84.9441
internal_count=414452 346385 68067 45423 13669 22644 31754 14316 7577 5735 7934 15067 332069 2407 70348 2954 2525 2062 5527 14574 8165 6151 4961 8015 3394 3034 2697 3456 2493 1865
is_linear=0
shrinkage=0.05


Tree=13
num_leaves=31
num_cat=0
split_feature=20 19 19 2 20 19 2 20 7 2 20 20 6 10 6 20 6 19 7 19 21 10 2 19 19 21 19 10 12 7
split_gain=9985.57 1612.94 997.412 593.492 165.121 137.458 105.414 81.674 80.7399 78.9531 76.5808 71.6976 63.1819 59.494 53.0038 50.5047 48.8181 43.3793 40.2022 39.0947 38.6481 33.7692 30.5533 29.4543 27.8332 27.008 26.6122 26.4126 35.7751 26.3407
threshold=0.12546300000000002 -0.018549999999999994 -0.033849999999999991 0.77500000000000013 0.027212000000000004 -0.0081499999999999993 0.77500000000000013 0.22749800000000003 0.44605000000000006 0.77500000000000013 0.4003425000000001 0.059115000000000008 1036.5000000000002 0.68750000000000011 796.50000000000011 0.027212000000000004 580.50000000000011 -0.049049999999999989 0.49125000000000008 -0.070749999999999993 0.99841250000000004 0.63750000000000007 0.77500000000000013 -0.080749999999999975 -0.043049999999999991 0.57167350000000006 -0.059349999999999993 0.5375000000000002 0.21295000000000003 0.46235000000000004
decision_type=2 2 2 2 2 2 2 2 2 2 2 2 2 2 2 2 2 2 2 2 2 2 2 2 2 2 2 2 2 2
left_child=2 7 3 8 12 9 -3 19 17 -4 14 -7 20 23 29 -11 25 -1 -16 -2 26 -21 -13 -6 -9 -12 -5 28 -17 -8
right_child=1 6 5 4 13 11 10 24 -10 15 16 22 -14 -15 18 27 -18 -19 -20 21 -22 -23 -24 -25 -26 -27 -28 -29 -30 -31
leaf_value=-0.039198272180573007 -0.052061333217495037 -0.023163398908832119 0.010404469510402463 0.00049483129339514449 -0.036440234212123432 0.055623207640895858 0.022070953188697218 -0.059115132406326765 0.0094007328088778555 0.047880984810079602 0.012078289234149508 0.012578474396715961 0.045952891687935045 0.033078731901079655 -0.015838577671303158 -0.016541983621071871 -0.053124445717425653 -0.0077099747749561319 0.023294093354755838 -0.036692095817259511 -0.024691225581261887 -0.00037435157535991594 0.04259735278777247 0.00055029818209975613 -0.045127194055952329 -0.040532136764810878 0.038420288675819314 0.034646610181266912 0.03846347858989986 0.045441009215738112
leaf_weight=520.27107924968004 336.17044466524385 214.93247836641967 268.8051591925323 67.805551886558533 65.101437967270613 3643.6599188796245 258.84699814021587 4561.6478165918961 138.6474699920509 768.11085396725684 135.79740883968771 97.071503680199385 797.68408370949328 132.75872242031619 122.62953395443037 70.947337837889791 51.474244259297848 138.49156009010039 141.20323938364163 280.44842196884565 44.856287129223347 82.934199488256127 668.52672270173207 310.42628241446801 385.69683672650717 29.735979551449418 145.53458124492317 257.64251189865172 50.673623381182551 225.70914754644036
leaf_count=20378 20652 4123 2201 483 2989 13124 2183 281253 2471 1945 1594 484 2318 1093 2276 999 2078 2278 984 12556 333 2082 2332 5225 21854 684 447 1528 296 1209
internal_value=-1.36566e-10 -0.0446524 0.0372361 0.00982617 0.027723 0.0483478 0.00850458 -0.0557635 -0.0252795 0.0347954 0.015555 0.0527006 0.0389943 0.00430861 0.0231382 0.0405097 -0.0105969 -0.0325785 0.00510522 -0.0397722 0.0174963 -0.0284034 0.0387912 -0.00586238 -0.0580246 0.00262749 0.0263665 0.0255809 0.00637616 0.0329569
internal_weight=15014.2 6827.23 8187.01 2361.58 1564.17 5825.44 1180.33 5646.9 797.41 1416.18 965.397 4409.26 1055.88 508.286 748.389 1147.37 217.008 658.763 263.833 699.553 258.196 363.383 765.598 375.528 4947.34 165.533 213.34 379.263 121.621 484.556
internal_count=414452 353528 60924 38015 12888 22909 15131 338397 25127 6969 11008 15940 3581 9307 6652 4768 4356 22656 3260 35290 1263 14638 2816 8214 303107 2278 930 2823 1295 3392
is_linear=0
shrinkage=0.05


Tree=14
num_leaves=31
num_cat=0
split_feature=17 19 19 2 20 7 20 17 12 17 17 2 7 2 21 12 19 18 10 20 6 2 19 19 10 19 2 6 10 17
split_gain=9230.12 1325.75 849.716 488.154 168.433 124.17 117.8 114.082 87.9045 106.723 63.1009 61.5419 60.2295 60.183 50.9778 48.1384 48.0966 44.8871 40.886 37.9894 34.6056 34.3933 34.2904 33.9464 33.3452 31.0675 31.3302 29.7699 28.972 26.7926
threshold=0.91409150000000017 -0.013149999999999998 -0.022249999999999995 0.77500000000000013 0.027212000000000004 0.44295000000000007 0.22749800000000003 0.98691650000000009 0.22105000000000002 0.77331250000000018 0.98340450000000013 0.77500000000000013 0.37995000000000007 0.77500000000000013 0.5807635000000001 0.24245000000000003 -0.078249999999999986 -0.099299999999999986 0.63750000000000007 0.11779800000000001 1294.5000000000002 0.77500000000000013 -0.089749999999999983 -0.072249999999999995 0.71250000000000002 -0.0063499999999999989 0.77500000000000013 706.50000000000011 0.58750000000000002 0.79600750000000009
decision_type=2 2 2 2 2 2 2 2 2 2 2 2 2 2 2 2 2 2 2 2 2 2 2 2 2 2 2 2 2 2
left_child=1 6 3 5 12 10 11 13 9 -3 -2 -1 -5 -4 -12 28 -6 -15 22 -10 -11 -21 -14 -17 -18 26 -9 -24 -13 -8
right_child=2 8 7 4 16 -7 29 25 19 20 14 15 18 17 -16 23 24 -19 -20 21 -22 -23 27 -25 -26 -27 -28 -29 -30 -31
leaf_value=-0.049018827237465867 -0.043307129100441183 -0.02887199217968997 0.010143687313929797 -0.037031904173065122 -0.027188509069902257 0.018497311130229191 -0.05815818301498589 0.017076141858276779 0.056215462874621702 0.017204816606283545 0.0079202031174019291 -0.043055117677081617 -0.037658118177867961 0.028771719918665169 -0.028872753380875051 -0.060218143038053257 0.0062926631106285024 0.048983859219419716 0.047647146273185892 -0.027862988063699308 -0.034005214204765516 0.027546303785202064 -0.0038943114519835714 0.025311441423332533 0.035950466175274517 0.055858351620533556 0.04830972100573034 0.036071294475835042 -0.0091884332485967744 -0.041820747160128444
leaf_weight=445.57899666996673 301.18380254041404 230.32716930285096 185.32987486198545 25.664920704439282 86.490464386530221 201.19919106783345 4347.6707955505699 94.154969215858728 100.20059820637107 408.36875679763034 167.9487389200367 183.11714180139825 18.28692830959335 459.28179962583818 214.23178109549917 13.83887530537322 422.22901916527189 683.43353123404086 773.17195983976126 33.227383648976684 35.888806437142193 178.21676017483696 51.848560156300664 71.745024694129825 122.20627866126597 2975.7267803177238 545.22350209299475 459.90633318247274 96.39147229748778 266.32209672918543
leaf_count=27633 14133 5784 965 184 3173 2714 290630 420 296 2955 2211 9889 299 2091 3864 883 5158 2415 2020 569 665 1124 287 1279 687 12223 1538 1594 3327 13442
internal_value=1.71228e-10 -0.0444318 0.0365775 0.0148046 0.0287205 -0.0160272 -0.0541267 0.0491059 0.0088942 -0.00125188 -0.026192 -0.0365487 0.0388206 0.0365737 -0.0127041 -0.0213294 0.00744742 0.0408602 0.0403144 0.0308564 0.0130679 0.018839 0.0296181 0.0114813 0.0129498 0.0537098 0.0437103 0.0320222 -0.0313758 -0.0572152
internal_weight=14198.4 6410.89 7787.52 2844.37 1959.8 884.564 5424.66 4943.15 986.229 674.585 683.364 810.672 1328.88 1328.05 382.181 365.093 630.926 1142.72 1303.21 311.645 444.258 211.444 530.042 85.5839 544.435 3615.11 639.378 511.755 279.509 4613.99
internal_count=414452 358476 55976 36324 13402 22922 347083 19652 11393 9404 20208 43011 4384 5471 6075 15378 9018 4506 4200 1989 3620 1693 2180 2162 5845 14181 1958 1881 13216 304072
is_linear=0
shrinkage=0.05


Tree=15
num_leaves=31
num_cat=0
split_feature=17 19 19 2 17 17 19 12 19 17 17 10 20 6 16 0 10 2 10 2 4 12 0 20 7 2 2 17 10 0
split_gain=8264.56 1080.62 757.179 513.091 222.814 208.309 104.93 102.561 101.266 84.9381 67.6586 60.6288 58.7298 53.8783 49.9108 45.9565 40.4179 40.4079 34.7249 32.9655 32.8013 30.9669 38.933 29.4426 29.2733 24.8446 24.1719 23.758 22.2181 43.9223
threshold=0.87234800000000012 -0.038749999999999993 -0.018549999999999994 0.77500000000000013 0.9723035000000001 0.96182300000000009 -1.0000000180025095e-35 0.17745000000000002 -0.0063499999999999989 0.99048750000000008 0.72634700000000008 0.6583500000000001 0.17659750000000002 802.50000000000011 -0.21244999999999997 0.15750000000000003 0.46250000000000008 0.77500000000000013 0.71250000000000002 0.77500000000000013 1.8847500000000001 0.17405000000000001 0.21420000000000003 0.30019750000000006 0.51045000000000007 0.77500000000000013 0.77500000000000013 0.99421400000000004 0.63750000000000007 0.17920000000000005
decision_type=2 2 2 2 2 2 2 2 2 2 2 2 2 2 2 2 2 2 2 2 2 2 2 2 2 2 2 2 2 2
left_child=2 3 12 9 6 18 19 10 13 -2 -4 14 21 25 -7 -11 -12 -9 -5 -3 -13 -1 -23 -19 26 -6 -8 -15 29 -21
right_child=1 4 7 5 8 11 24 17 -10 15 16 20 -14 27 -16 -17 -18 23 -20 28 -22 22 -24 -25 -26 -27 -28 -29 -30 -31
leaf_value=-0.045550331576374337 -0.043916994029678108 -0.014437418392338109 -0.041496850664044994 -0.0253016740418497 -0.0025225628969927014 -0.031062286398918573 0.007137246815925629 -0.020294545459281416 0.05405799862054475 -0.027811115090902679 -0.045884569354967687 0.044717142444583705 -0.056457007071263471 0.028179885179962345 0.023107204786710456 0.01016236838102653 0.0067826707299117736 0.042265202554917038 0.024729042680187011 -0.015483890453788255 -0.010610424377935654 -0.040285729488791056 0.021262188595346128 0.0068755700038516249 0.049498465048605014 0.028527715977731023 0.034988606209120386 0.046895178247466855 0.030307366767063793 0.025149828083613532
leaf_weight=175.77744694240391 461.947374364594 117.54994419356808 165.91814916580915 237.37649131426588 92.049624418839812 46.707176367752254 94.212019968777895 48.575192495249212 3085.2389627159573 174.10329671436921 42.984655211213976 532.94681715779006 4400.9427081157919 213.33594437548891 474.69184989971109 146.90429390314966 238.80720229865983 162.54267836594954 40.616599156521261 121.83357337024063 28.206244484521449 54.049061282537878 48.976507872808725 92.05621773423627 305.92109870770946 214.65211949497461 450.047198779881 826.6310997013934 158.51006422843784 146.44253283878788
leaf_count=11045 25107 2434 6145 8408 627 515 436 928 13332 3383 1043 1746 313145 967 3253 1544 2804 819 592 1926 314 3008 1221 1142 962 940 1847 2340 1092 1387
internal_value=2.682e-10 0.0324128 -0.0475686 0.00205854 0.0435799 0.020616 0.0261489 -0.000959716 0.0490646 -0.0301888 -0.016166 0.0305302 -0.0550472 0.0376248 0.0182547 -0.0104331 -0.00125121 0.021496 -0.0179919 0.00900813 0.0419361 -0.032793 -0.011027 0.0294692 0.0371234 0.0192087 0.0301675 0.043056 0.0154658 0.00669663
internal_weight=13400.6 7969.92 5430.63 2143.5 5826.42 1360.55 1394.52 750.884 4431.91 782.955 447.71 1082.55 4679.75 1346.67 521.399 321.008 281.792 303.174 277.993 544.336 561.153 278.803 103.026 254.599 850.18 306.702 544.259 1039.97 426.786 268.276
internal_count=414452 73152 341300 44862 28290 14828 10084 12881 18206 30034 9992 5828 328419 4874 3768 4927 3847 2889 9000 6839 2060 15274 4229 1961 3245 1567 2283 3307 4405 3313
is_linear=0
shrinkage=0.05


Tree=16
num_leaves=31
num_cat=0
split_feature=20 19 19 2 20 19 20 19 6 19 19 2 2 2 20 18 20 6 7 10 20 20 10 7 6 19 6 7 6 10
split_gain=7220.23 1066.8 882.188 445.782 177.765 123.971 114.53 67.4258 57.3385 53.5331 51.2985 49.5805 35.9304 34.514 32.5161 32.4772 28.4898 27.9378 27.899 27.4936 27.3068 26.7883 26.5287 26.2118 26.0614 25.924 25.4817 25.4045 24.9279 24.3163
threshold=0.14334650000000002 -0.018549999999999994 -0.022249999999999995 0.77500000000000013 0.031696000000000009 -0.049049999999999989 0.055659000000000007 -1.0000000180025095e-35 748.50000000000011 -0.044449999999999996 -0.076749999999999985 0.77500000000000013 0.77500000000000013 0.77500000000000013 0.25039700000000004 -0.018749999999999999 0.35429850000000007 664.50000000000011 0.44245000000000007 0.6583500000000001 0.37523250000000002 0.059115000000000008 0.58750000000000002 0.44135000000000008 1810.5000000000002 -0.089749999999999983 958.50000000000011 0.43535000000000007 316.50000000000006 0.63750000000000007
decision_type=2 2 2 2 2 2 2 2 2 2 2 2 2 2 2 2 2 2 2 2 2 2 2 2 2 2 2 2 2 2
left_child=2 9 3 5 8 21 12 14 28 -2 -6 -8 27 -9 -3 24 26 -18 -7 25 29 23 -12 -1 -13 -10 -15 -4 -5 -11
right_child=1 7 6 4 10 18 11 13 19 20 22 15 -14 16 -16 -17 17 -19 -20 -21 -22 -23 -24 -25 -26 -27 -28 -29 -30 -31
leaf_value=-0.029115827219527164 -0.055756840719554335 0.0015832497959330687 0.011373011083574334 -0.05271116796330011 -0.030859730343756931 -0.0048458603467883936 0.002555519213443973 -0.011547455596688015 -0.025595273401084636 -0.035225685041100178 -0.0021369753215120242 0.029009654775085852 0.052643696759878539 0.032678788826374275 -0.034132966414825938 0.045590112047075151 0.011239119978635423 -0.039992496492332767 0.024721757428891857 0.046389685159071527 -0.051198353888085149 -0.043897575649373466 0.020305279576850688 0.0068940427912145205 -0.023167993844912402 0.032966437318440393 -0.00028483693637234453 0.042966467030709533 0.013034784423754987 0.0015593364827991511
leaf_weight=266.31932231853716 4009.7850570629817 122.76841410808265 79.136013493873179 16.206509705632925 96.406146006658673 211.9127797561232 130.1394514888525 116.51033752504736 19.601451773196459 194.99513893248513 269.98437293618917 383.44944035168737 3058.1463894180488 302.06590138282627 132.50134577788413 416.42925473954529 151.94240747438744 32.260709821246564 127.95088772918098 596.77184719452634 207.96838744077832 254.2088956576772 257.0572626371868 62.370268997736275 25.524398623034358 526.56415671762079 72.746157732792199 324.71812462387607 130.60145912040025 58.375165480189025
leaf_count=8614 303650 2168 524 127 4547 3571 1070 1598 355 10975 5378 2277 13103 1720 5997 1712 1405 795 1239 1544 15694 15924 2561 1172 231 1976 633 1384 758 1750
internal_value=-1.52896e-10 -0.043763 0.0325917 0.0108288 0.0245961 -0.0177153 0.046563 0.00493583 0.0351925 -0.0539011 0.00267481 0.0312388 0.0507926 0.0132083 -0.0169558 0.0357612 0.0183679 0.00226659 0.00628567 0.0389709 -0.0377715 -0.0317093 0.00880892 -0.0222828 0.0257532 0.0308647 0.026281 0.0367757 0.00577692 -0.0267506
internal_weight=12655.4 5401.92 7253.5 2835.96 1913.19 922.762 4417.54 930.795 1289.75 4471.12 623.448 955.543 3462 675.526 255.27 825.403 559.015 184.203 339.864 1142.94 461.339 582.898 527.042 328.69 408.974 546.166 374.812 403.854 146.808 253.37
internal_count=414452 346385 68067 47766 17246 30520 20301 14316 4760 332069 12486 5290 15011 6151 8165 4220 4553 2200 4810 3875 28419 25710 7939 9786 2508 2331 2353 1908 885 12725
is_linear=0
shrinkage=0.05


Tree=17
num_leaves=31
num_cat=0
split_feature=17 19 19 2 17 19 19 17 12 2 17 17 17 2 10 16 2 0 10 7 10 12 10 0 19 0 3 10 16 17
split_gain=6690.6 880.021 641.737 287.725 279.967 140.856 128.663 116.201 80.8552 74.4392 55.8473 47.4655 45.6117 43.8911 39.6953 37.34 36.7858 36.6326 33.6876 33.5575 32.6654 36.9383 31.0575 24.7072 24.6518 23.0361 21.2995 20.5636 20.1777 19.2021
threshold=0.87234800000000012 -0.052149999999999995 -0.018549999999999994 0.77500000000000013 0.96879400000000004 -0.0063499999999999989 -0.0022499999999999998 0.96182300000000009 0.17055000000000003 0.77500000000000013 0.72634700000000008 0.9798285000000001 0.74049550000000008 0.77500000000000013 0.61250000000000016 -0.14264999999999997 0.77500000000000013 0.1183 0.46250000000000008 0.51045000000000007 0.63750000000000007 0.24245000000000003 0.46250000000000008 0.34500000000000003 -0.084249999999999978 0.24500000000000002 0.68795000000000006 0.73750000000000016 -0.19864999999999997 0.99421400000000004
decision_type=2 2 2 2 2 2 2 2 2 2 2 2 2 2 2 2 2 2 2 2 2 2 2 2 2 2 2 2 2 2
left_child=2 3 12 11 6 9 13 27 10 17 -4 -2 -1 23 15 -9 -10 -6 -12 -8 21 22 -15 -3 -14 -24 -16 -5 -13 -11
right_child=1 4 8 7 5 -7 19 14 16 29 18 28 24 20 26 -17 -18 -19 -20 -21 -22 -23 25 -25 -26 -27 -28 -29 -30 -31
leaf_value=-0.055949269533938251 -0.046090200276941294 -0.042094231334987693 -0.040371895551094217 -0.027821292125103425 -0.016933814852922162 0.052194569175409711 0.025395010424575766 -0.030430034759599912 -0.021917377449692042 0.027616571295475009 -0.045533853946488269 -0.04691527909373408 -0.053611637177855644 -0.045903162389980566 0.034060144974942655 0.017793259499598129 0.026400106049741714 0.02199507675906787 0.0053762857666991744 0.04771259494888852 0.027546684795616717 0.034238131951802142 -0.016709522885880703 -0.0022317441113983796 -0.034488852697725482 0.019849483986581432 -0.032783743993087852 0.026150727265942732 -0.01039808323789472 0.042239868904984552
leaf_weight=3362.6577513108496 306.62677800515667 73.10040843882598 149.16907055000775 161.21885349135846 77.154385152505711 2716.1490810937248 500.0847978265956 53.267853329423815 47.037164350505918 282.8968448555097 38.025703079532832 46.103652625344694 277.08149024727754 47.172745927702636 419.2539450279437 162.90884229866788 242.37315669935197 278.81387742143124 223.36421512346715 253.98064361047 165.24200503574684 60.266568176448345 95.187529978808016 83.01688760984689 430.20085568109062 78.724741817917675 12.266189652960746 19.817672234028578 210.74799440032803 1087.3480706308037
leaf_count=278217 20559 3105 6054 7163 1025 13567 2338 687 967 1449 1023 1295 22760 1268 1909 1604 2074 1671 2763 906 1316 502 1767 1569 27442 906 224 321 4719 3282
internal_value=-7.10682e-12 0.0304554 -0.045916 -0.00524234 0.0390254 0.0450968 0.0191464 0.0135006 -0.00169304 0.0339287 -0.0159607 -0.0328084 -0.0535217 0.00192403 0.023399 0.00591061 0.0185472 0.0135574 -0.00202987 0.0329119 0.00990165 -0.000461544 -0.00992049 -0.020897 -0.0419803 -0.000160384 0.0321601 -0.0219131 -0.0169527 0.0392208
internal_weight=11961.3 7191.35 4769.91 1392.21 5799.14 4442.36 1356.78 828.733 699.969 1726.21 410.559 563.478 4069.94 602.711 647.697 216.177 289.41 355.968 261.39 754.065 446.594 281.352 221.085 156.117 707.282 173.912 431.52 181.037 256.852 1370.24
internal_count=414452 73152 341300 38481 34671 20994 13677 11908 12881 7427 9840 26573 328419 10433 4424 2291 3041 2696 3786 3244 5759 4443 3941 4674 50202 2673 2133 7484 6014 4731
is_linear=0
shrinkage=0.05


Tree=18
num_leaves=31
num_cat=0
split_feature=17 19 19 2 20 0 19 17 17 20 20 20 21 19 2 12 17 16 18 19 21 19 19 2 17 0 20 7 17 7
split_gain=6002.16 879.412 663.255 346.361 134.185 109.135 104.203 103.61 51.4186 51.1514 47.5424 43.6259 42.4651 38.2631 38.2239 34.9317 33.7018 32.6756 31.3735 28.4655 26.3148 24.9788 22.8268 22.0348 21.5323 20.4557 20.4524 19.1693 18.532 18.3879
threshold=0.90636400000000006 -0.02845 -0.015949999999999995 0.77500000000000013 0.027212000000000004 0.26200000000000007 -1.0000000180025095e-35 0.98691650000000009 0.98340450000000013 0.21447300000000002 0.25039700000000004 0.20037150000000004 0.98561050000000006 -0.063749999999999987 0.77500000000000013 0.17405000000000001 0.79600750000000009 -0.40724999999999995 -0.099299999999999986 -0.068249999999999991 0.5807635000000001 -0.076749999999999985 -0.06674999999999999 0.77500000000000013 0.83804350000000005 0.84150000000000003 0.055659000000000007 0.52205000000000013 0.92576850000000011 0.43385000000000007
decision_type=2 2 2 2 2 2 2 2 2 2 2 2 2 2 2 2 2 2 2 2 2 2 2 2 2 2 2 2 2 2
left_child=1 9 3 5 12 8 10 14 -2 21 15 27 22 26 25 -3 -12 -14 -16 -7 -10 -1 -5 24 -13 -4 -6 -8 -21 -9
right_child=2 6 7 4 13 19 11 29 20 -11 16 23 17 -15 18 -17 -18 -19 -20 28 -22 -23 -24 -25 -26 -27 -28 -29 -30 -31
leaf_value=-0.050408265065198181 -0.047042142097071041 -0.019860964059000816 -0.0050827289961780375 0.023110763065401496 0.0066254832416774451 -0.020195898977690474 0.019027764290158372 0.040225984770835874 0.0040292015033045053 -0.054995762417492322 -0.048810051521688068 -0.045316647703176387 -0.092704672161373167 0.013788164651686793 0.024886878036722786 0.024062401147651787 0.0039041281760861636 0.014943304149850524 0.04394903009509038 -0.036707958108964774 -0.027791789256837902 -0.027352163757510164 0.041205399247024939 0.0058497426653558986 0.021860193213190771 0.032193513695381849 -0.028879800044271889 0.04927775204939986 0.01777296478487193 0.05307861565491323
leaf_weight=209.78761096647941 215.46489566005766 122.25449271895923 92.074689145199955 214.75544758280739 70.518535156734288 73.805928875459358 207.61146554071456 318.29775193799287 113.64568179822527 3369.2338551718276 156.45007194287609 44.295423720264807 7.4087516274303189 518.16714170435444 346.02075366303325 71.879598337225616 37.609490195754915 145.33393458416685 573.79825575416908 16.566325326217338 151.68933167681098 266.96418367454316 925.13068788126111 297.30089700920507 16.324906708672643 61.310370245017111 95.473271712078713 70.039511103183031 270.08916046260856 2213.6680669416673
leaf_count=18570 13712 3946 563 1165 1253 3034 1284 2564 1830 298460 10911 1173 112 5319 1671 1030 1066 674 2539 583 3386 15402 2898 3159 110 238 4011 266 2648 10875
internal_value=-1.16751e-10 -0.0418642 0.0317393 0.0135664 0.0250017 -0.013304 -0.000681356 0.0459444 -0.0288971 -0.0528267 -0.0210926 0.0117854 0.034479 0.00709564 0.0329248 -0.00359801 -0.0385938 0.00972186 0.0367782 0.00749482 -0.0141625 -0.0374977 0.0377964 0.000247762 -0.0272261 0.00981716 -0.013796 0.0266585 0.0146244 0.0514629
internal_weight=11293 4869.75 6423.22 2818.05 1976.79 841.261 1023.77 3605.17 480.8 3845.99 388.194 635.572 1292.63 684.159 1073.2 194.134 194.06 152.743 919.819 360.461 265.335 476.752 1139.89 357.921 60.6203 153.385 165.992 277.651 286.655 2531.97
internal_count=414452 355377 59075 40625 15432 25193 22945 18450 18928 332432 16953 5992 4849 10583 5011 4976 11977 786 4210 6265 5216 33972 4063 4442 1283 801 5264 1550 3231 13439
is_linear=0
shrinkage=0.05


Tree=19
num_leaves=31
num_cat=0
split_feature=17 19 19 2 20 17 17 12 6 17 0 0 20 21 6 19 20 6 0 2 2 2 13 6 21 19 20 6 9 17
split_gain=5391.27 729.994 568.694 368.373 165.306 129.47 106.458 91.4603 56.5657 54.5716 53.8592 46.2218 41.3266 41.0602 39.3834 39.2489 35.7953 34.4315 31.7413 29.7811 28.5034 28.1207 23.7986 22.7957 22.7286 21.9073 21.6746 23.089 21.1852 19.7648
threshold=0.87234800000000012 -0.015949999999999995 -0.02845 0.77500000000000013 0.027212000000000004 0.96513150000000014 0.99048750000000008 0.17745000000000002 1069.5000000000002 0.72634700000000008 0.33800000000000008 0.12950000000000003 0.11779800000000001 0.8501335000000001 760.50000000000011 -0.081749999999999975 0.17411250000000003 832.50000000000011 0.84150000000000003 0.77500000000000013 0.77500000000000013 0.77500000000000013 1.0000000180025095e-35 1663.5000000000002 0.98561050000000006 -0.071749999999999994 0.088748500000000022 1267.5000000000002 0.21500000000000005 0.92576850000000011
decision_type=2 2 2 2 2 2 2 2 2 2 2 2 2 2 2 2 2 2 2 2 2 2 2 2 2 2 2 2 2 2
left_child=2 3 16 6 8 18 10 9 13 -4 -2 -8 -9 -5 -11 -6 -1 -13 19 -3 -7 -14 25 -24 -19 -10 -17 -28 -23 -12
right_child=1 5 7 4 15 20 11 12 22 14 29 17 21 -15 -16 26 -18 24 -20 -21 -22 28 23 -25 -26 -27 27 -29 -30 -31
leaf_value=-0.032321284494759947 -0.04330063855642749 -0.011139385672276502 -0.040528087982262789 0.027257177472562566 -0.027802667966953628 0.035006575992173619 -0.019343888459678826 0.05183253376092032 -0.013051008252758144 0.0094176466781321841 -0.035875872002299108 -0.015880564927531357 -0.029572794681766046 -0.010068963910296311 -0.027920202913042876 0.014905325788971047 -0.054355599475024122 0.030584814764221979 0.042665829400152566 0.024047536031116132 0.050722636566552792 0.021990769983071354 0.034735015506071484 0.05255865636098276 -0.021972426294528308 0.032164437095635982 0.0045822683849494868 -0.030832439575341226 -0.022942854408345658 0.0059914662734949272
leaf_weight=195.55452620238066 339.21506193169625 68.089950839057565 184.87915669218637 257.58404352329671 87.336910062120296 327.21159561164677 165.7328667906113 63.380831210874021 33.621669249143451 173.04249234357849 39.700101599795744 70.957852141465992 44.243346794974059 103.19470023456961 119.32454835204408 416.15946988365613 3207.6952061405173 179.94202625146136 208.5675773313269 514.62609728053212 2438.7056423344184 160.50511322310194 344.77510042861104 373.97470775153488 23.225809781812131 131.82072435040027 203.24847953021526 59.495207932312042 31.356633061077446 97.222016659332439
leaf_count=13771 22941 633 10186 1228 4544 1779 3215 292 288 2437 2204 947 1449 685 3662 4404 306797 1349 970 2988 13497 1949 1236 885 352 537 4098 2062 757 2310
internal_value=-1.34658e-11 0.028543 -0.0442788 0.0100494 0.0220197 0.0437613 -0.0162333 -0.00567467 0.0332654 -0.0192662 -0.0326167 0.00150139 0.0159841 0.0165807 -0.00582115 0.00374785 -0.0530895 0.0141042 0.0259271 0.019936 0.0488634 0.00636082 0.0400733 0.0440089 0.0245766 0.0229756 0.00780664 -0.00343697 0.0146471 -0.00614783
internal_weight=10664.4 6484.41 4179.98 2927.21 2011.21 3557.2 915.996 776.732 1244.97 477.246 476.137 439.859 299.486 360.779 292.367 766.24 3403.25 274.126 791.284 582.716 2765.92 236.105 884.192 718.75 203.168 165.442 678.903 262.744 191.862 136.922
internal_count=414452 73152 341300 53285 19967 19867 33318 20732 4859 16285 27455 5863 4447 1913 6099 15108 320568 2648 4591 3621 15276 4155 2946 2121 1701 825 10564 6160 2706 4514
is_linear=0
shrinkage=0.05


Tree=20
num_leaves=31
num_cat=0
split_feature=17 19 19 17 17 6 19 19 19 17 12 18 6 19 17 12 6 21 17 19 17 3 16 18 21 17 19 6 17 6
split_gain=4839.55 667.9 537.698 249.587 187.309 104.973 81.8943 75.7119 70.8808 62.843 54.8946 52.5791 47.9223 46.5058 40.025 35.7958 35.2152 27.9308 26.7076 26.1248 22.0256 21.895 21.1519 20.0331 18.9855 18.6914 18.1288 17.9611 17.3067 24.3865
threshold=0.87234800000000012 -0.040149999999999991 -0.018549999999999994 0.96182300000000009 0.98691650000000009 1555.5000000000002 -0.0022499999999999998 -0.0081499999999999993 -0.089749999999999983 0.99421400000000004 0.22105000000000002 -0.72899999999999987 850.50000000000011 -0.066249999999999989 0.61459350000000013 0.22385000000000002 628.50000000000011 0.65806150000000019 0.92953700000000017 -0.072749999999999995 0.78855600000000015 0.73775000000000013 -0.29784999999999995 -0.8103999999999999 0.47089600000000004 0.80006550000000021 -0.068749999999999992 742.50000000000011 0.94079950000000012 1909.5000000000002
decision_type=2 2 2 2 2 2 2 2 2 2 2 2 2 2 2 2 2 2 2 2 2 2 2 2 2 2 2 2 2 2
left_child=2 3 13 19 6 8 18 12 -5 -7 14 -10 24 -1 -4 20 -16 -13 -3 -2 -15 28 -11 -22 -6 -18 -19 -25 29 -8
right_child=1 4 10 5 7 9 21 -9 11 22 -12 17 -14 15 16 -17 25 26 -20 -21 23 -23 -24 27 -26 -27 -28 -29 -30 -31
leaf_value=-0.054931672413779532 -0.041781736233806772 -0.0061792766892298685 -0.042404877567650517 -0.037104286904674634 0.031574285417287976 0.0015401211320466533 0.023471872273084175 0.051150495688505548 0.026479007620381936 -0.031533303466122438 0.019695952120300179 0.0091904640377183777 0.040354581533992573 -0.051583716949128638 0.011753025722405006 -0.019679863642799826 -0.038683323949195998 -0.046339991010424172 0.016544059638707691 -0.018280748610039192 0.039860483399544615 0.053177068499151242 0.042251090883651622 -0.010548947681781398 0.0027227663225312337 -0.0049157267810806191 -0.0093202194232166382 -0.047738092443743101 0.03607985404253216 -0.060913315726651707
leaf_weight=2496.8833069668617 229.16502747824416 185.23895778576843 84.452664590673521 106.34238239540718 95.899153404869139 142.86824449547566 307.67313359398395 1926.4687535448465 223.50998686766252 9.9702766414266062 209.27991869114339 202.69196342257783 721.18123559094965 478.40978365484625 174.05881513282657 157.56477796286345 76.063680491410196 42.142467056866735 428.27666896022856 244.34378536371514 9.6908884914591891 119.58411916717887 376.61666631232947 50.514487944892608 140.64250168902799 88.852015634067357 153.62733658310026 90.873479001922533 497.46555042592809 8.806706437841056
leaf_count=257612 18181 4014 4170 4273 585 3341 1644 12443 1440 196 2174 2769 2551 50069 2086 10837 2940 955 4045 9807 277 541 1606 2689 847 1511 1622 6935 2217 75
internal_value=-1.29373e-11 0.0276209 -0.0434592 0.00128638 0.0379098 0.0129346 0.0238737 0.0454386 0.000618793 0.0298762 -0.00125285 0.00706854 0.0339491 -0.051591 -0.0116068 -0.0409931 -0.00393378 -0.00381941 0.0096832 -0.0296546 -0.0463279 0.0331996 0.0403482 -0.0296846 0.0144198 -0.0204903 -0.0172893 -0.0344513 0.0302646 0.0211237
internal_weight=10079.2 6162.51 3916.64 1731.28 4431.24 1257.77 1547.05 2884.19 728.314 529.455 632.707 621.972 957.723 3283.94 423.427 787.053 338.975 398.462 613.516 473.509 629.489 933.53 386.587 151.079 236.542 164.916 195.77 141.388 813.945 316.48
internal_count=414452 73152 341300 44190 28962 16202 12536 16426 11059 5143 12881 6786 3983 328419 10707 70807 6537 5346 8059 27988 59970 4477 1802 9901 1432 4451 2577 9624 3936 1719
is_linear=0
shrinkage=0.05


Tree=21
num_leaves=31
num_cat=0
split_feature=17 7 18 17 17 20 7 12 7 18 20 3 17 6 3 10 17 17 21 10 18 6 14 7 10 12 18 18 18 7
split_gain=4354.69 521.132 291.264 180.724 175.684 136.44 94.5699 69.0375 66.2608 55.7952 53.2896 53.0755 44.3016 46.0632 39.3628 38.7174 29.514 29.4578 27.7978 22.7513 24.5053 22.7456 21.7504 21.1776 20.1499 19.5455 19.1724 18.3837 18.2533 17.8499
threshold=0.87234800000000012 0.44605000000000006 -1.0000000180025095e-35 0.99421400000000004 0.99048750000000008 0.27797350000000004 0.51045000000000007 0.22385000000000002 0.41105000000000008 -0.63654999999999984 0.4003425000000001 0.42275000000000007 0.94079950000000012 1069.5000000000002 0.53815000000000013 0.51250000000000007 0.68672400000000011 0.78071650000000015 0.37466600000000005 0.58750000000000002 -0.34059999999999996 982.50000000000011 0.71565000000000012 0.50155000000000005 0.56250000000000011 0.28885000000000005 -0.40059999999999996 -0.74034999999999995 -0.12774999999999997 0.43935000000000007
decision_type=2 2 2 2 2 2 2 2 2 2 2 2 2 2 2 2 2 2 2 2 2 2 2 2 2 2 2 2 2 2
left_child=2 4 5 6 11 7 12 22 15 -9 23 19 13 -3 24 18 -12 -7 -6 20 -2 27 -1 -4 -10 -15 -14 -13 -5 -11
right_child=1 3 10 28 8 17 -8 9 14 29 16 21 26 25 -16 -17 -18 -19 -20 -21 -22 -23 -24 -25 -26 -27 -28 -29 -30 -31
leaf_value=-0.024371090336420459 -0.023480897756390999 0.018681245212862654 -0.0013931782841665834 0.042729337250737159 0.024575149345585669 -0.054065139571489167 0.046164049163910294 -0.057267590038936528 0.017151447028482248 -0.01210278309222468 -0.036415340380348792 -0.047514569809311881 0.011177927340934394 -0.026039118780867204 0.0028318979931522808 0.012083699877021181 0.012019516027416775 -0.028342396901076372 -0.041029781724263054 0.0094929774322706304 0.010269579944598674 -0.033620509276748554 -0.046411623938545761 0.028104695875446145 0.037517694275184282 0.019619757361271816 0.029423049833247492 -0.0044676695056654718 0.05190572980631019 0.02510593404780169
leaf_weight=188.96014905220363 140.62168624845799 198.66385868308134 143.26554923912045 1027.4122798647732 21.159684011247009 2484.430935043958 381.39197010034695 35.40610354905948 155.67173688113689 48.288336852099746 132.68969225161709 28.586788864573464 199.76139797177166 127.19768390350509 127.21117893233895 295.35866850288585 41.223733355756849 116.52306748274714 68.150153721217066 372.12274146534037 87.091858689207584 198.31763056258205 274.59673534927424 105.7667498094961 552.42509386362508 28.733704690355808 515.70576634327881 187.33982324693352 1146.837869645562 96.934771839994937
leaf_count=13065 6435 2190 2498 4115 251 273232 1860 3701 1271 2864 7803 2152 2891 4053 1656 3325 584 8292 1285 7093 1521 12357 26145 866 3235 580 3132 5802 7948 2250
internal_value=-9.17824e-11 0.0267443 -0.042724 0.0384489 0.0077487 -0.0478105 0.0247862 -0.0272096 0.0205322 -0.0009877 -0.0036967 -0.00763034 0.0171667 0.00271555 0.0284398 0.00336092 -0.0249345 -0.0529128 -0.0254864 0.00187556 -0.0105726 -0.0213951 -0.0374272 0.0111349 0.0330403 -0.0176255 0.0243289 -0.0101667 0.0475696 0.0127336
internal_weight=9527.85 5859.76 3668.09 3625.7 2234.06 3245.14 1451.45 644.186 1219.98 180.629 422.946 1014.08 1070.06 354.595 835.308 384.669 173.913 2600.95 89.3098 599.836 227.714 414.244 463.557 249.032 708.097 155.931 715.467 215.927 2174.25 145.223
internal_count=414452 73152 341300 26769 46383 329549 14706 48025 11023 8815 11751 35360 12846 6823 6162 4861 8387 281524 1536 15049 7956 20311 39210 3364 4506 4633 6023 7954 12063 5114
is_linear=0
shrinkage=0.05


Tree=22
num_leaves=31
num_cat=0
split_feature=17 2 0 0 17 18 20 0 2 10 17 21 20 17 2 10 0 17 17 12 10 0 20 18 21 12 17 4 13 18
split_gain=3885.29 566.099 318.11 210.163 201.039 106.836 99.0383 98.9095 89.3238 70.7302 59.4052 49.8699 47.4819 47.4519 46.2487 36.2782 49.6767 34.0425 34.0292 29.4074 27.2987 26.4397 26.4322 24.6568 22.2162 22.203 22.3598 21.6278 21.7558 20.0472
threshold=0.87234800000000012 0.77500000000000013 0.59330000000000005 0.33800000000000008 0.96879400000000004 -1.0000000180025095e-35 0.25039700000000004 0.27600000000000008 0.77500000000000013 0.61250000000000016 0.98340450000000013 0.82376450000000012 0.4003425000000001 0.93717950000000017 0.77500000000000013 0.6583500000000001 0.27600000000000008 0.57481250000000006 0.78071650000000015 0.22105000000000002 0.68750000000000011 0.76250000000000007 0.17659750000000002 -0.63099999999999989 0.5807635000000001 0.29275000000000007 0.92953700000000017 1.8847500000000001 1.0000000180025095e-35 -0.099299999999999986
decision_type=2 2 2 2 2 2 2 2 2 2 2 2 2 2 2 2 2 2 2 2 2 2 2 2 2 2 2 2 2 2
left_child=2 3 6 10 5 15 14 9 22 11 -2 -6 -10 -5 -1 16 -3 -14 -8 20 -16 -15 -4 -21 -12 26 -18 28 -11 -9
right_child=1 4 8 13 7 -7 18 29 12 27 24 -13 17 21 19 -17 25 -19 -20 23 -22 -23 -24 -25 -26 -27 -28 -29 -30 -31
leaf_value=-0.043956309509855747 -0.042541525310338973 -0.015961293594313541 0.0080780795322341632 -0.013693027761861182 0.024184799975550217 0.038979607192473661 -0.053689102243056425 0.041196255324407904 0.02549414978809917 0.02513943048526773 0.0036234263299418945 -0.012975002430166317 -0.037069957529590351 0.015262149070254152 -0.031853472752682681 0.022600091426484406 -0.011962090641910178 0.018466832235843653 -0.028711512851133072 -0.056892507598793107 0.021890662319493884 0.040692882070815013 -0.043316353637339981 0.02423890503482776 -0.022937069627580502 0.046682164156996248 0.021491459480856463 0.00536473168585592 0.04369402256393054 0.05182737852424088
leaf_weight=237.3014969486976 277.69135099940468 291.00517732906155 30.585227112984285 112.97893792716786 326.86437641968951 332.19017157424241 2299.5399531599833 719.01170499250293 204.85526666231453 202.67590325837955 144.17102996609174 124.74665775289759 68.463266084785573 383.40663153352216 163.79242702096235 209.10446650302038 85.665109697729349 46.222186603816226 144.95694135548547 10.931276500457896 27.610466589685529 139.3554755137302 137.42441759957001 65.350706460652873 173.4450680045411 43.995195470750332 119.79995031794533 48.562613404355943 716.44416703376919 1157.0095405911561
leaf_count=24295 21871 9168 583 3205 2186 1891 273885 3576 1991 1327 2192 1081 3598 3919 11702 2401 1671 772 10750 1085 823 964 10448 1368 3789 276 1110 435 3209 8881
internal_value=-2.35767e-11 0.0256541 -0.0418591 -0.00430038 0.0340788 0.0153762 -0.0480436 0.0402183 -0.00444548 0.0302591 -0.0256495 0.0139203 0.0110729 0.0156909 -0.0278854 0.00491574 -0.00192628 -0.0146867 -0.0522079 -0.0136385 -0.0241007 0.0220414 -0.0339603 0.0126127 -0.0108808 0.0144461 0.00754358 0.0378843 0.0396025 0.0477529
internal_weight=9045.16 5608.12 3437.03 1231.05 4377.08 1081.76 2949.48 3295.31 487.55 1419.29 595.307 451.611 319.541 635.741 504.986 749.57 540.465 114.685 2444.5 267.685 191.403 522.762 168.01 76.282 317.616 249.46 205.465 967.683 919.12 1876.02
internal_count=414452 73152 341300 35940 37212 16517 323908 20695 17392 8238 27852 3267 6361 8088 39273 14626 12225 4370 284635 14978 12525 4883 11031 2453 5981 3057 2781 4971 4536 12457
is_linear=0
shrinkage=0.05


Tree=23
num_leaves=31
num_cat=0
split_feature=17 19 19 2 17 20 19 12 6 2 20 21 6 17 20 17 19 19 0 2 0 2 0 17 4 13 0 20 17 16
split_gain=3478.28 573.739 410.51 273.93 133.855 119.552 76.6592 64.31 53.2452 42.1121 40.989 36.4756 35.2842 41.8566 34.0778 32.3699 28.2898 27.5267 25.5885 22.5959 21.1178 19.1141 18.6864 17.9334 16.8958 18.1822 16.7229 16.6248 16.2216 16.0849
threshold=0.86128100000000007 -0.023449999999999995 -0.02845 0.77500000000000013 0.96513150000000014 0.031696000000000009 -0.049749999999999996 0.17055000000000003 1078.5000000000002 0.77500000000000013 0.17411250000000003 0.8501335000000001 628.50000000000011 0.54675800000000019 0.11779800000000001 0.95456050000000003 -1.0000000180025095e-35 -0.081749999999999975 0.1183 0.77500000000000013 0.27600000000000008 0.77500000000000013 0.38900000000000007 0.947855 0.81515000000000015 1.0000000180025095e-35 0.69000000000000006 0.066756000000000024 0.72634700000000008 -0.044449999999999996
decision_type=2 2 2 2 2 2 2 2 2 2 2 2 2 2 2 2 2 2 2 2 2 2 2 2 2 2 2 2 2 2
left_child=2 3 10 6 16 8 15 12 11 -6 27 -5 13 -4 -9 -2 -3 -7 -8 -16 -11 -18 -17 -20 29 -26 -15 -1 -14 -10
right_child=1 4 7 5 9 17 18 14 24 20 -12 -13 28 26 19 22 21 -19 23 -21 -22 -23 -24 -25 25 -27 -28 -29 -30 -31
leaf_value=0.024652677033322187 -0.04714994463751182 0.0062292901379252513 -0.051805426913925173 0.021022372925570902 0.02690991939064092 -0.029430884601658165 -0.023171186228862061 0.050543645108608037 -0.091158051480195471 0.037829113904573677 -0.052617975235210779 -0.019579524366936531 -0.057091124142308908 -0.0050556657115764627 -0.030685888751744064 -0.025921878450851473 0.0061127005448513112 0.0035443711834016291 -0.018847807047977547 0.012141475646197148 0.04976993916184929 0.030890159798674949 0.0088559727582082828 0.017096784594807093 0.02220802802504377 0.041075354566007888 0.029068226637103164 -0.030780176846395047 -0.024807626714005437 0.041638093315609165
leaf_weight=15.169053100515155 187.11537125322502 241.49450653465465 38.311919420491904 194.89516512397677 303.89960500737652 72.744035658193752 78.569015430519357 49.535863340832293 5.0905340705066919 488.71828770684078 2361.0754631165182 77.237709807232022 58.343925575260073 107.65219242381863 37.599105021683499 256.1392061249353 93.574451735243201 486.83950920263305 43.14512799307704 170.27363332407549 1527.7498453056905 462.77953511755913 45.482701569329947 177.28996835276484 169.05947067029774 521.85710774525069 53.869382020551711 124.85208091943059 116.82247823500074 4.1305369138717634
leaf_count=471 18403 3276 2522 1074 2093 4908 2350 263 65 3099 304977 605 5685 2848 1494 10258 517 10101 1962 2830 11225 2553 789 1516 1102 1807 526 11222 3897 14
internal_value=1.39039e-10 0.0241786 -0.041959 0.00534811 0.0381864 0.0176697 -0.0186126 -0.00596894 0.0282666 0.044261 -0.0510592 0.0094986 -0.019179 -0.00481967 0.0132759 -0.0308127 0.0205198 -0.000742305 0.00132895 0.00439505 0.0468759 0.0267228 -0.0206776 0.0100615 0.0355614 0.0364587 0.00632506 -0.0247749 -0.0355605 -0.0316726
internal_weight=8571.32 5437.81 3133.51 2319.6 3118.22 1531.85 787.741 632.408 972.271 2320.37 2501.1 272.133 375 199.833 257.409 488.737 797.848 559.584 299.004 207.873 2016.47 556.354 301.622 220.435 700.138 690.917 161.522 140.021 175.166 9.22107
internal_count=414452 77717 336735 54954 22763 19676 35278 20065 4667 16417 316670 1679 15478 5896 4587 29450 6346 15009 5828 4324 14324 3070 11047 3478 2988 2909 3374 11693 9582 79
is_linear=0
shrinkage=0.05


Tree=24
num_leaves=31
num_cat=0
split_feature=17 19 19 17 20 19 19 10 7 20 20 7 16 19 17 7 3 16 3 20 19 21 10 0 0 10 20 9 19 20
split_gain=3147.58 504.781 378.453 202.349 138.895 95.3332 88.5222 72.465 53.845 47.7196 40.958 34.7873 34.7419 33.853 32.2057 28.3029 28.1828 23.5468 23.0618 20.477 20.2034 17.4806 19.5542 27.8256 17.2671 16.9002 16.1437 15.308 15.2089 15.807
threshold=0.86128100000000007 -0.055149999999999998 -0.02845 0.99048750000000008 0.062631000000000006 -0.0081499999999999993 -0.0022499999999999998 0.61250000000000016 0.41105000000000008 0.11779800000000001 0.17659750000000002 0.51045000000000007 -0.29784999999999995 -1.0000000180025095e-35 0.92953700000000017 0.43335000000000007 0.68795000000000006 -0.12964999999999996 0.46995000000000003 0.27797350000000004 -0.081749999999999975 0.38924950000000008 0.56250000000000011 0.21420000000000003 0.78250000000000008 0.68750000000000011 0.066756000000000024 0.29000000000000009 -0.057549999999999997 0.37523250000000002
decision_type=2 2 2 2 2 2 2 2 2 2 2 2 2 2 2 2 2 2 2 2 2 2 2 2 2 2 2 2 2 2
left_child=2 4 10 6 7 8 14 12 17 -4 26 -8 -2 19 25 18 -17 -5 -9 -11 -14 -10 23 27 -15 -3 -1 -23 -12 -30
right_child=1 3 9 5 -6 -7 11 15 21 13 28 -13 20 24 -16 16 -18 -19 -20 -21 -22 22 -24 -25 -26 -27 -28 -29 29 -31
leaf_value=0.025362422193849904 -0.068158672914077109 -0.01445950655788132 0.034481497374757371 -0.028070231490577413 -0.035219006459443425 0.049221928363113752 0.022253120433535445 0.0099950819246930958 0.045074837919127558 -0.00846606033351467 -0.053982691173321863 0.043703095413694555 -0.02745704176658699 -0.0092201493084626534 0.012831683273585108 0.033782114242583282 -0.038005635447595484 0.014548291835047933 -0.044013917160624888 -0.039721759143739245 0.0010811335247392377 0.00083649910210116985 0.035759094579956838 0.030145201558975238 0.014969873381495358 0.019109736112690789 -0.030149667045916342 -0.070241907810145929 -0.028402120168126346 -0.051318911661761515
leaf_weight=14.632907760329543 26.978633457329124 210.17297531524673 64.098638087511063 44.60075421538204 322.09005346521735 1356.8211352021899 592.60520092933439 137.17554695252329 258.91330692358315 90.485480101779103 1870.7736138969194 277.54788408451714 94.374231487629004 219.06013713707216 578.98783027147874 223.53851376636885 14.562398975715039 118.57011056877673 23.092542898375541 124.50546231749468 180.88336886488833 65.4414346171543 452.43095591617748 148.31929827993736 111.22925773705356 45.633579791989177 124.76427228434477 8.5666192024946195 126.18356803921051 186.39830529387109
leaf_count=471 784 7298 642 363 26112 12082 3486 2088 1215 3624 264835 1520 4982 3508 7134 1496 394 833 954 11034 3155 378 1944 708 1257 744 11875 47 13739 25750
internal_value=9.47665e-11 0.0234276 -0.0413984 0.0311669 -0.00804283 0.0403607 0.0179357 0.00445091 0.0293991 -0.00632791 -0.0505992 0.0290949 -0.0140106 -0.0111251 0.00630387 0.0184574 0.0293915 0.00289904 0.00221309 -0.0265668 -0.0087034 0.0340303 0.0297924 0.0176502 -0.00107384 -0.00847106 -0.0243224 -0.00739101 -0.0522769 -0.0420678
internal_weight=8113.44 5181.31 2932.13 4158.61 1022.7 2453.66 1704.95 700.605 1096.84 609.379 2322.75 870.153 302.236 545.28 834.794 398.369 238.101 163.171 160.268 214.991 275.258 933.672 674.758 222.327 330.289 255.807 139.397 74.0081 2183.36 312.582
internal_count=414452 77717 336735 37752 39965 17570 20182 13853 5488 20065 316670 5006 8921 19423 15176 4932 1890 1196 3042 14658 8137 4292 3077 1133 4765 8042 12346 425 304324 39489
is_linear=0
shrinkage=0.05


Tree=25
num_leaves=31
num_cat=0
split_feature=17 2 0 17 18 7 17 2 2 17 7 0 16 6 12 17 16 17 17 3 12 17 6 21 17 12 0 6 16 6
split_gain=2825.57 358.447 334.144 176.479 129.621 125.702 105.832 82.0505 72.2412 38.9294 38.5086 28.5884 26.2148 24.698 29.3069 23.7766 22.4467 21.7952 21.3943 21.0338 20.5433 18.8243 17.7298 17.8038 16.3155 20.642 26.5522 14.8523 14.6811 14.6344
threshold=0.91409150000000017 0.77500000000000013 0.59330000000000005 0.79600750000000009 -0.099299999999999986 0.44295000000000007 0.99421400000000004 0.77500000000000013 0.77500000000000013 0.5174915000000001 0.41445000000000004 0.12950000000000003 -0.28724999999999995 748.50000000000011 0.23945000000000002 0.99048750000000008 -0.29784999999999995 0.82656300000000005 0.99048750000000008 0.52945000000000009 0.26195000000000007 0.9723035000000001 1540.5000000000002 0.39943800000000007 0.53609150000000005 0.26195000000000007 0.27600000000000008 988.50000000000011 -0.014249999999999999 292.50000000000006
decision_type=2 2 2 2 2 2 2 2 2 2 2 2 2 2 2 2 2 2 2 2 2 2 2 2 2 2 2 2 2 2
left_child=2 5 3 24 6 11 -3 -5 17 20 12 -2 -8 -9 -15 -7 -13 -4 -18 -11 -10 -6 23 -12 -1 -26 -27 -19 -16 -14
right_child=1 4 8 7 21 15 10 13 9 19 22 16 29 14 28 -17 18 27 -20 -21 -22 -23 -24 -25 25 26 -28 -29 -30 -31
leaf_value=-0.05362470181070797 -0.028081221873200436 0.013080403816244838 -0.038549054127375651 -0.041936569051535498 0.035205705701573622 0.0060233798642320858 -0.05585499823773557 0.010262102833933502 -0.048766678473563918 0.0069500411839842529 0.04409211321646473 -0.056804883184863743 -0.026016456436624938 -0.025008212456919605 0.027908847180703453 0.03058229211717017 -0.018202119295631949 0.015019971661975143 0.0094023148969292342 0.033213464181192635 0.009511145179783978 0.050494105647758941 0.045513648425883395 0.027984576139972857 -0.048016306811824658 -0.043295093372623897 0.0041359345032138074 -0.037287235722476622 -0.050549720875400543 0.023491114238106209
leaf_weight=1258.5169822432799 264.72953057812992 900.13817689451389 117.99188707780559 257.83263978711329 260.29126074910164 168.95720786694437 12.806144664995371 151.03344889171422 34.901768067036755 152.64952841517515 256.49354445189238 20.077993882354349 16.622804742306471 183.79577071324456 45.064651211025193 236.5124915544875 120.55140001245309 41.886993022635579 168.02027742611244 152.29116354906 26.682480156654492 889.02457045461051 484.50814452022314 518.01875051762909 651.66207552072592 80.966396331088617 46.42490842146799 20.075053544249386 6.8715004199184468 146.3194674490951
leaf_count=188595 12191 11734 10405 27978 1708 2597 170 4634 2834 2128 1610 527 186 11211 1284 1879 6382 556 2015 1527 529 8903 1675 3223 92767 10022 3043 628 335 1176
internal_value=2.2495e-11 0.0257754 -0.0356302 -0.0428907 0.0332859 -0.000958453 0.0265198 -0.0200881 5.30269e-06 0.0127434 0.0349513 -0.016026 0.0130269 -0.00552307 -0.0156366 0.0203487 -0.00568619 -0.0259393 -0.00212949 0.0200663 -0.0235168 0.0470317 0.0380118 0.0333189 -0.0501045 -0.0444178 -0.0260099 -0.00192702 0.0175283 0.0184405
internal_weight=7691.72 4463.07 3228.65 2682.17 3484.22 978.849 2334.91 644.598 546.479 366.525 1434.77 573.379 175.748 386.765 235.732 405.47 308.65 179.954 288.572 304.941 61.5842 1149.32 1259.02 774.512 2037.57 779.053 127.391 61.962 51.9362 162.942
internal_count=414452 55976 358476 339869 30385 25591 19774 45442 18607 7018 8040 21115 1532 17464 12830 4476 8924 11589 8397 3655 3363 10611 6508 4833 294427 105832 13065 1184 1619 1362
is_linear=0
shrinkage=0.05


Tree=26
num_leaves=31
num_cat=0
split_feature=17 2 0 17 0 0 18 17 10 2 21 17 17 2 10 0 7 17 6 4 10 6 18 21 3 6 3 18 3 9
split_gain=2534.8 415.212 217.652 166.391 140.207 89.4418 81.3241 75.4292 62.8652 53.438 46.1617 43.8847 40.0621 36.1226 33.9652 47.9574 32.544 27.2864 24.949 22.1142 20.1189 19.7476 19.3574 19.0074 16.999 16.7652 16.7004 15.5812 15.2494 14.352
threshold=0.86128100000000007 0.77500000000000013 0.59750000000000003 0.9723035000000001 0.26200000000000007 0.27600000000000008 -1.0000000180025095e-35 0.72634700000000008 0.6583500000000001 0.77500000000000013 0.78960900000000012 0.93717950000000017 0.98340450000000013 0.77500000000000013 0.63750000000000007 0.27600000000000008 0.44295000000000007 0.55741750000000012 760.50000000000011 1.8847500000000001 0.38750000000000007 1438.5000000000002 -0.099299999999999986 0.5807635000000001 0.34115000000000006 1060.5000000000002 0.60545000000000015 -0.65979999999999983 0.60065000000000013 0.31500000000000006
decision_type=2 2 2 2 2 2 2 2 2 2 2 2 2 2 2 2 2 2 2 2 2 2 2 2 2 2 2 2 2 2
left_child=2 4 7 6 12 8 14 -1 10 -4 29 -6 -2 -9 15 25 -13 28 -15 -10 -12 -17 24 -14 -7 -3 -23 -22 -11 -5
right_child=1 3 9 5 11 22 -8 13 19 17 20 16 23 18 -16 21 -18 -19 -20 -21 27 26 -24 -25 -26 -27 -28 -29 -30 -31
leaf_value=-0.051226657842053519 -0.04221981213800096 -0.0049439569031232318 -0.031692845850785363 0.027793426129952715 -0.016275128574061624 0.020600157683908885 0.035252542527908215 -0.043231182972538092 0.03942690292271607 -0.044914577828233576 -0.053605261380104276 -0.0012239394424062642 0.0035659515439593736 0.00072968936376002812 0.019126303590857006 0.021621743498817708 0.025135172647384407 0.017091258078627655 -0.03010268451924572 -0.0034746982635252459 -0.02018219730706447 -0.040613554043093698 0.050334179460375966 -0.024929732070563398 0.042506206596598858 -0.030110612088569369 0.013293000528452044 0.012134915781522523 0.0026337829140520167 -0.002972204175022791
leaf_weight=1674.0071821857127 214.35236686642747 130.37925656500738 130.61401397816371 326.24087214353494 130.21945922402665 109.30436231940985 299.93411986296996 241.37904594041174 606.1955320877023 31.947559594642371 20.391970255877823 177.43827117560431 104.40398567350348 117.25633602193557 260.91453181300312 176.7888454948552 344.34238776285201 192.6752227593679 148.96682627830887 31.603514030575752 62.135817404370755 27.136710428399965 811.63616517162882 133.15523594152182 466.61884998809546 134.38383831758983 30.533865853678435 93.30186122842133 35.711813278496265 42.8907929668203
leaf_count=266492 21629 4046 10780 2348 5383 788 2132 32880 3428 2644 255 3305 1883 6408 3640 2267 3088 2567 13981 330 527 669 8731 3425 2666 5819 364 696 983 298
internal_value=-5.92671e-11 0.0217086 -0.0399505 0.0298738 -0.00514402 0.0367481 0.0132058 -0.0461071 0.0266457 -0.00559491 0.0141752 0.00969109 -0.0265475 -0.0292234 0.00450657 -0.00313431 0.0161714 0.00749884 -0.0165228 0.0373011 -0.00690978 0.0133339 0.0453594 -0.0124063 0.0383487 -0.0177176 -0.0120726 -0.000783768 -0.0198177 0.0242187
internal_weight=7306.86 4734.3 2572.56 3630.39 1103.91 2570.32 1060.07 2181.61 1182.76 390.949 544.961 652 451.912 507.602 760.137 499.223 521.781 260.335 266.223 637.799 175.83 234.459 1387.56 237.559 575.923 264.763 57.6706 155.438 67.6594 369.132
internal_count=414452 77717 336735 39004 38713 20067 18937 319761 7882 16974 4124 11776 26937 53269 16805 13165 6393 6194 20389 3758 1478 3300 12185 5308 3454 9865 1033 1223 3627 2646
is_linear=0
shrinkage=0.05


Tree=27
num_leaves=31
num_cat=0
split_feature=17 2 0 17 18 18 17 18 2 17 0 2 7 13 17 10 0 6 21 21 6 17 6 12 3 12 6 6 12 2
split_gain=2275.56 378.468 205.955 149.695 123.266 87.246 72.7925 67.3661 47.8218 39.3313 36.1928 34.0546 32.3983 31.2448 27.1326 26.7031 40.5837 26.3314 25.4859 23.9701 23.8782 23.5686 22.1901 20.1328 18.943 18.1672 17.1641 16.3839 16.2486 28.2833
threshold=0.86128100000000007 0.77500000000000013 0.59750000000000003 0.96879400000000004 -0.38894999999999996 -0.10139999999999998 0.72634700000000008 -1.0000000180025095e-35 0.77500000000000013 0.97609950000000012 0.84150000000000003 0.77500000000000013 0.40435000000000004 1.0000000180025095e-35 0.95456050000000003 0.63750000000000007 0.27600000000000008 1663.5000000000002 0.6113805000000001 0.69980250000000011 850.50000000000011 0.57481250000000006 760.50000000000011 0.26195000000000007 0.62335000000000007 0.25155000000000005 1438.5000000000002 1045.5000000000002 0.21825000000000003 0.77500000000000013
decision_type=2 2 2 2 2 2 2 2 2 2 2 2 2 2 2 2 2 2 2 2 2 2 2 2 2 2 2 2 2 2
left_child=2 4 6 7 9 12 28 15 -4 -2 14 -8 19 -14 -6 16 27 18 -15 -5 -16 23 -13 -10 26 -24 -18 -3 -1 -30
right_child=1 3 8 5 10 -7 11 -9 21 -11 -12 22 13 17 20 -17 24 -19 -20 -21 -22 -23 25 -25 -26 -27 -28 -29 29 -31
leaf_value=-0.053466298519398041 -0.042610024245368902 -0.0040512057025809704 -0.030586758178333052 0.020609579522603359 -0.016804170443952268 0.049187204889462953 -0.042597525863286197 0.033303842537251965 -0.041094695479567928 -0.012320366424399371 0.033032282334105087 0.00055355478415401846 0.020435635129327456 0.039321353198976269 -0.0081827695209116102 0.017493491913962041 0.009498188354572468 0.04750571501117444 0.021204861914840712 -0.025009840779717352 0.018580145645721996 0.016757455931044867 -0.038670223898208927 0.012499696474906084 0.03174616829429474 0.0043290298768328484 -0.037242485969067068 -0.030083557855489898 -0.053220888721659525 -0.024102789884665035
leaf_weight=1211.792065488582 191.27613457292318 119.41621726867743 124.98667916178238 82.778808685950935 128.90570304007269 782.80326803668868 227.11654409003677 270.6792828720063 39.339908349676989 243.75006258534268 125.11620064312592 113.04131880577188 486.99536600150168 404.25868670456111 124.27208735677414 237.10814063576981 108.7102797459811 328.43230688478798 373.47825727204327 44.153153507504612 253.06252169515938 181.8456537561724 110.65396817732835 31.596744384150952 80.934387868386693 31.573519449913874 23.972662696847692 122.38345220359042 201.13566382444697 142.46541227726266
leaf_count=217972 21289 3876 10780 735 5473 9108 32880 2001 3150 6749 1024 6408 3914 2651 1805 3476 1637 1148 2582 557 2373 2434 12294 610 881 1687 681 5757 31561 16959
internal_value=-3.88832e-11 0.0208892 -0.0391962 0.0289033 -0.00515913 0.0353493 -0.0454823 0.0121533 -0.0052873 -0.0256384 0.00895179 -0.0285132 0.0290517 0.0309887 0.00300034 0.00388642 -0.00319796 0.0356347 0.0306216 0.00474091 0.009766 0.00722186 -0.0159822 -0.0172226 0.0126821 -0.0291247 0.00105326 -0.0172271 -0.050745 -0.0411478
internal_weight=6948.03 4532.49 2415.55 3466.1 1066.38 2502.9 2037.78 963.204 377.769 435.026 631.357 482.385 1720.1 1593.16 506.24 692.525 455.417 1106.17 777.737 126.932 377.335 252.782 255.269 70.9367 213.617 142.227 132.683 241.8 1555.39 343.601
internal_count=414452 77717 336735 39004 38713 20695 319761 18309 16974 28038 10675 53269 11587 10295 9651 16308 12832 6381 5233 1292 4178 6194 20389 3760 3199 13981 2318 9633 266492 48520
is_linear=0
shrinkage=0.05


Tree=28
num_leaves=31
num_cat=0
split_feature=20 2 18 18 7 20 20 10 2 2 7 20 20 10 12 18 20 6 20 6 21 18 14 4 21 21 21 20 10 4
split_gain=2022.89 325.881 268.299 119.496 97.7827 97.6033 78.1981 57.1331 56.1624 37.4943 33.2534 27.7983 25.3913 21.0058 22.9901 19.5082 19.2089 24.1347 16.8017 18.2666 16.1192 15.8214 14.7966 15.4764 14.6629 14.6283 14.5123 14.2809 13.8981 16.115
threshold=0.14334650000000002 0.77500000000000013 -0.19879999999999998 -0.10139999999999998 0.44295000000000007 0.31281550000000008 0.027212000000000004 0.58750000000000002 0.77500000000000013 0.77500000000000013 0.40435000000000004 0.062631000000000006 0.071714500000000014 0.68750000000000011 0.19405000000000003 -0.39069999999999999 0.088748500000000022 1258.5000000000002 0.50079350000000011 1168.5000000000002 0.97568400000000011 -0.63099999999999989 0.71225000000000016 1.24075 0.5807635000000001 0.84641050000000007 0.41684400000000005 0.71453750000000016 0.73750000000000016 2.1072500000000005
decision_type=2 2 2 2 2 2 2 2 2 2 2 2 2 2 2 2 2 2 2 2 2 2 2 2 2 2 2 2 2 2
left_child=1 4 5 6 15 8 10 9 -2 -4 25 -6 -5 14 22 -1 -8 -18 19 -11 28 -16 23 -10 -17 -3 -20 -9 -12 -30
right_child=2 3 7 12 11 -7 16 27 13 18 20 -13 -14 -15 21 24 17 -19 26 -21 -22 -23 -24 -25 -26 -27 -28 -29 29 -31
leaf_value=-0.024130383443157592 -0.044532375589146557 0.014364498269017601 -0.037380372072886803 0.048677626691044924 0.023726048187972103 -0.051226851513588634 0.016891989962565215 0.018826185511843806 -0.030418647126846339 0.0062755439542790808 0.03222031906940527 -0.0070299301247276477 0.028338657829696603 0.016724632425673319 -0.040527398976817224 0.0079273109642478742 0.0088911273309201996 -0.025586622660692612 -0.0075618345158541033 -0.042931089269697825 0.016883039182650522 0.0205281512337879 -0.039106405980463201 0.013628660114647851 -0.018283355063896688 -0.029988315376334576 -0.053239843778783505 -0.023500858345321576 0.047773527642448216 -0.041474752422756965
leaf_weight=352.47749151272001 234.05308199627325 69.481919431593269 150.42421016871231 756.91640910902061 284.70543733099476 1380.5892698423122 569.13957847305574 190.8381075161742 44.548241084441543 179.87871589930728 831.02524121431634 99.020255666808225 192.46999386325479 52.786048067733645 13.402855057618579 108.37148314807564 223.79649079637602 65.646878269326407 40.475947867846116 21.069594700820744 133.84867072023917 50.92867826204747 106.22753071022453 36.104399643605575 105.11242757062428 25.38149483082816 30.484858938492835 22.251327350037172 235.77865622518584 5.168798820115625
leaf_count=22522 36557 660 15810 8958 3034 254797 7671 4566 3231 3521 5037 2974 1590 1633 1817 2861 4882 3153 1928 666 946 2173 11572 2296 2107 342 3618 2200 1266 64
internal_value=5.37411e-13 0.0219391 -0.0348606 0.0297703 -0.00369522 -0.0441867 0.02327 -0.00670085 -0.0261221 -0.0173505 0.0310007 0.0157895 0.0445543 -0.0119478 -0.0179726 -0.016906 0.0115586 0.00107144 -0.00626969 0.00111619 0.0332431 0.00780782 -0.0268473 -0.0107007 -0.00497796 0.00249753 -0.0271852 0.0144063 0.0352859 0.045859
internal_weight=6612.4 4058.34 2554.06 3108.65 949.687 1918.64 2159.27 635.423 538.051 422.333 1300.68 383.726 949.386 303.998 251.212 565.961 858.583 289.443 271.909 200.948 1205.82 64.3315 186.88 80.6526 213.484 94.8634 70.9608 213.089 1071.97 240.947
internal_count=414452 68067 346385 34569 33498 314076 24021 32309 59279 25543 8315 6008 10548 22722 21089 27490 15706 8035 9733 4187 7313 3990 17099 5527 4968 1002 5546 6766 6367 1330
is_linear=0
shrinkage=0.05


Tree=29
num_leaves=31
num_cat=0
split_feature=17 7 0 17 10 20 20 18 7 17 17 21 6 0 7 17 12 21 7 12 20 6 16 21 6 7 14 7 6 17
split_gain=1860.88 310.959 159.76 132.086 98.4229 70.6939 45.6915 42.8982 40.5509 36.4663 35.9065 37.1191 34.0747 32.1726 30.809 29.7146 26.9156 24.085 23.6766 18.5045 18.0529 29.4632 16.0948 16.0261 15.9588 15.8037 15.2562 14.9167 14.2951 14.2601
threshold=0.83804350000000005 0.44605000000000006 0.59750000000000003 0.96182300000000009 0.58750000000000002 0.25039700000000004 0.30801250000000008 -0.32794999999999996 0.51045000000000007 0.99048750000000008 0.9582210000000001 0.90484600000000015 2155.5000000000005 0.27600000000000008 0.50565000000000015 0.99421400000000004 0.20035000000000003 0.60039550000000008 0.39205000000000007 0.15295000000000003 0.088748500000000022 610.50000000000011 -0.40724999999999995 0.24509050000000002 748.50000000000011 0.37925000000000003 0.73535000000000006 0.45805000000000007 706.50000000000011 0.70835700000000013
decision_type=2 2 2 2 2 2 2 2 2 2 2 2 2 2 2 2 2 2 2 2 2 2 2 2 2 2 2 2 2 2
left_child=2 4 5 12 7 13 19 10 15 26 24 25 14 -1 20 -5 -15 -8 -11 28 -3 27 -9 -20 -2 -12 -6 -22 -4 -7
right_child=1 3 6 8 9 29 17 22 -10 18 11 -13 -14 16 -16 -17 -18 -19 23 -21 21 -23 -24 -25 -26 -27 -28 -29 -30 -31
leaf_value=-0.035173683550322604 -0.012351570501431543 0.01958905438458541 0.017004245416541313 0.021018383909539948 0.0071237705945148546 -0.052144599817079078 -0.011994484955213705 -0.064254068649914606 0.049005098483141295 -0.002046488701286377 -0.04210101847112873 -0.038015494022018211 -0.031864568796186349 -0.022586832124647949 0.032644921374361452 0.037270805350490203 0.031369843541754087 -0.052055806933645393 0.043356588417130873 0.031257423726248311 -0.0082850554061390889 -0.010641250279329384 0.0088718011485646644 0.021148740317893752 -0.04199929170662562 0.0057949753034638955 -0.015747838702701536 0.04364041162360234 -0.035176319577782639 -0.037029745605550078
leaf_weight=162.20993891730905 63.281821839394979 170.43224937387276 28.286816703621298 403.64552928414196 371.8600868479698 1251.9761253457982 136.4813024342875 7.7619921248406163 503.13853377429768 89.749690393451601 18.663085626903921 75.729798743035644 44.118908610427752 51.427093853242695 157.47748185554519 927.39375953003764 41.979947031009942 51.740835648146458 103.51479308167472 76.717078092973679 19.83386858087033 202.73976742831292 246.01268017909024 377.47999557910953 160.53595823323121 223.1550638206536 90.693631800357252 45.697625206783414 24.488022978650406 178.26521870767465
leaf_count=22273 4781 2619 494 3845 10141 254504 7560 126 5176 1392 456 1944 2287 5025 1253 7805 1494 6274 995 901 233 6597 5499 3706 17555 4946 5312 500 1164 27595
internal_value=5.74366e-11 0.0185335 -0.0398029 0.0300876 0.00289688 -0.0459322 -0.00727968 -0.0103273 0.036913 0.0130731 -0.0182788 -0.00746805 0.0105359 -0.0217129 0.0136737 0.0323422 0.00166293 -0.023007 0.0215291 0.0155807 0.00686373 -0.00122065 0.00663516 0.0259281 -0.0336168 0.00209845 0.0026393 0.0279246 -0.00720803 -0.0502607
internal_weight=6306.49 4302.92 2003.57 2474.48 1828.44 1685.86 317.714 795.14 1834.18 1033.3 541.366 317.548 640.3 255.617 596.181 1331.04 93.407 188.222 570.744 129.492 438.704 268.271 253.775 480.995 223.818 241.818 462.554 65.5315 52.7748 1430.24
internal_count=414452 87168 327284 30315 56853 310891 16393 35307 16826 21546 29682 7346 13489 28792 11202 11650 6519 13834 6093 2559 9949 7330 5625 4701 22336 5402 15453 733 1658 282099
is_linear=0
shrinkage=0.05


Tree=30
num_leaves=31
num_cat=0
split_feature=17 19 19 2 17 10 7 12 4 17 0 20 20 0 7 7 20 0 10 7 19 2 19 4 12 17 7 2 0 10
split_gain=1668.57 388.277 235.664 164.96 126.219 91.8235 44.5291 43.1997 42.0463 36.8236 31.2393 26.2623 25.3991 25.6331 24.0437 22.689 22.4733 21.531 21.2055 17.375 17.1843 15.7422 15.4895 14.5729 14.2815 14.1803 13.0474 13.0063 13.6453 16.3012
threshold=0.82656300000000005 -0.029449999999999994 -0.031349999999999996 0.77500000000000013 0.96513150000000014 0.6583500000000001 0.43985000000000007 0.17055000000000003 1.8366500000000003 0.95456050000000003 0.27600000000000008 0.27287150000000004 0.21447300000000002 0.27600000000000008 0.43105000000000004 0.50155000000000005 0.071714500000000014 0.037800000000000007 0.58750000000000002 0.37265000000000004 -0.0081499999999999993 0.77500000000000013 -0.090749999999999983 0.84515000000000007 0.20035000000000003 0.54675800000000019 0.39205000000000007 0.77500000000000013 0.27600000000000008 0.63750000000000007
decision_type=2 2 2 2 2 2 2 2 2 2 2 2 2 2 2 2 2 2 2 2 2 2 2 2 2 2 2 2 2 2
left_child=2 3 12 9 15 10 -6 18 17 -2 16 -9 13 -1 22 27 26 19 -4 -7 -8 -22 -11 -12 -15 -20 -5 -3 29 -29
right_child=1 4 7 5 6 8 20 11 -10 14 23 -13 -14 24 -16 -17 -18 -19 25 -21 21 -23 -24 -25 -26 -27 -28 28 -30 -31
leaf_value=-0.04370282355952184 -0.037408396444906004 -0.0059033062368752005 -0.032363610788272532 -0.044807881418644432 0.023009171425606247 -0.05093256474519086 0.032170488654857506 0.03032019925413483 -0.020258909248222698 -0.042054887283929081 -0.057189342935349496 -0.0077254717066648259 -0.051665414295027558 -0.026238645800011107 0.0041197340517013506 0.028447807355792967 -0.025798532221976131 0.01035779225991826 -0.052369548427856821 0.039704873358196856 0.029749950972941721 0.04820308405660842 -0.01404391843047096 0.018268849869193093 0.039487474776841502 0.0065745241442708062 0.00087344978267154356 -0.01121093335709585 0.019645770607755242 0.017501588554473712
leaf_weight=64.383143559796736 226.32163077167934 119.82193990843371 152.14738795440644 16.443017086014152 386.13404754933435 5.3735886160284272 312.19513709866442 90.495254143839702 41.474504668731242 66.959424868342467 6.6267477297224096 90.941536889993586 1303.6376265785366 14.889993931632487 144.60621599573642 195.54641852714121 131.44912281481083 87.157961455639452 11.804360838024875 329.95221001515165 134.08795785228722 837.12518514425028 187.70979530864861 185.72065350896446 18.575549194589257 75.233389561763033 316.53058430581586 103.60889861453325 279.10495360777713 94.538370825815946
leaf_count=10863 29319 2166 11877 210 4400 87 1806 1192 1161 4937 144 3565 288133 2189 3020 1621 9799 979 1321 2273 1176 10041 5136 3424 747 2784 4193 2208 2804 877
internal_value=1.54441e-10 0.0173056 -0.0399703 -0.000727677 0.0300959 0.0107537 0.0378961 -0.00714736 0.0277817 -0.021296 -0.00127529 0.0112506 -0.0498213 -0.0252524 -0.0121631 0.0136658 -0.00829309 0.0324978 -0.0211033 0.0382524 0.0423751 0.0456554 -0.0214088 0.0156692 0.0102436 -0.00141967 -0.0013824 0.00882454 0.0125222 0.00248815
internal_weight=6030.6 4208.49 1822.11 1746.33 2462.16 1120.73 1669.54 420.622 463.958 625.597 656.77 181.437 1401.49 97.8487 399.275 792.621 464.423 422.484 239.185 335.326 1283.41 971.213 254.669 192.347 33.4655 87.0378 332.974 597.074 477.252 198.147
internal_count=414452 91781 322671 64682 27099 22270 17423 20739 4500 42412 17770 4757 301932 13799 13093 9676 14202 3339 15982 2360 13023 11217 10073 3568 2936 4105 4403 8055 5889 3085
is_linear=0
shrinkage=0.05


Tree=31
num_leaves=31
num_cat=0
split_feature=17 19 19 2 17 10 17 7 7 20 19 2 6 6 20 0 2 0 19 13 0 20 21 9 19 10 2 18 6 6
split_gain=1516.27 346.923 191.732 160.375 120.936 81.5608 37.2145 34.6511 33.4102 28.7319 28.2827 24.9313 23.7919 23.1426 22.2903 22.5924 19.7324 19.1899 18.5935 18.014 17.3807 16.459 19.3773 22.2227 15.9017 15.1241 14.3901 13.9952 13.9466 13.8134
threshold=0.81151000000000006 -0.029449999999999994 -0.033049999999999989 0.77500000000000013 0.98340450000000013 0.6583500000000001 0.95456050000000003 0.44135000000000008 0.51045000000000007 0.13800300000000001 -0.075249999999999997 0.77500000000000013 844.50000000000011 868.50000000000011 0.21447300000000002 0.27600000000000008 0.77500000000000013 0.27600000000000008 -0.081249999999999975 1.0000000180025095e-35 0.27600000000000008 0.071714500000000014 0.81639150000000005 0.29000000000000009 -0.06724999999999999 0.63750000000000007 0.77500000000000013 -0.48734999999999995 1555.5000000000002 586.50000000000011
decision_type=2 2 2 2 2 2 2 2 2 2 2 2 2 2 2 2 2 2 2 2 2 2 2 2 2 2 2 2 2 2
left_child=2 3 14 6 8 10 -2 -6 16 -4 -5 -11 -8 24 15 -1 -3 21 -14 -15 25 22 23 -12 -7 -18 -9 -26 -21 -13
right_child=1 4 9 5 7 13 12 26 -10 11 17 29 18 19 -16 -17 20 -19 -20 28 -22 -23 -24 -25 27 -27 -28 -29 -30 -31
leaf_value=-0.043955970486297208 -0.036769735163038046 -0.003596698063458699 0.031961961176968028 -0.02235466154500719 0.024563468991278162 -0.030249160292865153 -0.032582075041114732 0.028011056452606438 0.034264333577886955 -0.040812924498191669 0.018618945336983508 0.0038420484681157109 -0.025586893933316254 0.019021726346627684 -0.051693187736407735 0.013847677917382421 -0.0070839359962596958 0.017885684264140746 0.0032450255705772967 0.027968280425506337 0.021549731434152519 -0.020634597286005172 -0.017342338275962498 -0.037987949414163037 0.027205024514335093 0.017500413424382893 0.045574492591558879 -0.036504731552556423 0.053492223368374205 -0.018608952390622813
leaf_weight=47.424554772034753 235.36223958339542 171.61861235043034 37.551146348007023 122.19156315003056 331.19268464110792 24.331255929311737 100.20128413080238 134.71288486407138 199.9881319461856 69.652667649905197 166.1132664559409 137.89439146197401 75.774709413060918 144.73346047988161 1185.636725670367 26.266681967303157 127.90165271773003 174.83514899283182 213.39245543559082 98.584821292199194 424.76128755416721 91.410957917920314 75.457795525435358 19.35850293841213 54.624188775196671 122.4541434161365 868.47027404198889 10.235145812854169 117.08026552200317 136.16574013943318
leaf_count=8713 32904 2851 487 8202 3994 831 3567 1279 1703 6477 1686 5201 5428 2109 284134 2312 2647 2894 4098 573 4077 5614 701 208 494 1183 10230 231 440 9184
internal_value=-7.56503e-11 0.0162388 -0.0406297 -0.000845629 0.0286063 0.0106535 -0.0210736 0.0385864 0.0158835 -0.00956457 -0.000680483 -0.0141014 -0.0115858 0.0270239 -0.0500348 -0.0233523 0.0115422 0.00434327 -0.00431022 0.0326672 0.0153906 -0.00237662 0.00401966 0.0127106 0.00422041 0.00494077 0.043216 0.0171513 0.0418247 -0.00731265
internal_weight=5745.38 4104.79 1640.59 1723.69 2381.1 1098.96 624.731 1334.38 1046.72 381.264 649.367 343.713 389.368 449.589 1259.33 73.6912 846.736 527.176 289.167 360.399 675.117 352.341 260.93 185.472 89.1906 250.356 1003.18 64.8593 215.665 274.06
internal_count=414452 97944 316508 69980 27964 23983 45997 15503 12461 21349 19305 20862 13093 4678 295159 11025 10758 11103 9526 3122 7907 8209 2595 1894 1556 3830 11509 725 1013 14385
is_linear=0
shrinkage=0.05


Tree=32
num_leaves=31
num_cat=0
split_feature=17 19 19 20 17 10 16 19 19 12 19 20 20 3 0 19 0 18 19 0 10 10 10 17 17 4 0 20 12 18
split_gain=1374.41 303.768 181.078 122.152 112.772 59.5239 50.3739 43.5215 34.7347 34.5028 25.1442 22.3653 22.0903 21.1453 20.5213 20.4551 18.3695 17.8561 16.7249 15.7993 18.4653 15.0902 15.0488 13.5772 13.5448 13.0469 12.8622 12.6315 12.4472 11.9241
threshold=0.81151000000000006 -0.029449999999999994 -0.033049999999999989 0.066756000000000024 0.96513150000000014 0.68750000000000011 -0.15994999999999995 -0.0063499999999999989 -0.062749999999999986 0.17745000000000002 -0.06674999999999999 0.27287150000000004 0.21447300000000002 0.27865000000000006 0.27600000000000008 -1.0000000180025095e-35 0.84150000000000003 -0.53349999999999997 -0.10274999999999999 0.12950000000000003 0.56250000000000011 0.51250000000000007 0.5375000000000002 0.5250180000000001 0.99421400000000004 1.7503500000000003 0.14350000000000004 0.077194000000000026 0.03475000000000001 -0.24339999999999998
decision_type=2 2 2 2 2 2 2 2 2 2 2 2 2 2 2 2 2 2 2 2 2 2 2 2 2 2 2 2 2 2
left_child=2 3 12 5 16 6 13 29 -5 15 25 -11 14 -2 -1 -4 27 -12 -8 20 -20 -17 -10 -23 -9 -7 -15 -3 -24 -6
right_child=1 4 9 8 7 10 18 24 22 11 17 -13 -14 26 -16 21 -18 -19 19 -21 -22 23 28 -25 -26 -27 -28 -29 -30 -31
leaf_value=-0.043095116060992734 -0.059908606088893528 0.02008867230557021 -0.040209251528665634 -0.034160290318804021 0.028832892381124842 0.011780441837434201 -0.02917878494960844 0.032752583469459792 -0.022584790100173977 0.027830625191414046 0.039860426118718734 -0.0096388960483358276 -0.051445051485109916 -0.032522613244215098 0.012992236530111246 -0.035301965411352762 0.028271037493868646 0.0065723308902543957 -0.017310524641258585 0.016345990166121465 0.0097623836893371459 -0.058687253107718766 -0.025180005483350837 0.010033087604830947 0.045714946077180386 -0.038947790515875505 -0.00012628522891327992 0.0042430661405948875 0.009347761624934222 0.012300817168889276
leaf_weight=44.449898994003888 33.642207031603903 172.06236666953191 94.469280042161699 251.64385541895172 375.72677014628425 101.64133342728019 30.492111417464912 286.50565912795719 106.21383360316395 74.76612120331265 209.27265184000134 85.217349964659661 1098.9228904793854 57.236978995730169 25.759610892506316 37.191517346771434 144.03467043349519 49.889191329013556 98.762028264813125 319.07024002121761 173.85719763231464 7.9792985599488011 33.305434778449126 72.435615750961006 679.50480353634339 14.480821676552294 65.929847908671945 467.46802731533535 120.68453415972181 153.68518690112978
leaf_count=8713 780 1645 13662 34779 2445 1565 2868 2293 8062 1043 1315 3559 284134 1766 2312 1383 1286 606 2713 4884 2381 502 1755 1200 11483 574 947 7610 4985 1202
internal_value=-2.44297e-11 0.0156418 -0.0400396 -0.000584844 0.0275048 0.00843051 0.000549627 0.0355559 -0.0209155 -0.00965872 0.0247891 0.00787198 -0.0497078 -0.0247771 -0.0225169 -0.0228834 0.0121394 0.0334524 0.00693276 0.00879373 -4.53448e-05 -0.00896604 -0.00810641 0.0032142 0.0418705 0.00545446 -0.0151812 0.00850625 0.00187999 0.0240337
internal_weight=5486.3 3945.11 1541.19 1666.12 2278.99 1154.27 778.991 1495.42 511.848 372.059 375.284 159.983 1169.13 156.809 70.2095 212.076 783.565 259.162 622.182 591.689 272.619 117.606 260.204 80.4149 966.01 116.122 123.167 639.53 153.99 529.412
internal_count=414452 97944 316508 69980 27964 20399 16339 17423 49581 21349 4060 4602 295159 3493 11025 16747 10541 1921 12846 9978 5094 3085 14802 1702 13776 2139 2713 9255 6740 3647
is_linear=0
shrinkage=0.05


Tree=33
num_leaves=31
num_cat=0
split_feature=17 2 19 19 19 17 10 17 4 16 12 0 6 17 0 17 17 6 16 10 19 12 0 4 6 4 6 0 16 6
split_gain=1254.33 289.56 166.845 126.39 93.5611 82.5619 55.279 32.7731 30.281 26.7218 26.0172 25.1039 22.9816 21.9635 21.0143 20.1721 19.0949 17.9013 18.2542 15.8322 14.8711 17.11 14.698 14.1583 14.0701 13.8847 13.6389 13.4545 13.4482 12.845
threshold=0.81151000000000006 0.77500000000000013 -0.030449999999999994 -0.015949999999999995 -0.049749999999999996 0.96513150000000014 0.68750000000000011 0.9723035000000001 1.8366500000000003 -0.19274999999999998 0.17745000000000002 0.84150000000000003 760.50000000000011 0.99048750000000008 0.27600000000000008 0.92953700000000017 0.61821900000000019 634.50000000000011 -0.11694999999999998 0.51250000000000007 -0.066249999999999989 0.26195000000000007 0.27600000000000008 1.1710500000000004 1177.5000000000002 1.7564500000000003 592.50000000000011 0.76250000000000007 -0.19864999999999997 340.50000000000006
decision_type=2 2 2 2 2 2 2 2 2 2 2 2 2 2 2 2 2 2 2 2 2 2 2 2 2 2 2 2 2 2
left_child=2 4 20 6 15 27 7 14 29 23 12 13 16 -6 -3 -2 -4 18 -11 -18 -1 -22 -7 -9 -15 -12 -20 -5 -17 -8
right_child=1 3 10 5 11 22 8 9 -10 17 25 -13 -14 24 -16 28 19 -19 26 -21 21 -23 -24 -25 -26 -27 -28 -29 -30 -31
leaf_value=-0.052215722930565346 -0.043775908769824061 -0.014870248354520563 -0.036360351998060945 0.013162038684550346 -0.011566437318184415 0.031604372065980622 -0.02799992918327205 -0.047184443298762591 -0.014679502571023698 -0.066362422072981597 0.010117055280318556 0.026818286306294049 -0.047799974817858588 -0.00037027878747979571 0.010752477877289926 -0.045046121395255517 -0.029294984066911868 0.020199019229972141 0.01706864948740007 0.016542470014549403 -0.044922229684221979 -0.011986802582958502 0.045816506468138167 -0.00016736766238667695 0.023678498031106592 -0.05786964695394612 -0.063325558893645703 0.03355479455345281 -0.014588848835148525 0.032841429797707392
leaf_weight=859.02508607273921 125.21085761106224 240.75121602416039 46.090153275290504 408.73791757924482 230.57602822547778 245.27095031063072 8.8791283690370602 23.652512241154909 39.194125228561461 11.481367910280822 141.0965635671746 102.45307903084904 57.484603608580073 143.07905853912234 119.86037972359918 43.175741237821057 26.624474780634046 450.35418593510985 34.953716183546931 64.416475042235106 193.22647725624847 49.544363007531501 704.32356879115105 49.56609870120883 105.79039051663131 7.9319729555863878 6.2133639529347411 100.83627344691195 225.70822216686793 377.61487796297297
leaf_count=243400 23584 15281 4726 4194 8167 2597 182 306 1020 117 3526 1111 6934 1684 3811 2230 1377 3476 374 1850 47566 6542 10900 443 657 587 45 1024 13715 3026
internal_value=-4.33269e-11 0.0150877 -0.0396406 0.0232075 -0.00838765 0.0334332 0.0122566 0.00546775 0.027197 0.0128659 -0.00922323 0.00435239 -0.0212623 -0.000448361 -0.00635375 -0.0271989 -0.0101378 0.0169739 -0.0106135 0.00313753 -0.0491277 -0.0382008 0.0421457 -0.0153557 0.00985247 0.0064985 0.00493472 0.0171974 -0.0194795 0.0314437
internal_weight=5243.12 3797.68 1445.44 2821.69 975.993 1459.17 1362.52 936.833 425.688 576.221 343.644 581.899 194.616 479.445 360.612 394.095 137.131 503.003 52.6484 91.0409 1101.8 242.771 949.595 73.2186 248.869 149.029 41.1671 509.574 268.884 386.494
internal_count=414452 97944 316508 46796 51148 18715 28081 23853 4228 4761 19000 11619 14887 10508 19092 39529 7953 4012 536 3227 297508 54108 13497 749 2341 4113 419 5218 15945 3208
is_linear=0
shrinkage=0.05


Tree=34
num_leaves=31
num_cat=0
split_feature=17 7 17 20 10 0 7 0 17 6 18 20 3 7 20 21 16 7 6 20 18 17 9 21 20 6 4 21 6 17
split_gain=1134.99 203.721 131.473 86.7933 71.6551 46.3843 40.8277 40.3034 37.4534 34.209 32.5066 27.1555 26.7562 36.3807 20.5803 26.1852 17.1999 16.0589 15.4937 15.0732 14.3628 13.4559 14.739 13.2117 11.4613 12.981 11.4092 11.2542 10.8578 11.6557
threshold=0.79600750000000009 0.44725000000000004 0.93717950000000017 0.31281550000000008 0.58750000000000002 0.27600000000000008 0.51045000000000007 0.78250000000000008 0.99421400000000004 1069.5000000000002 -0.49989999999999996 0.14334650000000002 0.47645000000000004 0.40535000000000004 0.066756000000000024 0.91331150000000016 -0.40724999999999995 0.46435000000000004 748.50000000000011 0.062631000000000006 -0.22339999999999996 0.99048750000000008 0.090000000000000011 0.30019750000000006 0.12546300000000002 748.50000000000011 1.0604500000000001 0.4003425000000001 556.50000000000011 0.5395755000000001
decision_type=2 2 2 2 2 2 2 2 2 2 2 2 2 2 2 2 2 2 2 2 2 2 2 2 2 2 2 2 2 2
left_child=3 4 9 5 10 -1 8 20 -4 17 14 -7 13 -6 15 -2 -12 -3 -16 -11 -5 22 -15 26 -18 -26 -22 -23 -13 -30
right_child=1 2 6 7 12 11 -8 -9 -10 19 16 28 -14 21 18 -17 24 -19 -20 -21 23 27 -24 -25 25 -27 -28 -29 29 -31
leaf_value=-0.037407924595837409 -0.00059073612266005195 -0.0070235352673859233 0.016367208366659208 -0.051608044467418679 -0.0012830982000398641 0.041537360920098 0.045796083720682057 -0.0018685998118874239 0.03446973482637522 0.013515462415721012 -0.064852543215375105 0.019884024371400539 -0.0091853589832119401 -0.028228585673515279 -0.011922456293159647 -0.043806001905318519 0.0068826507935793998 0.021769949752056886 -0.045170682951134987 -0.022443375188769335 0.024834537994795999 0.042592129472545773 0.016377015507448998 -0.046670587521883938 0.00068388425673914302 -0.033482861350456243 -0.028189308069750108 0.021954486237323972 0.036619216509477311 -0.024976306865878501
leaf_weight=116.35729677195195 157.98238846450113 69.348818999249488 484.87576372991316 823.05416469549527 258.66066033951938 37.831627691397443 384.3961629208643 47.787403667229228 695.67728699254803 35.974388095084578 10.04330605000723 25.669167785556056 143.99773136246949 20.168921290664002 52.255540622514673 45.047786906128749 283.85798373544822 160.49453876749612 106.35400265426142 153.46863559808116 12.565591350314206 96.121170521015301 226.45431836252101 104.16532970085973 78.071012675645761 43.172673535824288 52.664924567332491 211.21940014103893 8.6915670384187234 66.013427805679385
leaf_count=26513 5430 2313 6067 244841 8829 722 5567 2188 7617 721 300 1264 7464 684 5592 1616 7107 2449 17760 8599 876 1008 5153 19560 3551 4705 6601 1919 172 7264
internal_value=5.28508e-11 0.0140414 0.0249811 -0.0403157 0.00151862 -0.0141472 0.031643 -0.0467196 0.0270347 0.000116246 -0.00976278 0.00543638 0.0106792 0.0141992 -0.0207217 -0.0101792 -0.00021629 0.0130823 -0.0342167 -0.015615 -0.0488792 0.0214283 0.0127292 -0.0356206 0.00138618 -0.0114823 -0.0179751 0.0284089 -0.0081703 -0.01781
internal_weight=5012.44 3717.64 1984.24 1294.8 1733.41 254.563 1564.95 1040.24 1180.55 419.286 776.785 138.206 956.622 812.624 361.64 203.03 415.145 229.843 158.61 189.443 992.45 553.964 246.623 169.396 405.102 121.244 65.2305 307.341 100.374 74.705
internal_count=414452 104451 33333 310001 71118 35935 19251 274066 13684 14082 46061 9422 25057 17593 30398 7046 15663 4762 23352 9320 271878 8764 5837 27037 15363 8256 7477 2927 8700 7436
is_linear=0
shrinkage=0.05


Tree=35
num_leaves=31
num_cat=0
split_feature=17 2 19 19 19 17 20 20 2 21 20 0 19 7 20 17 0 17 3 20 12 7 7 7 21 19 18 0 0 17
split_gain=1034.45 253.011 150.045 105.087 75.9131 74.5001 46.8019 22.8234 22.876 22.1892 22.1572 21.4796 20.6805 19.4727 18.4184 18.0331 16.4434 15.8957 14.6976 13.4088 12.8709 12.6793 12.5879 12.2747 12.261 11.9062 15.0787 11.3663 11.3659 11.4408
threshold=0.81151000000000006 0.77500000000000013 -0.033049999999999989 -0.019749999999999997 -0.049749999999999996 0.96513150000000014 0.031696000000000009 0.11155550000000002 0.77500000000000013 0.97748400000000013 0.21447300000000002 0.84150000000000003 -0.078249999999999986 0.44135000000000008 0.040202000000000009 0.92953700000000017 0.27600000000000008 0.99048750000000008 0.68795000000000006 0.12287900000000002 0.17055000000000003 0.42725000000000007 0.41405000000000008 0.43485000000000007 0.44234350000000006 -0.081249999999999975 -0.52099999999999991 0.76250000000000007 0.69000000000000006 0.76204950000000016
decision_type=2 2 2 2 2 2 2 2 2 2 2 2 2 2 2 2 2 2 2 2 2 2 2 2 2 2 2 2 2 2
left_child=2 4 10 6 15 27 9 -4 -9 22 16 14 -8 19 18 -2 -1 -16 -6 -7 28 24 25 -11 -17 -3 -27 -5 29 -10
right_child=1 3 7 5 11 13 12 8 20 23 -12 -13 -14 -15 17 21 -18 -19 -20 -21 -22 -23 -24 -25 -26 26 -28 -29 -30 -31
leaf_value=-0.040585667579737784 -0.042883546136993446 -0.059965317794214268 0.041135893108422736 0.012431553579808559 0.0026399334294537765 0.030522901021815419 -0.026254623175903199 -0.040484504697538691 -0.037176609079327502 -0.026970108341472322 -0.050780463569137159 0.024877492805674736 0.0034173908781596051 0.043605712292840076 -0.016657230474835555 -0.0081400349993172878 0.012473082694833356 0.039175778898621963 0.037130277613432953 -0.010659665674183319 0.0066891419845981669 -0.0032582073557915498 0.025459881887478497 0.011318075439875726 -0.036567079207355919 0.022589693835061014 -0.040285505140989802 0.031875544669979293 0.0049884990043669118 -0.0015931226470065262
leaf_weight=37.01069904625183 112.74450115207583 6.8999400958418837 20.627351873554289 424.44035005453043 224.42098458437249 179.87642157985829 67.678191061713733 61.580624312278815 67.953557870234363 35.042803776450455 881.99545751404366 93.874755148543045 443.78714367351495 704.08598972985055 185.38482629164355 57.659914997057058 24.117361631593667 13.689230649732052 35.817827494814992 22.205256513901986 106.82132785976864 86.12692666624207 532.10371038829908 51.985851126839407 110.86229835479753 45.866352646611631 12.038270535413174 91.33333621872589 44.318537482060492 33.83752547041513
leaf_count=8713 23584 111 270 4906 2329 2877 7898 6534 8874 406 284134 1111 14084 10778 7676 4397 2312 189 314 264 3065 4281 3681 382 7267 292 87 1030 1135 1471
internal_value=3.77915e-11 0.0139287 -0.0385512 0.0218585 -0.00861709 0.0310446 0.0109316 -0.00981414 -0.0131557 0.0194871 -0.0487629 0.00308402 -0.000508874 0.039679 -0.00137015 -0.0262355 -0.019652 -0.0128179 0.00738699 0.0259977 -0.00650203 -0.0188647 0.0229259 -0.00409898 -0.0268408 0.00211994 0.00951805 0.0158747 -0.0161461 -0.0253479
internal_weight=4816.19 3537.92 1278.26 2617.34 920.581 1421.94 1195.4 335.139 314.512 683.937 943.124 553.188 511.465 906.168 459.313 367.394 61.1281 199.074 260.239 202.082 252.931 254.649 596.908 87.0287 168.522 64.8046 57.9046 515.774 146.11 101.791
internal_count=414452 97944 316508 46796 51148 19855 26941 21349 21079 4959 295159 11619 21982 13919 10508 39529 11025 7865 2643 3141 14545 15945 4171 788 11664 490 379 5936 11480 10345
is_linear=0
shrinkage=0.05


Tree=36
num_leaves=31
num_cat=0
split_feature=17 2 17 20 18 18 18 12 17 6 18 21 6 17 6 20 6 20 21 21 14 4 16 12 10 18 10 14 17 2
split_gain=936.437 215.051 93.8512 84.1127 61.4958 58.4912 38.6003 37.8616 30.8524 30.3246 22.6071 20.6322 18.9444 18.2054 22.2809 16.7865 17.506 16.2789 16.0544 15.2831 15.2082 14.6607 14.4557 13.9857 13.7223 15.2157 13.3772 14.2988 15.613 12.5058
threshold=0.81151000000000006 0.77500000000000013 0.96879400000000004 0.31281550000000008 -0.099299999999999986 -0.32219999999999999 -0.10139999999999998 0.19405000000000003 0.96513150000000014 1573.5000000000002 -0.63654999999999984 0.96449600000000013 760.50000000000011 0.99421400000000004 1540.5000000000002 0.088748500000000022 958.50000000000011 0.077194000000000026 0.6252660000000001 0.56691550000000013 0.61025000000000007 0.81515000000000015 -0.034649999999999993 0.20765000000000003 0.7875000000000002 -0.34639999999999993 0.36250000000000004 0.68575000000000008 0.93717950000000017 0.77500000000000013
decision_type=2 2 2 2 2 2 2 2 2 2 2 2 2 2 2 2 2 2 2 2 2 2 2 2 2 2 2 2 2 2
left_child=3 5 9 7 11 8 -5 12 -2 15 -9 13 -1 -4 22 20 -17 -11 -8 -10 -3 -13 24 -19 25 -15 -7 -28 -29 -12
right_child=1 2 4 6 -6 26 18 10 19 17 29 21 -14 14 -16 16 -18 23 -20 -21 -22 -23 -24 -25 -26 -27 27 28 -30 -31
leaf_value=-0.010493261741280794 -0.037254769260545002 -0.036696405769863737 0.014659722550471344 -0.049646165088065013 0.045068633567533781 -0.022240568850668972 -0.013412042690928617 -0.053427246728285652 0.0030135239680811523 0.0019297032294662078 -0.010553017329169754 -0.064687524599061574 -0.0452926432514398 0.0071656990715376753 0.040617609237533867 0.012651371238322771 -0.0073018957440510778 -0.047786016299235845 -0.052533069533548721 -0.021132148224765383 0.024831431455878961 0.0083148089493497897 0.034634676265085311 0.0067716441966001548 0.04714287402818567 0.032938024245567882 -0.0070008671545828439 -0.0074141756924319575 0.019816995719054521 0.027109858031067247
leaf_weight=71.018153154145693 172.61948097968707 10.486130323843097 316.23992601106875 775.92948404597701 396.22329842625186 41.604115278227255 118.25120383000467 13.357172791380433 120.94253398349974 69.915298676467501 31.662356363260187 7.2417470114305607 87.043259565427434 231.86004964541644 266.32081062300131 349.74500670406269 160.31181728816591 44.750783754047006 33.698158813873306 143.04764903115574 237.78958488808712 136.66718800668605 171.57267781160772 15.927437474834731 33.688921218272299 76.055709059350193 120.53468486911152 68.70052325737197 225.12127728387713 72.530301570077427
leaf_count=9550 31023 155 3418 260183 9058 1307 8698 3866 3961 1523 3690 141 21970 2077 1476 9527 6839 3486 6503 5531 3882 1355 1904 689 324 942 2665 3603 3058 2048
internal_value=8.53028e-11 0.0133574 0.0208151 -0.0379291 0.0279213 -0.0077379 -0.0451332 -0.0136755 -0.020818 0.0077378 0.00781384 0.0224405 -0.029657 0.0247782 0.0288832 0.0115702 0.00638002 -0.014516 -0.022088 -0.0100702 0.0222328 0.00464121 0.0227935 -0.0334652 0.0168462 0.0135315 0.00478709 0.00750084 0.0134499 0.0156648
internal_weight=4620.86 3417.37 2524.8 1203.49 1635.87 892.57 927.879 275.611 436.61 888.926 117.55 1239.65 158.061 1095.74 779.498 758.333 510.057 130.594 151.949 263.99 248.276 143.909 513.177 60.6782 341.605 307.916 455.961 414.356 293.822 104.193
internal_count=414452 97944 46796 316508 20695 51148 275384 41124 40515 26101 9604 11637 31520 10141 6723 20403 16366 5698 15201 9492 4037 1496 5247 4175 3343 3019 10633 9326 6661 5738
is_linear=0
shrinkage=0.05


Tree=37
num_leaves=31
num_cat=0
split_feature=17 2 17 0 0 0 10 21 17 0 2 10 17 6 12 2 17 16 17 0 6 13 21 10 12 17 6 4 3 10
split_gain=841.429 192.815 85.2589 74.2812 61.2447 60.6445 42.5246 28.9259 28.5597 27.0349 23.9112 23.6346 21.9837 19.5287 18.9218 26.4739 19.4745 18.2316 17.9545 17.2317 15.7863 14.3803 14.0494 13.9071 20.7835 14.2834 13.437 12.9841 12.6507 13.7257
threshold=0.81151000000000006 0.77500000000000013 0.96879400000000004 0.59750000000000003 0.27600000000000008 0.26200000000000007 0.6583500000000001 0.78960900000000012 0.72634700000000008 0.38900000000000007 0.77500000000000013 0.71250000000000002 0.98340450000000013 1060.5000000000002 0.21825000000000003 0.77500000000000013 0.35899200000000003 -0.29784999999999995 0.96182300000000009 0.76250000000000007 796.50000000000011 1.0000000180025095e-35 0.5807635000000001 0.5375000000000002 0.29705000000000004 0.93717950000000017 244.50000000000003 1.8847500000000001 0.5494500000000001 0.58750000000000002
decision_type=2 2 2 2 2 2 2 2 2 2 2 2 2 2 2 2 2 2 2 2 2 2 2 2 2 2 2 2 2 2
left_child=3 5 9 8 6 12 7 26 14 11 -5 13 -2 -3 -1 -16 -17 -7 -19 -20 -10 -6 -14 24 -15 -25 -4 -8 29 -11
right_child=1 2 4 10 21 17 27 -9 20 28 -12 -13 22 23 15 16 -18 18 19 -21 -22 -23 -24 25 -26 -27 -28 -29 -30 -31
leaf_value=-0.051720717966869584 -0.036286683796543699 0.0046289255932418514 -0.081453847140383145 -0.034857012457016071 0.028550319832820942 -0.04300078344928035 0.030837596488752755 -0.012846905652983779 -0.0082424441164119216 -0.001236446044825066 0.0012003368252740058 0.021753259702809807 0.0037985164282533556 -0.043234344057382398 -0.050330488420943897 -0.04960115087158657 0.0035321356970020347 -0.0069527542729148134 0.0075432455604654046 0.039154600297705316 -0.039182966409798348 0.042834886380757262 -0.023529345854821526 -0.025358088339078086 0.011727171069713844 0.014068842241050331 0.016600780448795437 -0.0061249186927860516 0.029569678538553863 0.024855242514592646
leaf_weight=577.6633298342349 169.70617725528427 233.82924522570102 3.5389130900148293 67.607120286964346 288.27831435302505 20.168122113449499 400.57518600602634 135.13623182778247 79.278025251522195 115.12626384268515 143.71952840127051 102.25326360855252 83.695304857566953 73.394333977252245 102.37131383223459 24.546290269645397 57.980865928228013 181.91447016689926 256.68709433195181 51.812238977523521 85.888655963237397 453.11754678015132 107.3619063985534 40.938551870349329 22.465524102328345 52.340089761884883 274.49558835569769 25.25714157614857 142.94768724846654 89.65961556462571
leaf_count=217972 30454 9213 32 10128 3072 496 3503 1539 12658 1710 5670 1566 1883 5839 31561 7889 9070 10307 3739 844 21560 9385 3425 2978 920 1028 2813 351 1800 1047
internal_value=1.51672e-10 0.0127065 0.0198824 -0.0370879 0.0268098 -0.00749809 0.0175572 0.00612943 -0.0431819 0.00734098 -0.010335 0.000181375 -0.0231906 -0.00503367 -0.0472647 -0.0333433 -0.0122715 0.00358981 0.00550583 0.0128523 -0.0243319 0.0372806 -0.011558 -0.0169794 -0.0303537 -0.00323503 0.0153527 0.0286453 0.0181549 0.0101871
internal_weight=4463.75 3324.7 2453.35 1139.06 1580.4 871.345 839.003 413.171 927.728 872.955 211.327 525.221 360.763 422.968 762.562 184.898 82.5272 510.582 490.414 308.499 165.167 741.396 191.057 189.138 95.8599 93.2786 278.035 425.832 347.734 204.786
internal_count=414452 97944 46796 316508 20695 51148 8238 4384 300710 26101 15798 21544 35762 19978 266492 48520 16959 15386 14890 4583 34218 12457 5308 10765 6759 4006 2845 3854 4557 2757
is_linear=0
shrinkage=0.05


Tree=38
num_leaves=31
num_cat=0
split_feature=17 19 19 17 20 7 16 7 12 6 12 17 10 6 17 20 20 7 6 10 17 10 19 19 6 4 6 10 14 4
split_gain=763.865 206.582 98.2218 95.0744 62.6211 59.7921 33.0591 25.8259 24.6239 22.6404 27.3331 21.8843 19.7693 18.7263 24.2989 17.0815 16.7406 15.7718 15.2415 14.8813 13.8594 13.4097 17.6297 12.7971 19.3002 13.0929 12.504 12.1642 12.0291 11.7537
threshold=0.76204950000000016 -0.053949999999999991 -0.043049999999999991 0.93717950000000017 0.062631000000000006 0.44725000000000004 -0.29784999999999995 0.51045000000000007 0.21825000000000003 1000.5000000000001 0.29275000000000007 0.99421400000000004 0.51250000000000007 1645.5000000000002 0.99421400000000004 0.52952800000000011 0.21447300000000002 0.46435000000000004 472.50000000000006 0.71250000000000002 0.5250180000000001 0.56250000000000011 -0.0081499999999999993 -0.015949999999999995 1540.5000000000002 1.1616500000000001 1627.5000000000002 0.83750000000000002 0.69185000000000008 1.9452500000000004
decision_type=2 2 2 2 2 2 2 2 2 2 2 2 2 2 2 2 2 2 2 2 2 2 2 2 2 2 2 2 2 2
left_child=2 4 16 9 6 21 29 11 18 17 12 -7 -11 27 -15 -10 -1 19 20 -3 -4 22 -5 24 25 -13 -14 -8 -6 -2
right_child=1 3 8 5 28 7 13 -9 15 10 -12 23 26 14 -16 -17 -18 -19 -20 -21 -22 -23 -24 -25 -26 -27 -28 -29 -30 -31
leaf_value=-0.0090167022930608444 -0.063584870612149846 -0.0031235943509966514 -0.037977110490095167 -0.0045816187554279285 -0.015409478356183257 0.017529828742855223 -0.0068160501485640462 0.043586334344464253 0.016436658736782902 -0.038956629806279099 0.022911290073717158 -0.037878222815881379 0.0019675482125860815 -0.0088016198303198147 0.028509687170822168 -0.030543822995135469 -0.051771569835485191 0.02219437710411068 -0.039290950065600856 0.029546366078086323 0.009677563076643159 0.017420321751864722 0.026517529819293058 0.041643205486940976 0.03931490359256111 0.016244921234745781 -0.039810627837215368 0.054647364187837166 -0.036450964913981081 0.053204943141108109
leaf_weight=23.738090795450262 25.180940241320062 234.96201847909833 24.206111992243677 182.92810905654915 104.48370696787606 377.53697595745325 288.96442045900039 298.76139834010974 77.870033166487701 75.62325358891394 48.595418411772698 12.651966542238368 93.177970518881921 68.335721028037369 120.72719175904058 25.744189058663324 644.56850434793159 142.77751621161588 95.045051516644889 40.9280746007571 41.269084742059931 511.17372059868649 60.689790546544828 243.65507259534206 115.31576938054059 95.657727287150919 22.171407108311541 8.2805886836722475 194.11657810723409 2.3558487626723936
leaf_count=4575 939 9593 3311 2490 11588 3643 8572 5555 2849 5168 981 106 3243 3611 1093 1707 263122 2042 17930 755 2510 6987 1117 5066 587 858 1424 103 42887 40
internal_value=-6.66847e-11 0.0110847 -0.0400509 0.0180643 -0.0108785 0.023742 -0.000296662 0.0309511 -0.0142379 0.00168973 -0.0105689 0.0264827 -0.0190884 0.00272121 0.0150237 0.0047638 -0.0502529 0.0087043 -0.0265032 0.00172297 -0.00794032 0.0128195 0.00316576 0.0337162 0.0250792 0.00992264 -0.00606267 -0.00510382 -0.0290883 -0.0535932
internal_weight=4301.49 3369.05 932.441 2556.61 812.445 1898.37 513.845 1143.58 264.134 658.236 239.568 844.818 190.973 486.308 189.063 103.614 668.307 418.668 160.52 275.89 65.4752 754.792 243.618 467.281 223.625 108.31 115.349 297.245 298.6 27.5368
internal_count=414452 118448 296004 49615 68833 26409 14358 15815 28307 23206 10816 10260 9835 13379 4704 4556 267697 12390 23751 10348 5821 10594 3607 6617 1551 964 4667 8675 54475 979
is_linear=0
shrinkage=0.05


Tree=39
num_leaves=31
num_cat=0
split_feature=17 2 19 20 19 19 10 19 12 20 16 20 2 10 7 18 17 16 7 17 10 19 17 16 18 4 18 19 18 17
split_gain=702.912 181.367 113.782 75.3555 80.5929 57.8329 30.8293 29.8663 24.2935 21.843 20.3742 17.3681 16.8128 15.9251 14.3131 14.488 13.9507 13.2143 12.8206 12.8174 11.9694 11.8155 11.8046 11.459 11.2195 10.932 14.4871 10.8947 12.5872 10.7991
threshold=0.79600750000000009 0.77500000000000013 -0.043049999999999991 0.083702000000000013 -0.0081499999999999993 -0.049749999999999996 0.56250000000000011 -0.057549999999999997 0.10675000000000003 0.14334650000000002 -0.19274999999999998 0.21447300000000002 0.77500000000000013 0.63750000000000007 0.48565000000000008 -0.69874999999999987 0.92953700000000017 -0.050949999999999988 0.51045000000000007 0.88751050000000009 0.7875000000000002 -0.065749999999999989 0.95456050000000003 -0.0033499999999999992 -0.52669999999999983 1.0258500000000004 -0.56049999999999989 -0.053949999999999991 -0.44219999999999998 0.96879400000000004
decision_type=2 2 2 2 2 2 2 2 2 2 2 2 2 2 2 2 2 2 2 2 2 2 2 2 2 2 2 2 2 2
left_child=2 5 11 4 6 16 8 -5 23 -4 24 -1 -11 19 15 -15 -2 -18 -7 -9 27 -12 -6 25 -10 -3 -27 28 -8 -28
right_child=1 3 9 7 22 18 20 13 10 12 21 -13 -14 14 -16 -17 17 -19 -20 -21 -22 -23 -24 -25 -26 26 29 -29 -30 -31
leaf_value=-0.015509955557679603 -0.039912323395177543 -0.058506000396690461 0.027346320855888354 -0.022579007270723143 0.021621178070526478 -0.00035654280569110612 0.011976061288960544 -0.0086271984599259853 -0.055965094810018379 -0.039395887846513988 -0.013076160691737157 -0.051145012725981279 -0.010024076022910234 0.051948490110776915 0.050256281755950066 0.0082021404970650334 -0.026950462396351006 -0.0019745153894373925 0.028135267750187251 0.0099282384106876183 0.038751785315628839 0.025340179702930551 0.041280633670478593 0.03758670291391867 0.0029551558287109307 -0.037552688836753445 -0.038107912943961764 0.02429826010800696 -0.072168921055758534 0.01111071911089217
leaf_weight=36.189627504121745 104.1799451073166 14.474009496625511 31.236089255660772 88.642544036032632 89.077514040982351 466.01709407864837 207.892810002435 151.67618836293695 14.113475961610673 63.258873601385858 22.916227834299207 619.76665203209268 212.0079345999111 21.889323275070637 33.002354189753532 139.81225645012455 145.10651771811536 83.39621999830706 43.137766621890478 240.85441445629112 90.741654376033694 158.11007600976154 534.70019855693681 10.14524274249561 18.897996014915407 36.808657841058448 13.940168252447618 382.58261680952273 4.5414880588650695 55.576353221200407
leaf_count=7955 26880 262 639 11467 769 11752 2584 5766 293 10383 951 270769 20255 280 521 2240 9660 6285 580 4347 675 1621 11870 163 183 1096 526 3097 102 481
internal_value=1.30177e-10 0.0113555 -0.0374275 0.0185412 0.0242878 -0.00853595 0.0157031 0.00447376 0.00351141 -0.0122776 0.0138894 -0.049179 -0.016774 0.00855735 0.0202484 0.014124 -0.0247486 -0.017835 0.0020574 0.00275831 0.0218364 0.020477 0.0384732 -0.0134522 -0.0222352 -0.0177387 -0.012189 0.0192567 0.0101772 0.00124089
internal_weight=4134.69 3172.23 962.459 2330.4 1654.52 841.838 1030.74 675.877 344.982 306.503 214.038 655.956 275.267 587.235 194.704 161.702 332.683 228.503 509.155 392.531 685.759 181.026 623.778 130.944 33.0115 120.799 106.325 595.017 212.434 69.5165
internal_count=414452 104451 310001 49294 24673 55157 12034 24621 5576 31277 3048 278724 30638 13154 3041 2520 42825 15945 12332 10113 6458 2572 12639 2528 476 2365 2103 5783 2686 1007
is_linear=0
shrinkage=0.05


Tree=40
num_leaves=31
num_cat=0
split_feature=17 19 19 2 17 19 17 0 21 0 10 12 6 16 3 6 17 6 17 16 6 6 6 17 12 6 21 2 6 19
split_gain=638.623 168.563 87.6068 87.0887 71.2164 42.7951 27.8347 23.473 23.327 21.0565 35.6945 20.2907 18.8928 16.3918 15.5516 16.8708 15.1244 14.1944 13.3557 12.9304 12.7531 12.7106 12.5067 12.0224 11.2483 10.966 10.8044 10.5112 10.4944 10.7714
threshold=0.76204950000000016 -0.06674999999999999 -0.043049999999999991 0.77500000000000013 0.98340450000000013 -0.015949999999999995 0.9582210000000001 0.12950000000000003 0.98260750000000019 0.27600000000000008 0.63750000000000007 0.21825000000000003 1540.5000000000002 -0.40724999999999995 0.5494500000000001 1858.5000000000002 0.93717950000000017 316.50000000000006 0.9178495000000001 -0.098949999999999996 472.50000000000006 442.50000000000006 886.50000000000011 0.5250180000000001 0.024150000000000001 772.50000000000011 0.62475300000000011 0.77500000000000013 934.50000000000011 -1.0000000180025095e-35
decision_type=2 2 2 2 2 2 2 2 2 2 2 2 2 2 2 2 2 2 2 2 2 2 2 2 2 2 2 2 2 2
left_child=2 6 -1 7 9 12 -2 -3 22 10 -5 20 13 -6 15 18 -9 -15 21 -18 23 -11 -8 -4 -24 -21 -19 -13 29 -7
right_child=1 3 11 4 5 28 8 16 -10 14 -12 27 -14 17 -16 -17 19 26 -20 25 -22 -23 24 -25 -26 -27 -28 -29 -30 -31
leaf_value=-0.049735120670922763 -0.031572513823758398 -0.021229000230728538 -0.037374995154360678 -0.01161441725153009 -0.092463250227880392 0.012303731190512299 -0.022749780610326089 -0.010435904267316609 -0.043238789073477273 0.028825773919652155 0.017984007251474768 -0.027130110354782761 0.0314612769419884 -0.054613108129646731 0.026645382796207946 -0.033174557564168143 -0.0043782426353088889 0.024178084479915748 0.021393868289525695 -0.0029910785879760549 -0.038043823149062468 -0.0072897415234764998 0.026032745412130045 0.0081683730525425723 -0.0023028173261043449 0.022124672472459393 0.0058616235408244814 0.012143915949272941 0.044341603952292002 0.037792772082757671
leaf_weight=579.59173598673078 188.63337144945399 119.47877287317533 22.865215487137903 223.89806869270978 3.725041792728006 60.593859076907393 57.438108960981481 139.72845214052359 39.300901955110021 31.566380593227223 186.87896552414168 21.923292528605089 193.78133771917783 7.5814180301967999 232.82354993291665 21.286623965483159 119.22908143699169 153.98445755813736 189.22818618209567 57.860005554626696 88.229136598034529 106.74916660226882 44.082810283405706 39.561917398154037 170.42907280352665 174.63664113916457 168.73588568717241 76.431666766060516 343.28353649063502 131.17915674537653
leaf_count=267697 45422 8253 3311 10059 45 797 2496 9469 1536 535 2958 1864 1216 83 3671 528 1701 1290 2107 1193 17930 2476 1156 2510 6455 2239 1339 2692 5051 6373
internal_value=1.55051e-10 0.0102273 -0.0390786 0.0152227 0.0201495 0.0291431 -0.0164169 -0.00135188 -0.00723178 0.0105176 0.00185109 -0.0142749 0.0190415 0.0118363 0.016638 0.00995871 0.0034805 0.0130126 0.0127619 0.00900901 -0.0258071 0.000952543 -0.00202822 -0.00851282 0.00352022 0.0158743 0.0146012 0.00338975 0.0391078 0.0297391
internal_weight=3994.72 3166.11 828.603 2666.23 2055.3 1062.86 499.884 610.933 311.251 992.431 410.777 249.011 527.808 334.027 581.654 348.83 491.454 330.302 327.544 351.726 150.656 138.316 271.95 62.4271 214.512 232.497 322.72 98.355 535.057 191.773
internal_count=414452 118448 296004 61383 38528 16194 57065 22855 11643 22334 13017 28307 3973 2757 9317 5646 14602 2712 5118 5133 23751 3011 10107 5821 7611 3432 2629 4556 12221 7170
is_linear=0
shrinkage=0.05


Tree=41
num_leaves=31
num_cat=0
split_feature=17 19 19 2 17 10 7 4 21 17 6 0 17 2 17 7 19 21 6 6 9 10 3 10 16 21 3 10 9 2
split_gain=586.379 139.372 113.843 68.6461 58.0821 42.5913 29.382 22.4917 21.2642 19.7031 22.3469 18.59 17.5761 17.2037 16.2827 16.0928 15.2147 14.0604 13.1396 12.723 12.5693 13.2344 12.3486 12.8831 12.5007 12.3394 12.0878 11.4255 13.7099 10.91
threshold=0.81151000000000006 -0.029449999999999994 -0.043049999999999991 0.77500000000000013 0.98691650000000009 0.6583500000000001 0.43935000000000007 1.8366500000000003 0.84217550000000008 0.97609950000000012 1000.5000000000001 0.037800000000000007 0.92171950000000014 0.77500000000000013 0.9178495000000001 0.43105000000000004 -0.053949999999999991 0.44234350000000006 316.50000000000006 1540.5000000000002 0.14000000000000004 0.56250000000000011 0.63385000000000014 0.41250000000000003 -0.053949999999999991 0.65390700000000013 0.58125000000000016 0.58750000000000002 0.21500000000000005 0.77500000000000013
decision_type=2 2 2 2 2 2 2 2 2 2 2 2 2 2 2 2 2 2 2 2 2 2 2 2 2 2 2 2 2 2
left_child=2 3 -1 12 14 8 20 11 9 10 -5 18 -2 -4 27 17 -10 -14 -7 25 -6 26 23 24 -16 -11 -22 28 -3 -8
right_child=1 4 13 5 6 7 29 -9 16 19 -12 -13 15 -15 22 -17 -18 -19 -20 -21 21 -23 -24 -25 -26 -27 -28 -29 -30 -31
leaf_value=-0.048067282172454609 -0.035000037189544142 0.0036097167695955537 -0.033212348593773387 0.012423009476008211 0.033481917336392802 -0.056266132203230318 0.020783990744909372 -0.019413035690211231 -0.038588756300643241 0.01428569332783346 -0.023537400505564129 0.0016698038342030698 -0.0025312283700184468 -0.0051082418539623023 -0.048701302746309377 0.0029714244243083682 -0.0035346371573396029 -0.028391381914313348 0.033205300433933903 0.029178000583631833 -0.02979384448946264 0.01558776154960754 0.031587139748181552 0.01515016066382379 0.023632646679658371 -0.020142556236056094 0.058551086021259795 0.014777636018595023 -0.025852954918094247 0.04003016675453297
leaf_weight=589.78259638596501 103.48517111504043 132.5326142309932 69.334367832983844 74.535110808879836 67.864489399595186 4.1766827066894612 87.828127477667294 31.24563317745924 58.135292018472683 87.717403628863394 102.77167150634341 66.098969874437898 80.734911782084964 253.70324661968334 15.878624483011665 123.73898347100476 66.207405265071429 150.62993876059772 234.20557962631574 84.741758652962744 31.48947625386063 122.52152677334379 112.61074113659561 416.84430729219457 9.5745835920097289 37.00518076075241 4.4147381717339149 115.87004480650648 56.240149218705483 455.60384741955204
leaf_count=283821 25492 3040 11083 5433 1066 92 1261 1238 1983 1022 8967 1013 6214 21604 174 4747 806 9544 2335 697 556 2036 1302 4592 170 397 56 1989 1619 10103
internal_value=8.8806e-11 0.0108863 -0.0349992 -0.00128669 0.0206397 0.00715077 0.0306158 0.0209863 -0.00193713 0.00384541 -0.00842059 0.025132 -0.0168675 -0.0111403 0.0117061 -0.0115833 -0.0199239 -0.0193675 0.0316377 0.0142283 0.0154773 0.00776472 0.0168051 0.0130415 -0.0214919 0.00407083 -0.0189311 0.0024183 -0.00516795 0.0369196
internal_weight=3847.52 2934.7 912.82 1305.43 1629.27 846.841 769.722 335.727 511.114 386.771 177.307 304.481 458.589 323.038 859.551 355.104 124.343 231.365 238.382 209.464 226.29 158.426 554.908 442.298 25.4532 124.723 35.9042 304.643 188.773 543.432
internal_count=414452 97944 316508 69980 27964 23983 15078 4678 19305 16516 14400 3440 45997 32687 12886 20505 2789 15758 2427 2116 3714 2648 6238 4936 344 1419 612 6648 4659 11364
is_linear=0
shrinkage=0.05


Tree=42
num_leaves=31
num_cat=0
split_feature=17 19 19 20 19 6 10 10 3 20 20 6 10 20 19 12 20 21 17 6 12 6 17 9 18 10 17 12 10 16
split_gain=540.205 139.311 77.7123 74.4521 61.3479 28.3275 28.1019 21.9303 25.4601 20.966 17.8897 17.4865 17.2021 16.9822 16.0493 15.3683 15.2485 13.9497 13.6134 13.5463 13.004 12.9571 12.5919 13.859 12.4525 12.365 11.1368 14.4588 12.9637 11.0731
threshold=0.76204950000000016 -0.06674999999999999 -0.043049999999999991 0.083702000000000013 -0.0063499999999999989 1609.5000000000002 0.5375000000000002 0.68750000000000011 0.29715000000000008 0.23544800000000002 0.21447300000000002 460.50000000000006 0.46250000000000008 0.53862750000000015 -0.042349999999999992 0.29705000000000004 0.11086500000000001 0.80044250000000006 0.52865250000000008 1177.5000000000002 0.20035000000000003 928.50000000000011 0.99421400000000004 0.29000000000000009 -0.46244999999999997 0.51250000000000007 0.98340450000000013 0.23945000000000002 0.58750000000000002 -0.29784999999999995
decision_type=2 2 2 2 2 2 2 2 2 2 2 2 2 2 2 2 2 2 2 2 2 2 2 2 2 2 2 2 2 2
left_child=2 6 10 4 7 12 29 8 25 -4 -1 13 20 -11 -14 -7 21 26 -15 24 -5 -8 23 -6 -9 -3 27 28 -10 -2
right_child=1 3 9 5 22 15 16 19 17 11 -12 -13 14 18 -16 -17 -18 -19 -20 -21 -22 -23 -24 -25 -26 -27 -28 -29 -30 -31
leaf_value=-0.0035686647058716919 -0.065198900127407186 -0.04018962971011554 0.016009743135511463 -0.025386988322043492 0.029138382861277037 -0.045098868174349958 -0.020919734766921959 0.022374285983526705 -0.01630410300797858 0.022257453443640166 -0.051089467363713739 -0.03465630349939252 -0.01320564909613656 -0.046261823903308984 0.011344009314994921 0.018829403763907609 -0.02792752993173599 0.0016584679691129653 0.0092507263668632697 0.033553456993093631 0.0034263328414404406 0.0068031709084796603 0.038919110929446339 -0.0038132659272599907 -0.0099047239611678474 -0.0033538218633222074 0.022969035821728177 0.033167850629781996 0.019396672087392944 -0.026379070701368319
leaf_weight=20.645271207002224 20.737243862822652 30.160137793747708 45.565977071310044 75.385658004990546 223.50954526360147 45.958194572245702 55.508770595683018 99.853924996685237 68.534926345862914 34.867952574939409 486.59052710531978 110.5187637268973 76.379127963504288 27.554093473328976 518.58907548652496 11.818751460872589 61.296807149221422 205.60923927067779 18.431543956743553 172.31046081287786 81.487335664045531 175.09453688334906 353.38456293410854 37.223459810484201 42.635778625030071 93.129219587193802 297.24823155917693 36.862255901563913 40.427832151995972 160.90548232231231
leaf_count=4575 1402 441 1904 5682 2146 4419 2651 1004 2636 1993 263122 19994 7935 3369 11626 460 14855 2494 1047 1532 3072 7301 11439 409 674 1172 2695 666 881 30856
internal_value=1.93246e-11 0.00950457 -0.0381122 0.0141966 0.0201372 0.00171625 -0.0153703 0.012999 0.00846332 -0.0144713 -0.0491553 -0.0217288 0.00430893 -0.00405827 0.00819244 -0.0320218 -0.0057619 0.012422 -0.0240118 0.0241216 -0.01042 0.00012996 0.0327693 0.0244341 0.0127158 -0.0123649 0.0174168 0.00609914 -0.00305825 -0.0308109
internal_weight=3728.22 2984.05 744.174 2510.51 1700.89 809.618 473.543 1086.77 771.972 236.938 507.236 191.372 751.841 80.8536 594.968 57.7769 291.9 648.682 45.9856 314.8 156.873 230.603 614.118 260.733 142.49 123.289 443.073 145.825 108.963 181.643
internal_count=414452 118448 296004 61383 28189 33194 57065 14195 10985 28307 267697 26403 28315 6409 19561 4879 24807 9372 4416 3210 8754 9952 13994 2555 1678 1613 6878 4183 3517 32258
is_linear=0
shrinkage=0.05


Tree=43
num_leaves=31
num_cat=0
split_feature=17 2 20 17 18 0 18 12 7 6 21 17 21 16 18 16 21 17 6 6 20 6 3 20 16 0 20 2 14 12
split_gain=495.875 132.876 57.8698 49.582 44.27 37.2379 31.9754 20.9574 20.3271 18.8314 17.7935 17.6958 15.14 14.729 13.7485 12.1932 12.8433 11.9793 17.0659 11.9183 11.7193 17.3167 13.3447 11.0837 10.8958 10.8623 12.3721 11.3447 10.6595 13.129
threshold=0.79600750000000009 0.77500000000000013 0.31281550000000008 0.96879400000000004 -0.099299999999999986 0.26200000000000007 -0.22339999999999996 0.18535000000000004 0.43985000000000007 1645.5000000000002 0.96560150000000011 0.9723035000000001 0.6252660000000001 -0.29784999999999995 -0.63654999999999984 -0.090649999999999994 0.25039700000000004 0.99421400000000004 1540.5000000000002 586.50000000000011 0.088748500000000022 814.50000000000011 0.098850000000000007 0.10038750000000002 -0.048549999999999989 0.84150000000000003 0.027212000000000004 0.45000000000000007 0.63335000000000008 0.18335000000000004
decision_type=2 2 2 2 2 2 2 2 2 2 2 2 2 2 2 2 2 2 2 2 2 2 2 2 2 2 2 2 2 2
left_child=2 5 7 9 8 11 -4 19 10 20 -5 -2 15 -7 -9 -8 -17 -10 24 -1 22 -22 -3 -11 -19 26 27 28 -15 -30
right_child=1 3 6 4 -6 13 12 14 17 23 -12 -13 -14 25 -16 16 -18 18 -20 -21 21 -23 -24 -25 -26 -27 -28 -29 29 -31
leaf_value=0.001597027563775338 -0.035625102455151589 -0.06303734692335787 -0.049702401132097423 0.013396120451630734 0.041017901009549454 -0.042886933328842108 0.012817805419863063 -0.052955899933934139 0.012603477074195808 -0.0036699793893669647 -0.016177580011952547 -0.011444523217433576 -0.0525934245721872 -0.056082894548431378 0.013784585504805838 -0.0085341930482022953 -0.046681820903016973 0.010401786856054005 0.038911787072291655 -0.03781608182489371 0.013473283019906211 -0.0056399055989105754 0.020877271211111839 -0.041513011441263764 0.032148691110042531 0.02075451227530474 -0.00872077175822384 0.021178324418011738 0.011829604375859278 -0.058407314956278114
leaf_weight=26.617561238730559 128.2165562362934 4.8462825043825424 441.82754051679512 343.65399426396471 255.56284317601239 18.263702028081752 29.686810154293198 8.5635546268313174 179.95519026368856 68.809836145490408 59.697003320557997 184.59144188161008 34.440414527169196 9.1534121427685005 78.007692332932493 54.196947005635593 37.213764355692547 145.27628536196426 195.45149365835823 68.654715445212787 266.83603616780601 213.18335810629651 211.61893059720751 26.91795500763692 95.433955118991435 71.523773254128173 203.43977617900237 92.626085940282792 48.157848405884579 7.7199091699440023
leaf_count=4331 31370 85 244841 4195 9058 518 3294 3675 2144 2162 805 7218 12531 117 5441 6527 6873 1876 1426 22488 8208 10583 4158 3403 1191 1128 12821 1144 698 143
internal_value=6.10559e-11 0.00972201 -0.0353209 0.016306 0.0224098 -0.00810034 -0.0428388 -0.0106241 0.0177451 0.00648232 0.00901914 -0.0213559 -0.0233419 0.00109589 0.00718267 -0.0150227 -0.0240643 0.0234576 0.0279359 -0.0268047 0.00934027 0.00498485 0.0189986 -0.0143112 0.0190237 0.00295269 -0.000573384 0.00993995 -0.00606726 0.00212588
internal_weight=3610.14 2830.94 779.209 2067.24 1275.03 763.693 597.365 181.844 1019.47 792.212 403.351 312.808 155.538 450.885 86.5712 121.098 91.4107 616.117 436.162 95.2723 696.485 480.019 216.465 95.7278 240.71 432.621 361.097 157.657 65.0312 55.8778
internal_count=414452 104451 310001 49294 20695 55157 274066 35935 11637 28599 5000 38588 29225 16569 9116 16694 13400 6637 4493 26819 23034 18791 4243 5565 3067 16051 14923 2102 958 841
is_linear=0
shrinkage=0.05


Tree=44
num_leaves=31
num_cat=0
split_feature=17 19 19 2 17 19 10 20 7 16 7 7 19 6 20 7 6 17 17 16 6 7 10 12 10 4 20 20 6 17
split_gain=454.841 124.793 71.2995 68.1049 46.3104 33.6361 24.1848 22.277 16.8204 14.2861 13.9657 13.7986 13.4725 13.1828 20.499 15.7849 13.0787 11.6976 11.6686 11.0965 11.01 10.2149 10.1531 13.1396 11.4984 10.1524 9.93739 9.80323 9.72394 9.52829
threshold=0.76204950000000016 -0.06674999999999999 -0.054549999999999994 0.77500000000000013 0.98340450000000013 -0.015949999999999995 0.5375000000000002 0.21447300000000002 0.5293500000000001 -0.13954999999999998 0.44135000000000008 0.47005000000000002 -0.079749999999999974 724.50000000000011 0.088748500000000022 0.40785000000000005 580.50000000000011 0.9582210000000001 0.5250180000000001 -0.29784999999999995 1342.5000000000002 0.47415000000000007 0.71250000000000002 0.29275000000000007 0.43750000000000006 0.99425000000000008 0.50079350000000011 0.20037150000000004 1540.5000000000002 0.9582210000000001
decision_type=2 2 2 2 2 2 2 2 2 2 2 2 2 2 2 2 2 2 2 2 2 2 2 2 2 2 2 2 2 2
left_child=2 6 27 11 8 9 19 -4 13 25 -7 17 -8 -5 15 -15 18 -3 26 -2 21 -11 23 24 29 -6 -9 -1 -26 -16
right_child=1 3 7 4 5 10 12 16 -10 20 -12 -13 -14 14 22 -17 -18 -19 -20 -21 -22 -23 -24 -25 28 -27 -28 -29 -30 -31
leaf_value=-0.0071892723011819093 -0.064724614994108018 -0.018331672361827714 0.017452182599596692 0.016906645660162419 -0.041792715496304748 0.020662575003630883 -0.016411804340953226 0.013151836092346767 0.036015438576322903 0.016105912889370397 0.041117969567224855 0.010907469478597451 0.0056758423209313244 -0.064357991408957954 -0.050413844326478066 0.014441540636690425 -0.036388606166975153 -0.00055200568473040199 0.0017768961221648763 -0.025477685861361898 0.03019301510438931 -0.029201034464344439 0.019237433918565489 0.019216786904704051 -0.0054638249934008554 0.0060808702156939327 -0.040876235487903124 -0.05149906566897669 -0.044970126459475651 0.046718642186126258
leaf_weight=12.88878705044044 20.441319983452559 142.12933026399696 40.546698033635039 290.12686702160863 12.627768972422926 111.95874617103254 150.6109329390747 10.732334792352047 58.251116777537391 178.26675009180326 327.60287673978019 151.7166479753796 127.46738116524648 6.4960025146137914 29.746111444255803 293.38784791168291 98.636598284356296 264.98546091886237 68.198618046211777 151.41989118163474 178.85163794714026 13.374084959737955 33.755735383718275 32.728613959043287 147.57371877942933 90.020033002831042 41.117516869184328 396.22805110819172 17.413703000405803 2.7589688301086417
leaf_count=3192 1402 14764 1876 5973 121 2676 19286 1082 799 1574 9545 3126 5521 127 2345 4154 25904 4965 6551 30856 1283 170 568 887 5581 825 8498 248901 1855 45
internal_value=5.78015e-12 0.00875109 -0.0371035 0.0133097 0.0179864 0.0259494 -0.0154003 -0.0165875 0.0100194 0.0166977 0.0359079 -0.00196284 -0.00628712 0.0082462 0.00379009 0.0127346 -0.0228989 -0.00675913 -0.0118152 -0.0301457 0.0212708 0.0129441 -0.00637109 -0.0101259 -0.0149886 0.000191445 -0.029693 -0.0501031 -0.00963354 -0.0421694
internal_weight=3502.06 2833.71 668.349 2383.77 1824.94 912.702 449.94 259.232 912.239 473.14 439.562 558.831 278.078 853.988 563.861 299.884 218.685 407.115 120.048 171.861 370.492 191.641 263.977 230.221 197.493 102.648 51.8499 409.117 164.987 32.5051
internal_count=414452 118448 296004 61383 38528 16194 57065 43911 22334 3973 12221 22855 24807 21535 15562 4281 42035 19729 16131 32258 3027 1744 11281 10713 9826 946 9580 252093 7436 2390
is_linear=0
shrinkage=0.05


Tree=45
num_leaves=31
num_cat=0
split_feature=17 2 19 19 17 0 10 17 0 12 12 7 10 0 21 17 7 0 19 19 21 12 9 10 10 16 0 9 21 19
split_gain=421.341 111.244 66.9808 50.0242 42.7651 38.9434 31.3617 25.1227 19.4715 19.0233 18.1306 16.9572 14.1425 13.3534 12.3929 12.1488 11.7725 11.0844 11.0212 10.6672 10.5679 12.2881 12.2745 9.89239 9.43174 9.3722 9.14652 10.9141 12.5107 9.9459
threshold=0.76204950000000016 0.77500000000000013 -0.054549999999999994 -0.019749999999999997 0.96879400000000004 0.33800000000000008 0.68750000000000011 0.9723035000000001 0.27600000000000008 0.11845000000000001 0.22385000000000002 0.44135000000000008 0.56250000000000011 0.60600000000000009 0.61925850000000016 0.93717950000000017 0.40885000000000005 0.84150000000000003 -0.081749999999999975 -1.0000000180025095e-35 0.81838300000000008 0.15445000000000003 0.24000000000000002 0.46250000000000008 0.41250000000000003 -0.21244999999999997 0.40980000000000005 0.29000000000000009 0.90928700000000007 -0.092249999999999985
decision_type=2 2 2 2 2 2 2 2 2 2 2 2 2 2 2 2 2 2 2 2 2 2 2 2 2 2 2 2 2 2
left_child=2 5 -1 6 -5 7 8 -2 12 23 19 -6 20 -12 -9 -14 -17 26 -8 -4 21 -3 -23 -10 -15 -11 29 -28 -29 -7
right_child=1 3 10 4 11 17 18 14 9 25 13 -13 15 24 -16 16 -18 -19 -20 -21 -22 22 -24 -25 -26 -27 27 28 -30 -31
leaf_value=-0.049938303744281022 -0.034945349259037695 -0.019632599402377129 -0.038835433689207832 0.011299945489628311 0.017404221964965542 -0.046785193019431723 -0.0082049696442456823 0.0040214335120866808 -0.037757132544832178 -0.010470220125661383 0.01650243786150233 0.03702470487290116 -0.02251075541006364 -0.032949820005677713 -0.019849447220214859 -0.023908785868360132 0.0130577709462923 0.020582183604593809 0.023392935162470825 -0.01243247241373184 -0.032264773573887316 0.016560923330053039 -0.041836999328629915 0.0047647297776825257 0.026444264310641525 0.034429258860965616 -0.0037958103082896405 -0.056395757641910405 0.049772080485752566 0.011531902326570984
leaf_weight=382.34756213446235 153.42848683577904 93.907647037834977 87.576103043233161 478.92942382255569 151.29877437162213 7.7284115938819005 30.827828235924244 103.3413229137077 15.818610082322264 13.373888714821076 54.830587605072651 404.63107114631566 38.102466008393094 33.335641729761846 114.74323970649857 24.668121528811753 169.69516038440634 74.356842047302052 263.27060378470924 67.92571550339926 59.922498381929472 60.695569165109191 10.564173471881075 101.06734964883071 8.360511136823332 88.750003297696821 145.6556831842754 19.334680858999494 3.2397866745013735 135.45414675895881
leaf_count=252093 41854 9148 34321 7375 3080 1874 1146 3558 999 214 5146 10605 4799 1415 4508 419 2477 1222 3304 2774 2139 3422 622 2825 255 2030 4534 487 42 5765
internal_value=7.84849e-13 0.00843773 -0.0367476 0.014603 0.0222508 -0.00788972 0.0064493 -0.0194438 0.000523774 0.0127842 -0.0167363 0.0316849 -0.00534469 0.000285129 -0.00853802 0.00330518 0.00836606 0.00323735 0.0200808 -0.0273022 -0.014278 -0.00775244 0.0079035 -0.000989911 -0.0210407 0.0285493 -0.000904124 -0.00880951 -0.041159 0.00838418
internal_weight=3397.18 2762.81 634.376 2005.52 1034.86 757.283 970.664 371.513 676.565 219.01 252.029 555.93 457.556 96.5267 218.085 232.466 194.363 385.77 294.098 155.502 225.09 165.167 71.2597 116.886 41.6962 102.124 311.413 168.23 22.5745 143.183
internal_count=414452 118448 296004 54604 21060 63844 33544 49920 29094 6068 43911 13685 23026 6816 8066 7695 2896 13924 4450 37095 15331 13192 4044 3824 1670 2244 12702 5063 529 7639
is_linear=0
shrinkage=0.05


Tree=46
num_leaves=31
num_cat=0
split_feature=17 2 17 20 7 0 17 16 18 13 6 12 0 21 4 21 14 2 20 17 16 14 6 20 12 6 14 21 14 6
split_gain=381.882 103.372 46.1276 44.8046 41.1186 36.0016 29.9916 25.1688 21.3852 16.4258 16.0043 19.0755 13.2405 11.7297 11.1015 11.0978 10.2441 9.93116 9.31816 8.35458 13.539 11.869 10.349 10.2312 9.24579 9.40871 8.50279 8.27161 8.02824 7.92298
threshold=0.72634700000000008 0.77500000000000013 0.9178495000000001 0.18159550000000005 0.46335000000000004 0.33800000000000008 0.9723035000000001 -0.22064999999999999 -0.24974999999999997 1.0000000180025095e-35 1060.5000000000002 0.28885000000000005 0.76250000000000007 0.5009880000000001 0.90925000000000011 0.61925850000000016 0.64845000000000008 0.77500000000000013 0.083702000000000013 0.92953700000000017 -0.10184999999999998 0.69055000000000011 862.50000000000011 0.42599100000000006 0.11435000000000002 478.50000000000006 0.79685000000000017 0.28611550000000008 0.77045000000000008 1990.5000000000002
decision_type=2 2 2 2 2 2 2 2 2 2 2 2 2 2 2 2 2 2 2 2 2 2 2 2 2 2 2 2 2 2
left_child=3 5 10 -1 7 6 16 14 -5 12 18 -12 -6 -9 -4 -8 -2 -10 28 -7 21 -21 23 -22 -23 -26 -27 -19 -3 -15
right_child=1 2 4 8 9 19 15 13 17 -11 11 -13 -14 29 -16 -17 -18 27 -20 20 22 24 -24 -25 25 26 -28 -29 -30 -31
leaf_value=0.025190141528601235 -0.010143405536010905 0.010300108790173864 -0.057076956382338534 -0.047814667481284788 0.015501369195886612 -0.0088340499510742541 0.0049184749646787509 0.019825588930515631 -0.043054105404419042 0.03781112702525289 -0.026196557075595442 0.018787347497132404 0.041389845684667248 0.0056768522498787163 -0.0068092104510100674 -0.017847544576322552 -0.041846825546156735 -0.00080204665783700953 0.0024645569388786759 -0.033086307888043974 -0.0095064543905484713 0.022946816864759717 0.02272006200030988 0.095822841522624783 0.070465943547081619 -0.04142935591612068 0.016779317858792143 -0.03008416642534615 0.063003799567949423 0.023009320755961155
leaf_weight=26.537089122808538 31.804349171870854 17.633970545954075 12.902205383870749 371.95117409859085 248.97780107427388 114.03105971059995 102.8049730656785 436.56176913657691 51.632753643367323 252.33058923343197 99.786421049851924 30.853571136540268 61.610954439616762 403.16603005782235 73.859559014003025 111.68546988617163 128.13902299619804 46.811098432866856 269.42004367569461 31.41116946702823 46.36252241244074 32.959617766202427 130.60778519086307 2.4261714778840533 2.9446508600376538 20.143053030245941 9.1116260602138919 49.746554058117908 12.241898012231102 78.824787239776924
leaf_count=1490 5002 475 258 246871 3637 10627 3558 8363 20106 7639 12637 1335 1299 6475 1143 4508 44413 3272 16142 555 1321 595 2201 29 51 320 189 8722 268 951
internal_value=3.35882e-11 0.0075557 0.013538 -0.0381822 0.0175157 -0.00808153 -0.0191555 0.0114573 -0.0414154 0.0283353 -0.00097104 -0.0155726 0.0206368 0.0138887 -0.0142844 -0.00693582 -0.0355427 -0.0253534 0.00540241 0.00255055 0.00725474 -0.0078398 0.0153802 -0.00426862 0.00433078 -0.0147248 -0.0232998 -0.0158882 0.0318959 0.0085114
internal_weight=3309.28 2762.6 1998.17 546.679 1568.23 764.431 374.434 1005.31 520.142 562.919 429.936 130.64 310.589 918.553 86.7618 214.49 159.943 148.19 299.296 389.998 275.967 96.5701 179.396 48.7887 65.1589 32.1993 29.2547 96.5577 29.8759 481.991
internal_count=414452 133991 60622 280461 29765 73369 57481 17190 278971 12575 30857 13972 4936 15789 1401 8066 49415 32100 16885 15888 5261 1710 3551 1350 1155 560 509 11994 743 7426
is_linear=0
shrinkage=0.05


Tree=47
num_leaves=31
num_cat=0
split_feature=7 13 10 10 0 12 0 7 21 2 10 10 18 6 9 13 2 18 9 21 2 10 2 10 0 4 12 6 11 10
split_gain=202.613 86.6661 59.4448 39.9094 33.8689 25.4177 23.1972 22.3763 26.5615 21.5021 20.53 16.6719 16.4398 14.9508 14.0432 13.8175 13.0472 11.937 11.6797 11.6284 9.99467 9.65737 9.42599 8.99167 8.83533 8.79533 8.13263 8.01452 8.07997 7.93334
threshold=0.42115000000000008 1.0000000180025095e-35 0.5375000000000002 0.58750000000000002 0.12950000000000003 0.21295000000000003 0.84150000000000003 0.46335000000000004 0.48581450000000004 0.77500000000000013 0.73750000000000016 0.36250000000000004 -0.40059999999999996 298.50000000000006 0.19000000000000003 1.0000000180025095e-35 0.77500000000000013 -0.34639999999999993 0.29000000000000009 0.64715950000000011 0.77500000000000013 0.6583500000000001 0.77500000000000013 0.46250000000000008 0.33800000000000008 0.63855000000000006 0.19405000000000003 2053.5000000000005 0.81665000000000021 0.63750000000000007
decision_type=2 2 2 2 2 2 2 2 2 2 2 2 2 2 2 2 2 2 2 2 2 2 2 2 2 2 2 2 2 2
left_child=2 3 16 4 -2 12 22 8 -3 15 14 -7 -6 -11 23 17 24 -4 20 -18 26 -15 -5 25 -1 -10 -14 28 -24 -16
right_child=1 7 9 6 5 11 -8 -9 10 13 -12 -13 18 21 29 -17 19 -19 -20 -21 -22 -23 27 -25 -26 -27 -28 -29 -30 -31
leaf_value=-0.044293050158202993 -0.027840763310733055 0.031973460969458585 -0.035357536524093139 -0.0071933488767132354 -0.027113670100131645 -1.4805975339711193e-05 0.038219030317544755 0.03344909145514148 -4.1978627218748104 -0.024479023429644333 0.032664200363192612 0.024738080449151843 -0.011139168962786234 -0.0048515822512326216 -0.025455556970347661 -0.0029293757204416951 -0.010482426246082168 -0.0054517598246220109 -0.028228333710057358 -0.037895761040241865 0.0046566217522955875 0.014881313450660598 0.014140676658248677 0.021540915226565788 -0.022116454307876735 -0.0098744914060347067 -0.084568824981344062 -0.0059564539508791077 -0.054326308604477437 0.0015538498695373314
leaf_weight=211.83581884442538 138.88047046080464 154.98330979631282 121.71473795268685 87.143183628431871 90.172985854500439 150.47705241349468 71.241270309779793 287.66732071439037 0.0012537121074264182 48.115045241313055 57.415873464546166 124.15003821508435 94.564634471753379 113.23031806762447 61.327470111951698 90.649613390909508 95.575854035050725 45.970355842320714 42.568483898270642 64.988269686335116 257.89318529880256 137.05155412101885 389.60981831779645 74.36042800010182 56.997661977511598 32.349827691912651 3.9273552144295527 61.998652577749453 4.3573014323483212 48.837697792972904
leaf_count=100153 37264 2432 53177 11412 27364 12835 1340 8603 5 13441 730 6261 12547 11675 971 2005 22571 9511 2888 20600 13023 5096 18062 1064 15753 527 397 1812 211 722
internal_value=5.54725e-11 0.00833305 -0.0188773 0.00156269 -0.00512797 -0.000997893 0.0113929 0.0226585 0.0154275 -0.00809609 0.00607853 0.0111752 -0.00783263 0.00104677 -0.000959752 -0.0186568 -0.0328555 -0.027159 -0.00347466 -0.021578 -0.000517957 0.00595393 0.00787409 0.0119677 -0.0395912 -0.0100368 -0.0140672 0.0107537 0.0133834 -0.0134819
internal_weight=3220.06 2233.93 986.129 1516.98 902.634 763.754 614.35 716.943 429.276 556.732 274.293 274.627 489.127 298.397 216.877 258.335 429.398 167.685 398.954 160.564 356.385 250.282 543.109 106.712 268.833 32.3511 98.492 455.966 393.967 110.165
internal_count=414452 160470 253982 145416 112579 75315 32837 15054 6451 94905 4019 19096 56219 30212 3289 64693 159077 62688 28855 43171 25967 16771 31497 1596 115906 532 12944 20085 18273 1693
is_linear=0
shrinkage=0.05


Tree=48
num_leaves=31
num_cat=0
split_feature=17 19 19 7 20 7 6 12 21 17 9 10 6 9 10 18 7 14 12 16 21 12 20 0 20 21 6 20 0 18
split_gain=342.663 88.9916 59.5714 49.5804 37.6791 24.5018 21.0065 20.2846 18.8707 16.0017 14.3795 13.099 12.7353 12.5577 22.5522 12.428 12.0993 12.0606 14.3093 11.382 10.8504 9.65518 9.54851 9.52824 9.40164 9.355 12.1203 9.22381 9.03424 9.00372
threshold=0.76204950000000016 -0.081249999999999975 -0.056949999999999994 0.51045000000000007 0.088748500000000022 0.44605000000000006 622.50000000000011 0.22385000000000002 0.49137650000000005 0.9178495000000001 0.11500000000000002 0.56250000000000011 1645.5000000000002 0.29000000000000009 0.56250000000000011 -0.46119999999999994 0.43735000000000007 0.74595000000000011 0.22695000000000001 -0.10294999999999999 0.34807050000000006 0.29705000000000004 0.20037150000000004 0.44120000000000004 0.13136350000000002 0.95861850000000015 364.50000000000006 0.21447300000000002 0.12950000000000003 -0.54979999999999996
decision_type=2 2 2 2 2 2 2 2 2 2 2 2 2 2 2 2 2 2 2 2 2 2 2 2 2 2 2 2 2 2
left_child=2 16 22 4 5 8 10 -4 -3 -5 20 17 24 19 29 -9 -2 18 25 -7 -6 -14 -1 -16 -8 -10 -27 -17 -12 -15
right_child=1 3 7 9 6 13 12 15 11 -11 28 -13 21 14 23 27 -18 -19 -20 -21 -22 -23 -24 -25 -26 26 -28 -29 -30 -31
leaf_value=-0.0041594432764179672 -0.030508842088186446 0.015817110186651991 -0.028336916185830119 0.0066372351587224241 0.014718075285783012 0.011771261336048614 0.0035398847221723966 0.03787995716608325 -0.0082469280574515094 0.038743373029315784 -0.0014422030249230382 0.0059050353786601426 -0.048482122517096049 -0.081464322679299539 0.023128284280994036 0.024365922174105405 -0.004504265954304993 0.0072925329219147607 -0.087723723887809524 0.026549076978482994 -0.029570751266217218 0.011367930847914933 -0.051483968990838624 -0.016486248227836741 -0.012282676126057039 0.05182956181214117 -0.059670512548020617 -0.017369669834314868 0.022322050114199226 -0.017399667121072132
leaf_weight=11.044351102027575 154.37741697599995 292.91542167868465 148.32404805796978 48.872450636234134 22.641323012067005 188.63380097493064 161.04524838368525 18.695558008505031 71.829964466043748 188.46583416950307 54.883816148299957 272.58278251730371 30.974903540714877 7.9457278574118417 78.418166095507331 17.221105137374252 62.9776829185721 51.703563536517322 7.7381545030511907 421.32927546816063 35.531829161685891 8.6122243989957479 305.22023410943802 18.822362092556432 225.12143867791747 2.7916295162285705 19.200385333970189 57.243370582567877 147.40318026287423 17.704340146796312
leaf_count=3107 34548 6793 40305 885 1152 3232 5942 1650 1469 5766 2615 4539 5674 124 1045 415 8823 1452 125 7481 1530 637 245134 477 19184 81 371 5393 4076 427
internal_value=-1.62547e-11 0.0076487 -0.0355526 0.010451 0.00804405 0.012608 -0.00161045 -0.0168522 0.00604864 0.0321321 0.00957429 -0.000670531 -0.00845286 0.0190412 0.00445945 0.00143298 -0.0229741 -0.0123653 -0.022373 0.021979 -0.0123333 -0.0354617 -0.0498313 0.0154603 -0.00568411 -0.0169831 -0.0455169 -0.00771764 0.0158744 -0.0372452
internal_weight=3150.27 2592.52 557.749 2375.17 2137.83 1451.62 686.214 241.484 718.762 237.338 260.46 425.846 425.754 732.854 122.891 93.16 217.355 153.264 101.56 609.963 58.1732 39.5871 316.265 97.2405 386.167 93.822 21.992 74.4645 202.287 25.6501
internal_count=414452 118448 296004 75077 68426 27616 40810 47763 14830 6651 9373 8037 31437 12786 2073 7458 43371 3498 2046 10713 2682 6311 248241 1522 25126 1921 452 5808 6691 551
is_linear=0
shrinkage=0.05


Tree=49
num_leaves=31
num_cat=0
split_feature=17 19 19 17 7 12 17 7 21 21 2 18 12 18 18 2 12 4 20 19 20 3 17 11 21 4 11 19 18 3
split_gain=306.092 84.5658 53.2831 43.7559 43.1063 20.7057 20.1708 17.7763 16.3272 15.1286 12.8402 12.2933 11.4756 10.7806 14.9579 10.068 9.27198 10.4837 9.16995 8.766 8.72122 8.50775 8.40511 8.90131 8.27317 13.4328 8.23122 7.78124 7.92497 7.96511
threshold=0.72634700000000008 -0.06674999999999999 -0.054549999999999994 0.92953700000000017 0.44605000000000006 0.22385000000000002 0.90266350000000017 0.51045000000000007 0.38477600000000006 0.98260750000000019 0.77500000000000013 -0.46119999999999994 0.21295000000000003 -0.86819999999999986 -0.25439999999999996 0.77500000000000013 0.037050000000000007 0.94975000000000009 0.11155550000000002 -0.0081499999999999993 0.21076750000000002 0.88265000000000016 0.99421400000000004 0.81665000000000021 0.28611550000000008 1.2446500000000003 0.45835000000000009 -0.015949999999999995 -0.25439999999999996 0.62855000000000005
decision_type=2 2 2 2 2 2 2 2 2 2 2 2 2 2 2 2 2 2 2 2 2 2 2 2 2 2 2 2 2 2
left_child=2 6 -1 12 8 24 -2 15 26 16 -10 -7 13 -3 -15 -6 17 -8 -14 -9 -13 -22 -17 27 25 -4 -5 28 29 -24
right_child=1 3 5 4 7 11 9 19 10 -11 -12 20 18 14 -16 22 -18 -19 -20 -21 21 -23 23 -25 -26 -27 -28 -29 -30 -31
leaf_value=-0.050405075131929815 -0.034586009983454756 0.042293969331078402 0.012042136825368963 0.020963675660636144 0.0067244757449936455 0.041344776342006451 -0.046265432819364592 0.0039739657046387192 -0.011648474861307054 -0.040320903653634471 0.0060095172960184266 0.02733229995774604 0.029262141438568697 -0.017143236278582195 0.0017403648616363305 0.01559011921247047 -0.010177561067103569 0.015176367115136877 0.0013776261670168902 0.040777557019126942 -0.0072273748286643853 -0.059761380932304611 0.032196724107334512 -0.03761892622777082 -0.04355337663876907 -0.038273344607828406 -0.0019602270742492376 0.038778446349771435 -0.022124659386973895 0.0087789993268746654
leaf_weight=285.20344188324816 92.33950737467967 11.7081012550625 23.441115716152126 195.75666988315061 138.08225057600066 16.233946062100586 7.6365645152982315 18.112173723988235 149.53502992977155 32.577727369207423 330.47116469606408 14.436088775983078 48.075422321679071 183.23318816618121 245.19963862493751 284.06821149299503 201.39728831683169 76.408631163270911 76.239921055908781 151.61360055403202 43.640007387570222 9.3597132775466871 112.92966965946835 5.1393956777174017 58.655764480761718 30.555859376909211 48.950493517506402 116.56900045677321 9.5692293164320272 53.520194564945996
leaf_count=241037 42308 526 2465 4379 2243 1239 358 266 3825 1718 4600 273 1070 20918 9239 3745 17382 4601 4334 5380 3784 907 1003 78 21705 9051 988 4451 114 465
internal_value=-2.17115e-11 0.00680789 -0.0366056 0.0107295 0.0149194 -0.0165587 -0.0140137 0.0222939 0.00586707 -0.00804037 0.000508571 0.00228288 -0.00125337 -0.00504223 -0.00633582 0.018862 -0.00435617 0.00959361 0.0121612 0.0368501 -0.00712056 -0.0165048 0.0217427 0.0276129 -0.0305527 -0.0164304 0.016378 0.0287588 0.0221232 0.024667
internal_weight=3070.66 2589.13 481.526 2178.77 1614.32 196.322 410.36 889.604 724.713 318.02 480.006 83.6698 564.456 440.141 428.433 719.878 285.442 84.0452 124.315 169.726 67.4358 52.9997 581.796 297.727 112.653 53.997 244.707 292.588 176.019 166.45
internal_count=414452 133991 280461 67624 31537 39424 66367 17745 13792 24059 8425 6203 36087 30683 30157 12099 22341 4959 5404 5646 4964 4691 9856 6111 33221 11516 5367 6033 1582 1468
is_linear=0
shrinkage=0.05


Tree=50
num_leaves=31
num_cat=0
split_feature=20 2 18 0 10 13 0 10 21 20 20 4 2 21 20 4 3 0 6 12 10 9 6 4 14 6 20 6 3 10
split_gain=267.878 73.8896 54.5621 29.5837 50.0696 26.4124 25.46 15.6179 15.5938 14.5974 14.2409 14.227 13.5719 13.3715 12.7098 12.2355 11.3227 10.6143 10.3726 9.62453 13.9403 8.62088 12.6564 8.39674 8.28919 8.23198 8.06454 13.906 13.5756 8.476
threshold=0.25039700000000004 0.77500000000000013 -0.25249999999999995 0.27600000000000008 0.63750000000000007 1.0000000180025095e-35 0.17920000000000005 0.63750000000000007 0.6252660000000001 0.53862750000000015 0.10038750000000002 0.93015000000000014 0.77500000000000013 0.82376450000000012 0.13136350000000002 1.8847500000000001 0.56295000000000006 1.0000000180025095e-35 1858.5000000000002 0.20515000000000003 0.38750000000000007 0.21500000000000005 838.50000000000011 1.7321500000000001 0.76965000000000006 628.50000000000011 0.083702000000000013 790.50000000000011 0.22905000000000003 0.56250000000000011
decision_type=2 2 2 2 2 2 2 2 2 2 2 2 2 2 2 2 2 2 2 2 2 2 2 2 2 2 2 2 2 2
left_child=1 6 9 4 13 16 10 8 -4 12 -1 -7 -2 14 21 17 18 24 23 25 -21 -3 -23 26 -6 -14 -5 -28 -29 -30
right_child=2 3 7 5 15 11 -8 -9 -10 -11 -12 -13 19 -15 -16 -17 -18 -19 -20 20 -22 22 -24 -25 -26 -27 27 28 29 -31
leaf_value=-0.012618754744986645 -0.046619292247428265 0.010860569609266919 -0.0096119131720401006 0.018897535817416072 0.020732172573606177 -0.014631492693319198 0.00076854382704948663 0.016125875038914963 -0.044333874310989292 -0.051480670860715241 -0.040636959012472502 0.037472996371086219 -0.010128382054823528 -0.019935544762613222 -0.019879160040121729 -0.0087780243971197509 0.023117771781529524 0.0062115030736408679 -0.016953737677162496 -0.034801421793695178 0.042412937408130541 0.018728482789141895 -0.019971842706165178 0.050237061389885984 0.039798393469805481 -0.044380512081263222 0.015657255318968263 -0.065600198930925169 -0.022505859949879754 0.014355896702397945
leaf_weight=184.28102282821783 79.996851846255595 185.9155454991851 148.33868316396547 131.85276465979405 270.03924459801055 13.945924839470534 421.54149203949783 43.215229240857298 41.349264331089216 191.69188130042312 60.156913669386995 216.23273195663933 33.788482679403387 111.46502274944214 65.533507693558931 38.597753965121228 217.31728212491726 99.602289008034859 35.774471460958011 10.332316104584608 13.460651137342209 31.130036322399974 65.741111540351994 13.377293882134834 72.260824408731423 36.481080638543062 87.677847559330985 10.805317133257629 32.659989987470908 29.845796087349299
leaf_count=14732 60326 5760 20010 1809 4009 648 21432 3584 13843 167168 23705 8737 9714 3119 10572 1608 4599 1807 948 3773 2756 596 1921 330 932 21828 1920 214 1416 636
internal_value=-5.98462e-11 0.00747567 -0.0299169 0.0129242 0.00693254 0.0200602 -0.00667591 -0.0110007 -0.0171808 -0.0419623 -0.0195141 0.0343161 -0.0314797 -0.00486242 -3.89158e-05 0.018219 0.0141934 0.020577 0.00852239 -0.0186041 0.00888189 0.0045589 -0.0075353 0.0114987 0.0247571 -0.0279107 0.00972907 0.00221994 -0.0138507 -0.00490479
internal_weight=2994.41 2395.75 598.654 1729.77 940.285 789.489 665.979 232.903 189.688 365.751 244.438 230.179 174.059 459.785 348.32 480.5 559.311 441.902 341.993 94.0625 23.793 282.787 96.8711 306.219 342.3 70.2696 292.842 160.989 73.3111 62.5058
internal_count=414452 111450 303002 51581 30324 21257 59869 37437 33853 265565 38437 9385 98397 21968 18849 8356 11872 6748 7273 38071 6529 8277 2517 6325 4941 31542 5995 4186 2266 2052
is_linear=0
shrinkage=0.05


Tree=51
num_leaves=31
num_cat=0
split_feature=17 19 19 17 10 7 19 12 0 9 10 12 10 0 17 7 9 18 20 21 4 19 14 10 3 20 12 20 14 21
split_gain=261.07 72.6925 56.0201 36.2611 35.0777 27.2497 20.9363 17.2171 13.9793 12.945 18.6798 12.2698 20.6502 12.0666 11.6695 11.0777 10.9285 11.8541 10.4498 9.83936 9.55545 9.05277 8.98364 8.69755 11.152 10.4468 8.62317 8.46219 10.2219 9.02995
threshold=0.74772450000000013 -0.035549999999999991 -0.054549999999999994 0.9723035000000001 0.61250000000000016 0.43985000000000007 -0.093249999999999986 0.22385000000000002 0.11280000000000001 0.14000000000000004 0.56250000000000011 0.29275000000000007 0.48750000000000004 0.27600000000000008 0.94079950000000012 0.42525000000000007 0.29000000000000009 -0.73864999999999992 0.12546300000000002 0.87467300000000014 0.85965000000000014 -1.0000000180025095e-35 0.69295000000000007 0.41250000000000003 0.90045000000000008 0.4003425000000001 0.044950000000000011 0.055659000000000007 0.83515000000000017 0.82376450000000012
decision_type=2 2 2 2 2 2 2 2 2 2 2 2 2 2 2 2 2 2 2 2 2 2 2 2 2 2 2 2 2 2
left_child=2 4 -1 11 6 9 -2 21 16 -5 -11 12 13 -3 19 22 17 -8 -17 -15 -10 -4 -6 24 25 -9 -16 28 29 -22
right_child=1 3 7 5 15 -7 8 23 20 10 -12 -13 -14 14 26 18 -18 -19 -20 -21 27 -23 -24 -25 -26 -27 -28 -29 -30 -31
leaf_value=-0.049794043856899048 -0.037117690250890366 -0.039923330114578943 -0.039642844919207131 0.024201948449382917 0.0036872604108989246 0.027745484092778178 0.0015973772633877032 0.018607661500132711 -0.04167015665803088 -0.029930350417734765 0.0089111536701464503 0.024000429748477121 0.0079310616171441046 -0.010648311495018922 -0.032265244173770719 0.014599073959820179 -0.064245678427398076 -0.028416386339060878 -0.025486033433429079 -0.075464263971703277 0.010884194184843253 -0.012334967555473067 -0.021731203014971501 0.032465540069710974 -0.06474820912510168 -0.024839078816481782 0.033342474658084424 -0.010689272111966819 0.034612284729150219 -0.015170034057371466
leaf_weight=259.58662005214137 75.521224881289527 33.456538101134356 64.779776861527353 85.657603024912532 112.49492360593285 507.79021377814934 53.337772242026404 34.598708566045389 14.83240458514774 39.242644578072941 146.55550726619549 77.500983747653663 477.94427938375156 74.706714093277697 6.2608945560641613 268.57887654652586 13.367064314938032 85.846884692306048 17.306119646527804 6.3531506342114872 90.185478503641207 57.100417992798612 50.305669928791758 18.879798142123036 7.2041375620756289 23.055977214913582 25.035096861654893 120.10199560504407 27.407871805829927 52.682623398839496
leaf_count=247667 26285 2277 32885 1336 6057 12978 3735 1645 828 775 2588 1364 10904 2786 106 5472 1271 10587 3883 145 2135 2614 6347 1341 786 2802 339 21043 509 962
internal_value=9.05915e-11 0.00648968 -0.0343518 0.0134861 -0.00405868 0.0209092 -0.0127269 -0.0148566 -0.0087029 0.00812108 0.000707394 0.00523738 0.00290609 -0.0135648 -0.00571589 0.00624387 -0.0210619 -0.0169146 0.0121725 -0.0157283 -0.00252555 -0.0268492 -0.00416709 0.00259856 -0.00609544 0.00123341 0.0202174 -0.000526055 0.00664244 0.0012767
internal_weight=2927.68 2462.47 465.205 1480.5 981.969 779.246 533.283 205.619 457.762 271.456 185.798 701.258 623.757 145.812 112.356 448.686 152.552 139.185 285.885 81.0599 305.21 121.88 162.801 83.7386 64.8588 57.6547 31.296 290.378 170.276 142.868
internal_count=414452 124712 289740 35598 89114 17677 67355 42073 41070 4699 3363 17921 16557 5653 3376 21759 15593 14322 9355 2931 25477 35499 12404 6574 5233 4447 445 24649 3606 3097
is_linear=0
shrinkage=0.05


Tree=52
num_leaves=31
num_cat=0
split_feature=17 2 19 19 17 0 10 16 20 7 7 16 20 17 6 0 20 0 10 17 16 20 6 20 18 10 20 11 17 0
split_gain=240.254 65.4186 53.7545 33.1419 28.9222 25.1915 20.2997 16.6444 16.3343 12.4259 12.3377 11.8221 11.1632 12.5618 11.8852 10.6952 12.6334 10.3216 10.0263 9.60321 9.17202 9.13197 8.87437 12.1679 8.64779 8.38089 7.59298 7.37105 7.45921 7.35623
threshold=0.76204950000000016 0.77500000000000013 -0.056949999999999994 -0.022249999999999995 0.96879400000000004 0.30835000000000007 0.68750000000000011 -0.21624999999999997 0.10038750000000002 0.37505000000000005 0.44135000000000008 -0.29784999999999995 0.4003425000000001 0.5395755000000001 580.50000000000011 0.27600000000000008 0.13136350000000002 0.28280000000000011 0.36250000000000004 0.5250180000000001 -0.18204999999999996 0.20037150000000004 862.50000000000011 0.16697650000000003 -1.0000000180025095e-35 0.43750000000000006 0.63342050000000005 1.0000000180025095e-35 0.89126800000000006 0.037800000000000007
decision_type=2 2 2 2 2 2 2 2 2 2 2 2 2 2 2 2 2 2 2 2 2 2 2 2 2 2 2 2 2 2
left_child=2 5 21 6 22 8 7 18 25 -8 -6 -7 13 -4 19 16 -9 -17 -3 -14 -18 -1 -5 24 27 -2 -21 -24 -29 -11
right_child=1 3 12 4 10 11 9 15 -10 29 -12 -13 14 -15 -16 17 20 -19 -20 26 -22 -23 23 -25 -26 -27 -28 28 -30 -31
leaf_value=-0.0022359723622659361 -0.032243774879818186 -0.068755342965341248 0.038596399176322661 0.015405477518457042 0.014589300705868139 -0.039859303734439536 -0.058615553454541114 0.00074811688509367007 -0.036197845783451366 0.022567544412393243 0.032034866266580343 0.0044543417661246426 -0.031776109499011426 -0.010258492198718903 -0.049712850700620627 0.038815820978657656 0.051998697079635316 0.0063540111525057829 -0.016224193280929968 -0.014574142318992464 -0.03225740236872756 -0.050983824958129823 -0.0078843806399590561 -0.023518716240548885 0.023342030270065366 -0.0062880731743665402 0.031703180933133228 -0.079959909439145299 0.031782004371875568 0.0020442469015569684
leaf_weight=10.015079097589476 36.951808795274701 11.469751815311609 15.470509308128383 234.88322179578245 146.92722693199175 15.780923033365978 5.4450771794072343 301.0942996746744 83.233558747058851 186.2754593170539 326.67117950328975 325.28724448819412 39.753166577262164 88.006751200060535 35.359808422464994 30.197266688104719 3.4712090360117136 129.5045216853905 43.657992392254528 22.603499805438332 46.481987606384791 235.85285221897357 84.378685504198074 40.16273054946214 54.995932698016986 196.39533167486661 14.581799916573798 1.6051596244797135 21.466369530651718 57.028955582063645
leaf_count=3107 4320 414 1040 3921 3201 401 191 8960 32212 2970 10765 13726 10328 14896 16866 762 352 4609 1553 3424 11708 245134 1547 1405 773 13185 1209 104 225 1144
internal_value=5.03873e-11 0.00639472 -0.0330146 0.0115084 0.0180604 -0.00702406 0.00418062 -0.00105244 -0.0171814 0.0160852 0.0266226 0.00240399 -0.0148019 -0.00295437 -0.0257188 0.0017648 -0.00311535 0.0124921 -0.0271537 -0.0146915 -0.0264025 -0.0489982 0.00879159 0.00112415 0.00721678 -0.0103983 0.00357299 -0.00103655 0.0240078 0.017757
internal_weight=2845.01 2383.37 461.643 1725.72 911.091 657.649 814.627 565.877 316.581 248.749 473.598 341.068 215.776 103.477 112.298 510.749 351.047 159.702 55.1277 76.9385 49.9532 245.868 437.492 202.609 162.446 233.347 37.1853 107.45 23.0715 243.304
internal_count=414452 118448 296004 54604 21941 63844 32663 28358 49717 4305 13966 14127 47763 15936 31827 26391 21020 5371 1967 14961 12060 248241 7975 4054 2649 17505 4633 1876 329 4114
is_linear=0
shrinkage=0.05


Tree=53
num_leaves=31
num_cat=0
split_feature=17 2 20 17 18 0 2 16 17 6 17 6 16 20 10 16 0 3 3 20 7 10 4 14 4 17 6 20 3 17
split_gain=228.426 58.726 30.1246 25.4813 27.3055 24.2007 16.659 14.521 12.7339 12.6664 12.4633 16.8775 11.8614 11.5184 11.1198 13.6558 10.041 9.74112 9.61166 10.4254 9.11042 9.70585 9.40031 8.5993 8.39672 8.36817 8.20213 7.91582 7.76328 7.62461
threshold=0.76204950000000016 0.77500000000000013 0.4003425000000001 0.9178495000000001 -0.071199999999999986 0.26200000000000007 0.77500000000000013 -0.37724999999999992 0.9723035000000001 850.50000000000011 0.54675800000000019 436.50000000000006 -0.29784999999999995 0.071714500000000014 0.5375000000000002 -0.11814999999999999 0.21420000000000003 0.23435000000000003 0.62605000000000011 0.062631000000000006 0.40735000000000005 0.81250000000000011 1.8650500000000003 0.64845000000000008 1.8744500000000002 0.96182300000000009 1762.5000000000002 0.15806150000000005 0.43125000000000008 0.5395755000000001
decision_type=2 2 2 2 2 2 2 2 2 2 2 2 2 2 2 2 2 2 2 2 2 2 2 2 2 2 2 2 2 2
left_child=2 5 6 9 7 8 27 -5 23 -3 -4 -12 -7 -6 15 17 -17 -9 -11 -20 -16 -22 -23 -2 -18 -14 -10 -1 -15 -8
right_child=1 3 10 4 13 12 29 14 26 18 11 -13 25 28 20 16 24 -19 19 -21 21 22 -24 -25 -26 -27 -28 -29 -30 -31
leaf_value=0.010165179879191567 -0.0053261377566173711 0.0079942811612851803 -0.048010584562714675 -0.037958511419433183 0.038890417475896957 -0.0396021783026069 0.034849260880866421 -0.071438929676711838 -0.014905867175719926 -0.020953138134921234 0.0020151277239704125 -0.044696076810616242 -0.0059058143491294568 0.00096092325714201062 0.00037832321152753232 -0.00064522360678647382 0.023826338612745589 -0.0081809491423774916 0.049664025953734592 -0.0050022501563487982 0.015241803934920027 0.047189292246205092 -0.025553471935827285 -0.040382647541613179 -0.04719395522820264 0.0093791465073458993 0.01503020918058439 -0.044102161855073693 0.030813059485353567 -0.0067927595604864695
leaf_weight=7.8822234670515163 22.613135138934013 184.63546320050955 220.97089182952914 14.917489245301111 140.61971756684943 16.954095149412751 12.835203019698382 6.5665531288832417 129.49310026591411 98.345918084756704 33.571827675245004 45.609366610340658 150.90515381428122 43.949971192836529 96.185139624343719 104.67156897063251 105.12666091736173 83.127263688948005 10.450371117331086 52.721037220471771 655.57719208218623 40.303234780440107 4.9912336529232553 77.259141656511929 4.3333891562651834 220.2219421689515 27.79183842765633 45.56766900340881 43.172301454309491 76.56467263965169
leaf_count=985 3847 9181 199020 331 8383 566 1421 131 5706 10543 9360 32371 13945 756 1708 2938 1954 1658 217 4898 10343 481 74 33685 74 4583 1512 32989 934 19858
internal_value=-8.93557e-11 0.00624521 -0.0329167 0.0111453 0.0142619 -0.00658672 -0.0140168 0.0110416 -0.0184823 -0.000951441 -0.0419116 -0.0248911 0.00129575 0.0300395 0.0117056 0.00356642 0.0104269 -0.0128121 -0.0111776 0.00404113 0.0148081 0.0167884 0.0391734 -0.0324451 0.0210147 0.00316408 -0.00961624 -0.0360994 0.0157538 -0.000814185
internal_weight=2777.93 2334.93 443.002 1689.69 1343.54 645.238 142.85 1115.8 257.157 346.153 300.152 79.1812 388.081 227.742 1100.88 303.825 214.132 89.6938 161.517 63.1714 797.057 700.872 45.2945 99.8723 109.46 371.127 157.285 53.4499 87.1223 89.3999
internal_count=414452 118448 296004 54604 29765 63844 55253 19692 44750 24839 240751 41731 19094 10073 19361 6755 4966 1789 15658 5115 12606 10898 555 37532 2028 18528 7218 33974 1690 21279
is_linear=0
shrinkage=0.05


Tree=54
num_leaves=31
num_cat=0
split_feature=17 19 19 2 17 19 12 0 0 10 0 7 3 0 7 16 17 16 18 0 7 16 10 9 4 3 20 12 12 3
split_gain=208.168 62.3194 43.156 32.6554 24.666 24.0255 15.9684 11.9213 11.7829 11.519 21.4596 11.257 9.89131 10.9996 9.54712 9.47551 9.31641 13.7483 9.24067 9.20999 9.11258 8.89222 8.38215 8.25489 13.6887 9.42015 8.6741 8.04001 7.96039 7.91294
threshold=0.72634700000000008 -0.081249999999999975 -0.055749999999999994 0.77500000000000013 0.98340450000000013 -0.015949999999999995 0.21825000000000003 0.12950000000000003 0.40400000000000008 0.63750000000000007 0.27600000000000008 0.43735000000000007 0.5494500000000001 0.28980000000000006 0.48565000000000008 -0.13954999999999998 0.96182300000000009 -0.20534999999999998 -0.46119999999999994 0.59330000000000005 0.44135000000000008 -0.076749999999999985 0.71250000000000002 0.26500000000000007 1.9904500000000003 0.25385000000000008 0.21921450000000003 0.042650000000000007 0.32995000000000008 0.5767500000000001
decision_type=2 2 2 2 2 2 2 2 2 2 2 2 2 2 2 2 2 2 2 2 2 2 2 2 2 2 2 2 2 2
left_child=2 11 -1 7 9 8 -4 22 15 10 -5 -2 -12 -14 23 28 -9 -18 -8 21 -7 -15 -3 25 -25 26 27 -11 -6 -23
right_child=1 3 6 4 5 20 18 16 -10 14 12 -13 13 19 -16 -17 17 -19 -20 -21 -22 29 -24 24 -26 -27 -28 -29 -30 -31
leaf_value=-0.049791212278645768 -0.029218700120904634 -0.025119575907274351 -0.029388751716457863 -0.011250812867184129 0.0020523473008529202 0.016043557891368847 0.036264226333810302 -0.0078236443322676329 -0.019953248152687751 -0.00019379176926130747 0.0017911416554988579 -0.0025745711827178993 0.053376198436818123 0.022427208982865685 0.039012019995465191 0.017030974067137702 -0.026691061288677327 0.011372630274104322 -0.0074271273296088423 0.026024950995669205 0.034667867715818236 0.045544994134721517 0.0038489499921750925 0.027046981972935313 -0.043817833778839396 0.010403849339224218 0.017836831595354794 -0.058594570708147498 -0.076949488296177981 -0.023169489486994193
leaf_weight=206.73283544007427 138.31201974963187 84.268932298800792 96.221281312282372 205.91055035201134 96.686426098342054 95.101619445864344 15.132848405643015 166.91895267543441 29.112283374008257 9.6832965227076802 207.33940809944761 55.569549747306155 19.700844461796805 26.583657946262974 33.821978439809754 327.7759769288823 26.494275440229103 226.79473330988549 60.421337352083356 70.261465728588519 212.28288227450685 4.7601385029265648 35.487311451986898 90.885477197240107 7.3669692075927733 104.36969831079477 10.877273421618154 15.05720521067269 3.2973436042666426 34.96075817476958
leaf_count=239328 40336 11919 34423 15873 1037 2676 1377 16794 386 143 5625 10206 415 711 746 3314 517 4213 5333 1342 9545 168 1639 1609 337 2591 358 214 42 1235
internal_value=-4.26337e-11 0.00556541 -0.0344016 0.00801829 0.011595 0.0180978 -0.01588 -0.00261875 0.0108261 0.00568972 0.00164665 -0.0215821 0.0089505 0.0184497 0.0141532 0.0129209 0.00134738 0.00739113 0.00132387 0.0134113 0.0289057 4.48659e-05 -0.0165353 0.0106241 0.0217335 0.00282679 -0.019376 -0.0357368 -0.000553038 -0.0149348
internal_weight=2718.19 2339.68 378.508 2145.8 1605.84 764.257 171.775 539.964 456.872 841.579 569.517 193.882 363.606 156.267 272.062 427.76 420.208 253.289 75.5542 136.566 307.385 66.3046 119.756 238.24 98.2524 139.987 35.6178 24.7405 99.9838 39.7209
internal_count=414452 133991 280461 83449 48367 17000 41133 35082 4779 31367 25369 50542 9496 3871 5998 4393 21524 4730 6710 3456 12221 2114 13558 5252 1946 3306 715 357 1079 1403
is_linear=0
shrinkage=0.05


Tree=55
num_leaves=31
num_cat=0
split_feature=19 20 20 19 19 20 10 12 16 10 3 2 6 7 18 0 3 7 16 6 0 9 10 18 12 12 3 11 6 0
split_gain=180.201 65.2065 38.313 30.645 29.8727 17.2596 15.5658 13.9295 12.7324 14.6724 11.4622 10.691 10.2627 9.8085 9.33406 9.43173 9.11187 9.09074 9.06686 8.97135 8.50915 8.11787 8.38029 10.5799 8.32863 7.86353 9.7051 7.56662 7.40757 7.01937
threshold=-0.081249999999999975 0.088748500000000022 0.18780950000000005 -0.033049999999999989 -0.0063499999999999989 0.53862750000000015 0.46250000000000008 0.21295000000000003 -0.14584999999999998 0.51250000000000007 0.83415000000000006 0.77500000000000013 1810.5000000000002 0.43385000000000007 -0.79969999999999997 0.33800000000000008 0.69095000000000006 0.43735000000000007 -0.28724999999999995 1525.5000000000002 0.60600000000000009 0.14000000000000004 0.63750000000000007 -0.5845999999999999 0.20265000000000002 0.10955000000000002 0.31405000000000005 0.27500000000000008 2443.5000000000005 1.0000000180025095e-35
decision_type=2 2 2 2 2 2 2 2 2 2 2 2 2 2 2 2 2 2 2 2 2 2 2 2 2 2 2 2 2 2
left_child=2 4 17 5 8 12 7 -5 9 10 -2 18 14 27 -3 -16 19 -1 -6 -8 -9 -15 23 28 -24 26 -25 -10 -23 -29
right_child=1 3 -4 6 11 -7 16 20 13 -11 -12 -13 -14 21 15 -17 -18 -19 -20 -21 -22 22 24 25 -26 -27 -28 29 -30 -31
leaf_value=-0.024466032707965768 -0.027234512293943171 0.021983590219650073 -0.050162586576526627 -0.028666626356308872 -0.095975746115183322 -0.049522598152015533 0.0046180821280190805 0.011622499941673109 0.0070078677982623339 0.0058580706258943424 0.046305976604990196 0.027625668258081139 -0.050520094411013176 0.023233252529806875 -0.021535304172395964 0.0027836616492440749 0.028427370868109727 0.0013014578882257263 0.0099650114323569863 -0.034727920786401786 -0.0165779618161138 -0.0085281379873576504 0.020350318516115653 -0.072811537101497334 -0.028611622441260899 0.022976314000616671 0.0028051477171516549 -0.00044921614391099521 -0.058474338359263134 -0.036107472085325228
leaf_weight=108.70791097579058 68.554812110029161 19.356688411673531 177.55565686021873 73.593075331766158 2.0725846001878372 40.65367913612863 414.55433206957241 62.1364558119094 226.93302819208475 142.43498737399932 5.742367024999111 313.25832617926062 17.919365748355631 170.96416881785262 136.60478871628584 56.301812157573295 39.192814897629432 49.960078680858715 79.037101277965121 15.012243143457452 46.969419656787068 36.970753654371947 156.83716077066492 4.6217578784562638 9.1947254210244846 56.701278627384454 51.820954514492769 39.694590156082995 9.2886549602262658 21.157355896197259
leaf_count=22373 1457 2741 213932 7429 35 37575 17270 2437 5477 2282 102 12514 7455 2753 46372 12745 1772 6250 1564 1415 1529 812 2014 82 134 1146 1187 813 231 554
internal_value=-4.32288e-11 0.00496263 -0.0342072 -0.00535298 0.0117813 -0.0194883 0.000523609 -0.0118563 0.00718906 -0.00353781 -0.0215506 0.0234366 -0.0141838 0.0101537 -0.0111162 -0.0144376 0.00534869 -0.0163526 0.00725792 0.00324304 -0.000517628 0.0144115 0.00977707 0.00158839 0.0176388 0.00982495 -0.00338665 0.00280955 -0.0185571 -0.0128471
internal_weight=2653.8 2317.58 336.224 922.295 1395.28 270.836 651.458 182.699 1000.92 216.732 74.2972 394.368 230.183 784.184 212.263 192.907 468.759 158.668 81.1097 429.567 109.106 496.399 325.435 159.403 166.032 113.144 56.4427 287.785 46.2594 60.8519
internal_count=414452 171897 242555 138740 33157 106888 31852 11395 19044 3841 1559 14113 69313 15203 61858 59117 20457 28623 1599 18685 3966 8359 5606 3458 2148 2415 1269 6844 1043 1367
is_linear=0
shrinkage=0.05


Tree=56
num_leaves=31
num_cat=0
split_feature=20 19 2 19 16 20 19 20 10 21 21 14 21 16 19 20 4 3 16 16 12 10 19 21 3 0 14 16 0 4
split_gain=166.892 59.8058 46.4471 26.6916 17.6836 17.5307 15.5856 12.4215 9.78006 9.54508 9.0206 8.74412 8.91712 8.0839 7.7091 7.08777 6.98848 9.18158 8.09049 6.86716 6.83949 16.8298 10.0877 8.00758 6.79736 10.9161 6.77708 6.5815 6.87332 9.22572
threshold=0.25039700000000004 -0.057549999999999997 0.77500000000000013 -0.019749999999999997 -0.37724999999999992 0.031696000000000009 -0.049749999999999996 0.083702000000000013 0.6583500000000001 0.6252660000000001 0.22241250000000004 0.77525000000000011 0.96449600000000013 -0.28724999999999995 -0.06674999999999999 0.17411250000000003 1.2118500000000003 0.51205000000000012 -0.087949999999999987 -0.014249999999999999 0.23615000000000003 0.51250000000000007 -0.072249999999999995 0.12262800000000001 0.53595000000000015 0.1183 0.75735000000000008 -0.016149999999999994 0.27600000000000008 1.1616500000000001
decision_type=2 2 2 2 2 2 2 2 2 2 2 2 2 2 2 2 2 2 2 2 2 2 2 2 2 2 2 2 2 2
left_child=2 -2 6 4 -4 11 10 19 9 16 15 12 24 26 -13 -1 -3 -18 -19 27 21 -7 -22 -23 -6 -26 -8 28 29 -5
right_child=1 8 3 7 5 20 13 -9 -10 -11 -12 14 -14 -15 -16 -17 17 18 -20 -21 22 23 -24 -25 25 -27 -28 -29 -30 -31
leaf_value=0.012713020591746935 -0.047300828252830919 0.003947345158717812 -0.048881832647998433 -0.010339959966340236 0.013728280230410056 -0.027964985118993257 -0.050442379779589278 0.0092936852416746502 0.010722980359139666 -0.03627060771091381 -0.021290998587768534 -0.0050053069707166322 -0.013111184326501267 0.0019054289829987124 0.029777663835527646 -0.046825675399463994 -0.03646626448678808 0.018664292926102385 -0.016682679614019171 0.036177082287297588 -0.055088922218110008 -0.029494766917910715 0.019265976709872009 0.0033515353775741756 -0.054701770773360393 0.016306350771942545 0.029868172952782192 -0.021461332134114924 0.02608868318283275 0.019502486899332424
leaf_weight=36.125220325222472 203.48447239233792 57.651326077015256 15.399923868622862 34.666471776436083 236.91691681899829 67.387523232755484 12.951805924996735 290.06535131420242 42.079182947985828 44.561795165878721 178.9947416336654 19.12959386059083 43.879582928144373 358.51729155669454 95.234593039378524 5.801358255208469 41.126031329462421 21.691235100268386 63.81570790776459 76.710240717031411 4.9940854611049863 20.355833310924936 52.667962770035956 209.77674123391625 9.7751997471787053 12.12704041553661 3.2951884476933619 9.4378559621400182 230.94119383336511 102.39369391556829
leaf_count=7853 251239 7545 460 658 2538 10069 263 5822 4617 11745 34757 472 530 12526 960 4407 9484 3169 15203 3131 1522 1669 2003 10927 139 157 63 230 8658 1636
internal_value=6.54273e-11 -0.0268164 0.00597964 0.0105865 0.00417102 0.00522899 -0.00586742 0.0173765 -0.0114311 -0.0155047 -0.0164012 0.0121811 0.00773104 0.000342163 0.0239595 0.00447468 -0.0104833 -0.017053 -0.00771593 0.0225389 -0.00293434 -0.00598886 0.0128261 0.000446193 0.0112646 -0.0153853 -0.0341539 0.0197671 0.0208245 0.0119545
internal_weight=2601.96 474.41 2127.55 1531.86 787.645 772.245 595.686 744.215 270.925 228.846 220.921 417.063 302.699 374.764 114.364 41.9266 184.284 126.633 85.5069 454.149 355.182 297.52 57.662 230.133 258.819 21.9022 16.247 377.439 368.001 137.06
internal_count=414452 303002 111450 51581 31446 30986 59869 20135 51763 47146 47017 4796 3364 12852 1432 12260 35401 27856 18372 14313 26190 22665 3525 12596 2834 296 326 11182 10952 2294
is_linear=0
shrinkage=0.05


Tree=57
num_leaves=31
num_cat=0
split_feature=20 19 19 2 6 13 6 19 21 20 19 12 10 21 6 6 21 7 7 0 10 7 10 6 7 11 10 9 6 12
split_gain=151.098 57.9028 41.4899 24.5444 18.4027 16.6653 21.3757 15.0463 11.5397 16.1701 9.88273 12.3097 11.131 9.86836 13.2254 9.27199 8.25327 7.98189 10.9291 7.89369 7.17474 7.93282 7.11874 7.99918 7.08923 6.92494 6.82029 16.7511 8.16191 7.84047
threshold=0.25039700000000004 -0.057549999999999997 -0.06674999999999999 0.77500000000000013 628.50000000000011 1.0000000180025095e-35 1834.5000000000002 -0.0063499999999999989 0.98260750000000019 0.059115000000000008 -0.019749999999999997 0.13505000000000003 0.5375000000000002 0.59956900000000013 832.50000000000011 844.50000000000011 0.944554 0.48825000000000007 0.46335000000000004 0.34500000000000003 0.76250000000000007 0.45715000000000006 0.43750000000000006 892.50000000000011 0.45975000000000005 0.7833500000000001 0.63750000000000007 0.31500000000000006 1555.5000000000002 0.073350000000000012
decision_type=2 2 2 2 2 2 2 2 2 2 2 2 2 2 2 2 2 2 2 2 2 2 2 2 2 2 2 2 2 2
left_child=2 -2 8 15 -3 10 7 13 9 -1 11 12 -5 14 25 -4 -11 18 20 -9 21 -15 23 -17 -23 -7 27 28 -12 -28
right_child=1 4 3 5 -6 6 -8 19 -10 16 26 -13 -14 17 -16 22 -18 -19 -20 -21 -22 24 -24 -25 -26 -27 29 -29 -30 -31
leaf_value=0.0011532329416414726 -0.046904418609344765 -0.0014053940194144656 -0.01128441999197341 -0.025072017783139652 -0.029097277154657115 0.0014827593900817683 0.043265541916755024 0.017011267908658905 -0.041284560946346367 -0.025344449998338816 0.015372115934423294 0.014918547549974426 0.00085484580791256749 -0.0035188554360701522 0.031363474114555361 0.04269136722285842 0.058512215590114242 -0.047609625820823259 0.037429672475894342 0.043082383938712512 0.025038348289222041 -0.086746325357067069 0.008081210052297538 -0.017252904088670088 -0.0038334658059350213 -0.092360091859051849 0.010144329133801731 -0.026081666070906437 -0.006744190401289981 0.031518354456136398
leaf_weight=185.93615881490405 192.24805531226593 175.03327354734938 156.94434838811867 53.859637765548541 91.284154481443693 42.05053686175961 79.786864689551294 58.68218337817234 28.242202139968867 106.84272671797953 261.51197900966508 113.85027218761388 178.91634228901239 92.196927766897716 77.838619215879589 6.1912295558140604 3.0170663442986543 8.3779880309011769 19.446341165807098 57.465021812269697 19.296913823112845 5.7452782094478589 220.03631277717068 55.04964242229471 4.6766023095697165 2.0622764602303496 88.565670066396706 32.120492277899757 49.633989974739961 83.221204832429066
leaf_count=9556 251239 23199 7551 4666 28564 491 1143 2133 1926 41617 5235 4469 4800 946 887 235 335 101 256 7236 216 47 9789 3751 69 11 1146 664 916 1258
internal_value=-2.71191e-11 -0.0259928 0.00569879 0.00871402 -0.0108972 0.012097 0.0196965 0.0148479 -0.0107483 -0.00783279 0.00797279 0.00144552 -0.0051441 0.00840877 0.0189679 -0.00154789 -0.0230415 -0.000190843 0.00261949 0.0299102 -0.00293296 -0.00819282 0.0038848 -0.0111928 -0.0495409 -0.0029044 0.0123656 0.00829529 0.0118441 0.0204989
internal_weight=2550.13 458.565 2091.56 1767.53 266.317 1329.31 467.626 387.839 324.038 295.796 861.68 346.626 232.776 271.691 121.951 438.222 109.86 149.74 141.362 116.147 121.916 102.619 281.277 61.2409 10.4219 44.1128 515.053 343.266 311.146 171.787
internal_count=414452 303002 111450 58016 51763 36690 13536 12393 53434 51508 23154 13935 9466 3024 1389 21326 41952 1635 1534 9369 1278 1062 13775 3986 116 502 9219 6815 6151 2404
is_linear=0
shrinkage=0.05


Tree=58
num_leaves=31
num_cat=0
split_feature=17 19 19 17 19 6 3 10 6 21 17 9 0 20 20 6 9 21 10 4 20 10 21 0 17 0 0 21 17 20
split_gain=161.333 42.988 34.1204 25.7376 20.7573 20.4586 16.3585 16.582 15.6748 19.3931 14.832 12.7258 13.2797 11.0958 10.8201 12.0613 10.4478 15.7584 10.1367 10.0228 9.68867 9.33797 9.84209 10.9984 9.2008 8.51053 10.6738 8.38946 8.2013 7.85953
threshold=0.72634700000000008 -0.081249999999999975 -0.055749999999999994 0.92953700000000017 -0.029449999999999994 1060.5000000000002 0.55395000000000005 0.38750000000000007 1555.5000000000002 0.65027900000000016 0.99421400000000004 0.21500000000000005 0.84150000000000003 0.088748500000000022 0.28597950000000011 598.50000000000011 0.24000000000000002 0.27248900000000004 0.43750000000000006 0.94975000000000009 0.040202000000000009 0.68750000000000011 0.86687800000000015 0.12950000000000003 0.54675800000000019 0.12950000000000003 1.0000000180025095e-35 0.077194000000000026 0.71201250000000005 0.17411250000000003
decision_type=2 2 2 2 2 2 2 2 2 2 2 2 2 2 2 2 2 2 2 2 2 2 2 2 2 2 2 2 2 2
left_child=2 18 29 5 8 21 7 -6 9 -5 -10 13 16 -9 28 24 17 -13 27 -11 -7 22 23 -3 -16 26 -8 -2 -4 -1
right_child=1 3 14 4 6 20 25 11 10 19 -12 12 -14 -15 15 -17 -18 -19 -20 -21 -22 -23 -24 -25 -26 -27 -28 -29 -30 -31
leaf_value=0.022588756543432703 0.030701890611449997 -0.017142600766781337 0.015356182697236296 0.0087486987150069365 -0.037351732571390676 0.029081707626476883 0.021954701327592255 0.025841142008742768 -0.0016668208539847261 -0.042349929812596117 0.024966377472501387 0.029062113445390666 0.043356967818776758 0.0041001521472133866 -0.028217575710869539 -0.045158279537627168 0.0065558220290005426 -0.037713099031575492 -0.012432749990236044 -0.0086312344119040593 -0.020530382906949071 0.022490529553341371 -0.037680317886412504 0.0075866817330557546 0.0060739571335090533 0.03096203736258903 -0.036894417774212332 -0.049054930382932412 -0.052715839871450558 -0.050681240083784634
leaf_weight=3.7458904623927074 3.6429822826758018 56.029700883751502 33.749165606219321 213.00143702450441 17.084281904768432 10.524057842325417 26.715049222460948 214.61686575367639 86.051813338068314 24.943821826716885 133.17867733375169 12.056261716526931 20.983568018229562 80.774422125556157 41.956667930193362 43.03650773409754 218.17643675334693 33.071445884532295 138.0476172882627 189.22717706864933 151.56804451897915 57.885657253675163 15.93619714413944 227.62450105074822 36.646264029113809 196.50240735102852 10.828211904503403 34.731751904102566 5.0923558396752915 159.67154319206747
leaf_count=868 1442 8806 2779 6485 400 284 483 5214 3161 483 1337 266 1365 1163 11235 21408 4396 649 35235 4232 20997 2179 1333 13725 5078 6276 215 13865 633 238460
internal_value=5.97327e-11 0.00490645 -0.0329199 0.00699673 0.0103633 -0.00257497 0.0155913 0.0111975 0.00364387 -0.00193399 0.0145124 0.0126284 0.00507677 0.0198961 -0.0165438 -0.0238803 0.0020261 -0.0198735 -0.0187518 -0.0125583 -0.0173092 0.00410606 0.000553886 0.00270195 -0.0122302 0.0267945 0.00498146 -0.0414835 0.00643153 -0.0490017
internal_weight=2497.1 2173.2 323.898 1996.78 1477.21 519.568 830.809 596.763 646.403 427.172 219.23 579.679 284.288 295.391 160.481 121.639 263.304 45.1277 176.422 214.171 162.092 357.476 299.59 283.654 78.6029 234.046 37.5433 38.3747 38.8415 163.417
internal_count=414452 133991 280461 83449 36125 47324 20427 13453 15698 11200 4498 13053 6676 6377 41133 37721 5311 915 50542 4715 21281 26043 23864 22531 16313 6974 698 15307 3412 239328
is_linear=0
shrinkage=0.05


Tree=59
num_leaves=31
num_cat=0
split_feature=17 2 20 18 16 17 0 10 6 0 6 12 20 4 21 17 21 14 20 6 11 21 21 0 6 16 12 12 11 6
split_gain=145.838 35.9139 25.339 20.0293 14.7826 15.6683 17.7624 18.3529 14.2878 13.7579 12.3124 11.5232 11.3362 9.64111 8.75548 9.38723 8.41899 8.33759 8.31125 8.1022 8.07658 8.06718 7.98275 7.96442 9.78291 12.9814 8.97842 8.02418 13.0964 7.85906
threshold=0.79231650000000009 0.77500000000000013 0.35429850000000007 -0.22339999999999996 -0.40724999999999995 0.99048750000000008 0.27600000000000008 0.56250000000000011 1123.5000000000002 0.30835000000000007 1810.5000000000002 0.26195000000000007 0.10038750000000002 0.80035000000000012 0.83087750000000005 0.90636400000000006 0.38126550000000009 0.61995000000000011 0.047809500000000012 736.50000000000011 0.58335000000000015 0.6252660000000001 0.75782050000000012 0.38900000000000007 922.50000000000011 -0.010749999999999997 0.004850000000000001 0.081750000000000003 0.27500000000000008 760.50000000000011
decision_type=2 2 2 2 2 2 2 2 2 2 2 2 2 2 2 2 2 2 2 2 2 2 2 2 2 2 2 2 2 2
left_child=2 9 11 -4 -3 10 7 16 -9 12 13 29 -2 -6 15 19 -7 -11 20 -15 -12 -5 -21 24 -17 27 -25 28 -26 -1
right_child=1 4 3 21 5 6 -8 8 -10 17 18 -13 -14 14 -16 23 -18 -19 -20 22 -22 -23 -24 26 25 -27 -28 -29 -30 -31
leaf_value=-0.0063328842643168059 -0.0080064758567460429 -0.040253828833547833 -0.04734013642140511 -0.01189668662134224 -0.019692491909017742 0.015767353684028953 0.027861478871340974 0.0042429145176935768 0.025635496825102078 -0.026100970155052611 -0.0055040298570341881 0.0092999405567126287 -0.032613873533493806 0.013678927581233433 -0.0039486417394422836 0.021244862515907237 -0.016829356161287775 0.0045100313601128617 -0.024904180297023619 -0.01175885104400274 0.045847146653058321 -0.050499413210319567 0.03235373671664625 -0.029754195588893487 -0.020932034655547042 -0.04157177107275617 0.028115358281054981 0.018788554193606945 0.031017603680172756 -0.036335879204913976
leaf_weight=44.372154280274117 208.22483649250353 14.803078674711285 166.01385728300738 78.575687838696467 30.557556588551961 26.784102827456081 208.69479373135255 142.20163477002643 173.01592187397182 24.196066295728087 45.706214961945079 48.51974780112505 60.373765454263776 86.220770073618041 110.22767525230302 117.2344434086699 76.058783423271962 275.81414919784584 51.212426823418355 94.388737845409196 9.1980889157857728 16.350157006767404 11.505918873648623 7.052151358453556 43.128050510480534 15.418698030407539 135.2003888188483 67.753412507241592 16.880166292889044 42.956250482209725
leaf_count=13586 17403 448 232202 15610 905 378 10414 2549 1852 821 871 7237 26187 4203 3241 3002 1119 11656 4364 8867 110 12194 659 84 1286 662 2557 2004 294 27687
internal_value=1.39965e-11 0.00536599 -0.0277484 -0.0368652 0.00946169 0.00996286 0.0159481 0.0100009 0.0159848 -0.00531786 0.00550602 -0.0102366 -0.0135376 0.00780295 0.00899469 0.0113934 -0.00833996 0.00204123 -0.0104156 0.00229947 0.00309881 -0.0185457 -0.00696582 0.0157322 0.010535 0.00176582 0.0252465 0.00699594 -0.00631873 -0.0210912
internal_weight=2448.64 2051.85 396.788 260.94 1483.24 1468.44 626.755 418.06 315.218 568.609 841.685 135.848 268.599 735.568 705.01 594.783 102.843 300.01 106.117 192.115 54.9043 94.9258 105.895 402.667 260.415 143.18 142.253 127.762 60.0082 87.3284
internal_count=414452 105936 308516 260006 49869 49421 16312 5898 4401 56067 33109 48510 43590 27764 26859 23618 1497 12477 5345 13729 981 27804 9526 9889 7248 4246 2641 3584 1580 41273
is_linear=0
shrinkage=0.05


Tree=60
num_leaves=31
num_cat=0
split_feature=17 19 19 2 20 19 10 21 17 21 4 10 6 3 3 7 4 9 0 4 21 17 6 6 0 16 17 16 9 10
split_gain=133.191 39.074 34.7707 23.6758 17.1466 14.7037 10.756 10.1024 13.9778 9.62281 10.0614 9.04434 11.465 12.8163 8.98962 8.5642 8.73116 9.29249 8.53326 8.2789 13.424 8.04292 7.86214 8.79112 7.72742 7.62674 7.47793 8.31403 7.46404 7.927
threshold=0.72634700000000008 -0.075249999999999997 -0.055749999999999994 0.77500000000000013 0.083702000000000013 -0.0063499999999999989 0.7875000000000002 0.96887100000000015 0.90266350000000017 0.80044250000000006 0.93015000000000014 0.6583500000000001 628.50000000000011 0.54505000000000015 0.76955000000000007 0.47135000000000005 1.97435 0.26500000000000007 0.84150000000000003 1.2118500000000003 0.25039700000000004 0.8951245000000001 682.50000000000011 862.50000000000011 0.045000000000000005 -0.019049999999999994 0.95456050000000003 -0.098949999999999996 0.31500000000000006 0.56250000000000011
decision_type=2 2 2 2 2 2 2 2 2 2 2 2 2 2 2 2 2 2 2 2 2 2 2 2 2 2 2 2 2 2
left_child=2 7 -1 18 5 6 9 8 -2 28 -11 12 -6 22 19 16 17 -13 26 20 -4 24 -14 -24 -15 -23 -3 -28 -5 -30
right_child=1 3 14 4 11 -7 -8 -9 -10 10 -12 15 13 21 -16 -17 -18 -19 -20 -21 -22 25 23 -25 -26 -27 27 -29 29 -31
leaf_value=-0.048675400942612392 -0.035265910734766946 -0.014944492861227518 0.024893413454357541 0.015357608660835593 0.010916287710754286 0.024019412125262915 0.03199934517588409 -0.045860454556193357 -0.0042200886585435134 -0.05531685381271563 0.0013825307342306477 -0.00058636213735066317 -0.051031395668309457 -0.064783262889724122 0.0067615953261502054 0.041550444295169908 -0.042525021911258537 0.030347015004474304 0.015754350392832423 -0.031871203336831196 -0.031258413903618727 0.031268184743821835 0.0066885093499303595 -0.021878944212338953 -0.00073767070232841087 -0.022972667177170045 -0.011875783665718308 0.0058461555895605692 -0.048797032949445915 0.0036646761158896073
leaf_weight=146.3286164943238 47.602390924166684 135.62899384543562 20.662521741971432 338.74836668150965 125.09123147738865 266.59162318619201 51.252746245823801 24.147503888001665 152.09666243577522 8.1690373150631768 185.36224554013461 59.774833618488628 15.429559818832784 5.1916092145547728 37.421156552562024 23.058455413090996 7.926803145062876 40.883636498707347 54.449069501657505 71.530554432039935 21.951373285181035 36.931692331214435 38.594260965881404 89.108093520000693 50.740830266819103 7.8600414411630473 104.73489825497381 179.78168637905037 8.5691550426126906 45.083140937844291
leaf_count=239328 35896 23008 2267 5405 4637 12424 583 2255 18856 147 2318 1445 472 1395 4817 666 483 872 1292 26761 7288 1241 1746 6545 4335 340 2511 4392 196 531
internal_value=-3.41316e-11 0.00443271 -0.0312901 0.00678522 0.010048 0.0141597 0.0100346 -0.0153141 -0.0116205 0.00811325 -0.00101077 0.00262449 -0.00139004 -0.00770284 -0.0145056 0.0138757 0.00799887 0.0119776 -0.00286955 -0.0214778 -0.00403165 0.00596144 -0.0173186 -0.0132453 -0.00668234 0.02175 -0.00528313 -0.000677561 0.0126132 -0.00471432
internal_weight=2400.7 2102.81 297.894 1878.96 1404.37 903.776 637.185 223.847 199.699 585.932 193.531 500.591 368.947 243.856 151.566 131.644 108.585 100.658 474.595 114.144 42.6139 100.724 143.132 127.702 55.9324 44.7917 420.146 284.517 392.401 53.6523
internal_count=414452 133991 280461 76984 45781 21604 9180 57007 54752 8597 2465 24177 20711 16074 41133 3466 2800 2317 31203 36316 9555 7311 8763 8291 5730 1581 29911 6903 6132 727
is_linear=0
shrinkage=0.05


Tree=61
num_leaves=31
num_cat=0
split_feature=17 2 20 19 19 10 0 17 17 21 20 19 19 16 7 10 12 18 18 9 20 12 9 12 7 10 12 10 16 0
split_gain=123.794 38.7437 26.3157 17.5717 17.0642 16.6262 30.5351 17.3487 11.6231 11.2725 12.0827 10.392 10.2512 10.6538 9.45127 10.3198 8.79907 8.73743 11.2038 7.54906 7.21216 7.20051 7.31357 7.13232 7.11618 7.04502 8.83183 7.64028 11.7176 7.24579
threshold=0.68672400000000011 0.77500000000000013 0.28597950000000011 -0.049749999999999996 -0.0081499999999999993 0.6583500000000001 0.27600000000000008 0.94079950000000012 0.83804350000000005 0.8336880000000001 0.13136350000000002 -0.055149999999999998 -0.022249999999999995 -0.21624999999999997 0.42895000000000005 0.58750000000000002 0.15445000000000003 -0.23049999999999998 -0.22339999999999996 0.21500000000000005 0.42599100000000006 0.035550000000000005 0.24000000000000002 0.11655000000000001 0.42605000000000004 0.68750000000000011 0.033950000000000008 0.43750000000000006 -0.095149999999999998 0.60600000000000009
decision_type=2 2 2 2 2 2 2 2 2 2 2 2 2 2 2 2 2 2 2 2 2 2 2 2 2 2 2 2 2 2
left_child=2 3 16 14 -4 6 9 21 -5 10 19 -11 13 -9 15 -2 -1 -14 -19 -3 25 22 -8 -15 -12 27 -27 28 -10 -28
right_child=1 5 4 8 -6 -7 7 12 20 11 24 -13 17 23 -16 -17 -18 18 -20 -21 -22 -23 -24 -25 -26 26 29 -29 -30 -31
leaf_value=-0.050409198564473484 -0.035966106835357517 0.010685603521046839 -0.047137947611405634 -0.02725758353076679 -0.014658073547758997 0.015742281134316402 -0.031855819090580016 -0.037052672808170442 -0.03863726456745651 -0.04383563469097345 -0.0048426674602699959 -0.0091236006677894149 0.04495450649636612 0.00040313337256241708 -0.0020863844671992426 -0.0098082186865310027 0.021312716538013254 -0.077704799842923722 0.022565807450498146 -0.0063971468039079873 0.069836903468123421 0.0062722205416777576 0.012538711151932136 0.029120079287499864 -0.033874730170506677 -0.055407211212689045 0.005413298040161163 0.0096223459606692638 0.0071636014557318883 -0.040656872086618404
leaf_weight=5.1062177798739894 88.744998408787069 175.52611753380916 166.7304023542456 36.042934686527587 53.387366117560305 493.32451141175989 27.240975018998142 12.109399930573998 22.937807339243591 30.613360859730165 50.473981458322669 72.920814073469955 48.547188414260745 49.39259637700161 64.706413009713287 65.56056773578166 26.312470796241541 2.8335073143243781 165.6035522762686 102.40179702243768 3.9438977324170983 192.21225388073071 14.068003053573191 38.456493663834408 36.277935444872128 10.47999048756901 38.275040857726708 213.61073837699951 35.697533721919172 10.983856906066647
leaf_count=3761 36886 6206 253490 6523 3717 12930 1636 193 647 2280 7377 1450 912 927 16074 13767 2655 45 8048 2879 160 8092 603 557 13063 335 1038 6474 1472 255
internal_value=-2.12302e-11 0.00396507 -0.0331502 -0.0068902 -0.0392603 0.00820798 0.00455928 0.0125431 -0.000274619 -0.004827 -0.00069324 -0.0193874 0.0201623 0.00691369 -0.0181262 -0.0248523 0.00965635 0.0262656 0.020879 0.00439151 0.00262047 0.00220198 -0.016737 0.0129742 -0.0169833 0.00182196 -0.0137271 0.00523389 -0.0107534 -0.00485953
internal_weight=2354.52 2102.99 251.536 590.984 220.118 1512 1018.68 550.464 371.972 468.214 364.68 103.534 316.943 99.9585 219.012 154.306 31.4187 216.984 168.437 277.928 335.929 233.521 41.309 87.8491 86.7519 331.985 59.7389 272.246 58.6353 49.2589
internal_count=414452 150829 263623 83631 257207 67198 54268 21013 16904 33255 29525 3730 10682 1677 66727 50653 6416 9005 8093 9085 10381 10331 2239 1484 20440 10221 1628 8593 2119 1293
is_linear=0
shrinkage=0.05


Tree=62
num_leaves=31
num_cat=0
split_feature=17 19 19 17 16 6 10 0 12 6 10 3 10 12 6 16 10 17 2 11 6 6 17 18 0 10 2 3 14 16
split_gain=115.723 37.183 25.1 22.5575 20.3037 15.841 13.8292 10.9562 9.56188 9.31091 9.24533 9.05818 8.8634 8.78376 8.54034 8.25693 7.97014 7.75809 7.51175 8.47979 8.93263 7.43493 7.68606 6.94129 7.88677 7.61224 9.62664 7.66414 9.08111 7.7136
threshold=0.68672400000000011 -0.081749999999999975 -0.055749999999999994 0.92953700000000017 -0.10184999999999998 1030.5000000000002 0.5375000000000002 0.81650000000000011 0.23945000000000002 1186.5000000000002 0.43750000000000006 0.23435000000000003 0.43750000000000006 0.21825000000000003 1573.5000000000002 -0.0097499999999999983 0.41250000000000003 0.90266350000000017 0.77500000000000013 1.0000000180025095e-35 1006.5000000000001 472.50000000000006 0.5250180000000001 -0.85309999999999986 0.27600000000000008 0.58750000000000002 0.45000000000000007 0.67895000000000005 0.70945000000000014 -0.10904999999999999
decision_type=2 2 2 2 2 2 2 2 2 2 2 2 2 2 2 2 2 2 2 2 2 2 2 2 2 2 2 2 2 2
left_child=2 10 -1 5 6 23 11 18 12 -8 15 -5 -7 21 -14 -2 -10 -12 19 20 -6 22 -4 -3 -25 26 -26 28 29 -27
right_child=1 3 13 4 7 8 9 -9 16 -11 17 -13 14 -15 -16 -17 -18 -19 -20 -21 -22 -23 -24 24 25 27 -28 -29 -30 -31
leaf_value=-0.048464586435417345 -0.049347593531127089 0.047390840987165263 -0.037349593570659041 -0.048884780205387321 -0.0043003833112166051 -0.055032422193887799 -0.00086564287388177685 0.035054038117884725 -0.0075402530886867734 0.016422105111383721 -0.036889703880874682 -0.007592036926342029 -0.0089302611559509953 -0.0015598289491831954 -0.042098888417295227 0.026603484759051152 0.042126024946848396 -0.0063679162771386579 0.01461824988082803 -0.01782567618824708 0.018784638940603945 -0.046414335666307982 0.012139611742121159 -0.0088981178632131473 -0.038958171200129947 -0.011715250873254207 0.0045434924386314511 0.06811502491077677 -0.0079253461604612743 0.039183541855351944
leaf_weight=124.06468093186049 32.883855072934239 8.5456305685947864 15.243966290450773 14.634914374561047 75.808207404566929 18.602217816747725 178.15493638689804 54.863134489751246 37.690809855877887 138.38323373754974 26.223142871327582 143.56852367946703 75.235706501807726 54.688556230539689 26.153334092407022 4.0153666490077731 10.280939805757951 101.03944689196942 660.74583833322686 37.462593955511693 93.696992284909356 30.932779095779551 16.165217787580332 115.4045194237915 14.018452511023495 9.417646231595425 137.04149736334512 7.3847233738342757 27.600367963357712 35.510995704302331
leaf_count=227310 15615 679 5972 380 2400 5706 4809 3512 3180 2559 26236 3620 10143 5948 6449 2294 581 13659 14355 1595 3026 21699 2694 18523 1731 313 7064 242 1115 1043
internal_value=1.91177e-11 0.00379342 -0.0327957 0.00574604 0.00906115 -0.00311297 0.000659145 0.0133847 -0.0157638 0.00669216 -0.0190464 -0.0114119 -0.0233069 -0.0161851 -0.0174861 -0.0410826 0.00310385 -0.0126571 0.0120146 0.00370233 0.00846027 -0.0290148 -0.0118792 0.00287386 0.00177556 0.0071086 0.000506512 0.0195884 0.0146476 0.0285145
internal_weight=2325.46 2084.37 241.095 1920.21 1397.32 522.887 474.742 922.577 167.963 316.538 164.162 158.203 119.991 117.031 101.389 36.8992 47.9717 127.263 867.714 206.968 169.505 62.342 31.4092 354.924 346.378 230.974 151.06 79.9137 72.529 44.9286
internal_count=414452 150829 263623 93025 36256 56769 11368 24888 26059 7368 57804 4000 22298 36313 16592 17909 3761 39895 21376 7021 5426 30365 8666 30710 30031 11508 8795 2713 2471 1356
is_linear=0
shrinkage=0.05


Tree=63
num_leaves=31
num_cat=0
split_feature=20 2 18 16 20 20 18 21 10 0 0 10 18 4 3 4 9 9 9 21 7 4 7 14 18 18 11 20 9 10
split_gain=95.512 36.1273 22.7574 17.1808 14.8676 12.8497 14.3821 10.6617 12.732 11.6476 10.4633 8.65138 8.38288 8.23834 7.88207 7.57343 6.84332 8.04939 7.90041 6.81521 6.76261 6.76117 6.61164 8.43751 6.43639 6.77963 6.99302 6.28262 6.04889 9.53529
threshold=0.4003425000000001 0.77500000000000013 -0.22339999999999996 -0.40724999999999995 0.19955750000000003 0.088748500000000022 -0.099299999999999986 0.80044250000000006 0.71250000000000002 0.05340000000000001 0.26200000000000007 0.51250000000000007 -0.38284999999999997 1.0539500000000002 0.25385000000000008 0.84515000000000007 0.14000000000000004 0.11500000000000002 0.16500000000000001 0.42558650000000003 0.45355000000000006 2.0834500000000005 0.42725000000000007 0.54935000000000012 -0.54059999999999986 -0.46119999999999994 0.70000000000000007 0.059115000000000008 0.19000000000000003 0.58750000000000002
decision_type=2 2 2 2 2 2 2 2 2 2 2 2 2 2 2 2 2 2 2 2 2 2 2 2 2 2 2 2 2 2
left_child=1 4 -2 -3 10 6 7 16 13 -10 -1 -4 -6 -9 -12 -16 17 22 -18 -8 -11 -17 23 -5 28 -26 -27 -21 -15 -30
right_child=2 3 11 5 12 -7 19 8 9 20 14 -13 -14 24 15 21 18 -19 -20 27 -22 -23 -24 -25 25 26 -28 -29 29 -31
leaf_value=-0.012891711476181622 -0.044254987975750434 -0.046442875562835023 -0.02702122672815882 0.084388778913427887 -0.045619187796426319 0.001714525787102244 0.040011716567520832 -0.037621842045764131 0.028930513663672993 -0.057795784699953015 -0.01935528246760752 0.002732999746143874 -0.013870121518434848 -0.00070091150904488082 -0.057786009662086073 0.0078316968398662885 -0.015045298200174612 0.035689467197989086 0.011267082769994163 0.02457969388221996 0.010084057032272083 -0.034281682698906184 0.019778198726466537 -0.015519993393000154 0.03265399120783017 0.001689883565114243 -0.10834710379703508 -0.010510499637334698 -0.062397111505414493 -0.0086918587920850974
leaf_weight=192.57213576828508 131.13760293082305 14.588029179969451 49.653848950380052 2.2970932340249446 33.854328919896943 513.63481854743441 56.341264653652615 18.507099894108251 57.330430233851075 6.7378270248882464 37.714161726034945 48.092154810030479 53.879630725172319 45.206494542071596 4.7051602734718463 249.3516419656371 31.167361163999885 61.023128672153689 336.86142718076007 59.353887467288587 8.0565666955662874 9.9093768429593165 97.56729483284289 26.401701587950811 19.484799466910772 72.222278397995979 1.4733228203840543 16.247670858050697 12.992377687362021 22.714537979103625
leaf_count=31528 217919 553 16263 26 38155 48551 3977 383 732 94 1320 10427 12361 838 95 11726 815 984 6632 4830 124 506 2302 721 285 1169 35 426 291 384
internal_value=1.26136e-10 0.00340112 -0.0306434 0.00755082 -0.00715314 0.00808825 0.0115271 0.00906199 0.000804689 0.0187234 -0.00378614 -0.0123818 -0.0261213 -0.00590549 0.00202624 0.00508112 0.0129983 0.020779 0.00903876 0.0268483 -0.0208305 0.00622206 0.0135729 -0.00752315 -0.00253387 0.00642489 -0.000509976 0.0170384 -0.0128508 -0.0282331
internal_weight=2291.08 2062.2 228.884 1480.21 581.986 1465.62 951.987 820.044 264.726 72.1248 494.252 97.746 87.734 192.601 301.68 263.966 555.318 187.289 368.029 131.943 14.7944 259.261 126.266 28.6988 174.094 93.1804 73.6956 75.6016 80.9134 35.7069
internal_count=414452 169843 244609 74152 95691 73599 25048 15815 4335 950 45175 26690 50516 3385 13647 12327 11480 4033 7447 9233 218 12232 3049 747 3002 1489 1204 5256 1513 675
is_linear=0
shrinkage=0.05


Tree=64
num_leaves=31
num_cat=0
split_feature=17 19 19 2 10 0 17 16 17 7 10 0 0 12 14 9 3 7 7 12 9 6 7 3 10 12 6 18 16 9
split_gain=102.181 32.3459 22.8793 17.8914 12.3609 22.9488 14.9907 8.98388 8.90878 8.90794 8.78887 8.77753 8.74188 8.289 8.0065 7.99809 8.92734 7.06102 6.94753 6.80533 7.72497 7.67983 7.59691 8.36357 10.753 7.0624 7.87488 6.80183 6.74577 9.94712
threshold=0.68672400000000011 -0.081749999999999975 -0.055749999999999994 0.77500000000000013 0.6583500000000001 0.27600000000000008 0.94079950000000012 -0.33684999999999993 0.96182300000000009 0.44185000000000008 0.43750000000000006 0.84150000000000003 0.33800000000000008 0.21825000000000003 0.54935000000000012 0.21500000000000005 0.47445000000000004 0.47415000000000007 0.44725000000000004 0.035550000000000005 0.24000000000000002 268.50000000000006 0.44345000000000007 0.45465000000000005 0.48750000000000004 0.29275000000000007 670.50000000000011 -0.46119999999999994 -0.10804999999999999 0.21500000000000005
decision_type=2 2 2 2 2 2 2 2 2 2 2 2 2 2 2 2 2 2 2 2 2 2 2 2 2 2 2 2 2 2
left_child=2 9 -1 8 5 15 19 -8 12 10 -2 28 -3 -4 -12 -5 -17 -18 -6 20 21 -7 -21 -24 25 26 -25 -15 -10 -30
right_child=1 3 13 4 18 6 7 -9 11 -11 14 -13 -14 27 -16 16 17 -19 -20 22 -22 -23 23 24 -26 -27 -28 -29 29 -31
leaf_value=-0.048044224266563247 -0.048864494434215922 -0.028501530216616406 -0.028917579959285636 0.0015651956891758062 0.0096483944047010828 0.072252540144757418 -0.03485829435336471 0.020613160823353682 -0.011168225215355756 0.0033961630955040216 0.040053455776710094 0.031954321439693942 -0.0045354188618004455 0.034509158685879997 -0.021111046651182897 -0.0027414771002512981 -0.031689758396301823 0.03046647740406493 0.022160700563561619 0.026519607171396276 0.013852904631233766 -0.038807675002361458 -0.018316528342672649 0.020518319110740823 0.026294156301731781 0.010803714779901505 -0.038237183796608419 -0.010581898858637924 0.01657090544984428 -0.00682725134548514
leaf_weight=111.82674605591455 29.042501695643296 54.543805980305478 59.500415537426306 264.32312599749275 260.68992402187723 1.6589963312144416 7.4857233444636213 292.66033904047799 92.673622074595187 36.143476461016689 5.7097239646100197 23.02179914622684 125.82380021529389 10.406771689886225 85.010458720647875 92.96542980131926 59.709922303198255 4.9477946349070399 193.13385558885057 37.079663887008792 13.999005855584981 25.217539401317481 40.044389997477992 7.7067976203397874 47.488715474435594 32.444778256525751 21.931037917383946 42.595309327094583 95.166119873931166 86.900333965138998
leaf_count=227310 15367 21690 30365 15058 5312 47 153 10326 2360 8693 556 753 10486 1186 33188 3482 3731 325 5575 1404 553 1385 1520 253 1601 839 1583 4762 2544 2045
internal_value=-6.7471e-11 0.00352627 -0.0320281 0.00533967 0.00818541 0.00494164 0.0118918 0.0192297 -0.00301362 -0.0183595 -0.0249252 0.00229829 -0.0117829 -0.0161083 -0.0172615 -0.00375071 -0.0126651 -0.0269334 0.0149733 0.0022137 -0.016265 -0.0319523 0.00625946 0.00123834 0.00838494 -0.00531431 -0.0229588 -0.00172843 -0.000186728 0.00540296
internal_weight=2261.85 2037.52 224.329 1881.62 1403.49 949.663 527.717 300.146 478.129 155.906 119.763 297.762 180.368 112.502 90.7202 421.946 157.623 64.6577 453.824 227.571 40.8755 26.8765 186.695 149.616 109.571 62.0826 29.6378 53.0021 274.74 182.066
internal_count=414452 150829 263623 93025 53147 42260 19664 10479 39878 57804 49111 7702 32176 36313 33744 22596 7538 4056 10887 9185 1985 1432 7200 5796 4276 2675 1836 5948 6949 4589
is_linear=0
shrinkage=0.05


Tree=65
num_leaves=31
num_cat=0
split_feature=17 7 17 2 16 6 12 12 2 4 20 17 18 14 16 6 7 0 0 6 0 0 0 0 12 16 20 0 20 3
split_gain=95.8525 24.935 21.9297 20.1001 19.0183 13.1257 14.1268 12.7505 12.4225 12.045 8.83838 10.0437 8.18204 8.25617 7.92096 9.56543 7.7925 10.6059 9.38301 9.42855 9.2837 11.0842 7.50724 6.59856 6.53639 8.50868 6.50726 6.40625 9.3168 6.28775
threshold=0.76204950000000016 0.44725000000000004 0.93339000000000005 0.77500000000000013 -0.33684999999999993 1150.5000000000002 0.29275000000000007 0.17055000000000003 0.77500000000000013 1.5446500000000001 0.53862750000000015 0.69050100000000014 -0.07909999999999999 0.70845000000000014 -0.0043499999999999988 196.50000000000003 0.51045000000000007 0.40980000000000005 0.38900000000000007 3352.5000000000005 0.49300000000000005 0.51340000000000019 0.59330000000000005 0.60600000000000009 0.084450000000000011 -0.0082499999999999987 0.21076750000000002 0.30835000000000007 0.10038750000000002 0.084250000000000005
decision_type=2 2 2 2 2 2 2 2 2 2 2 2 2 2 2 2 2 2 2 2 2 2 2 2 2 2 2 2 2 2
left_child=3 4 5 26 -2 9 -7 12 27 -3 23 -12 -5 -14 -10 -16 17 18 -4 -20 -19 -22 -11 -9 29 -26 -1 28 -6 -23
right_child=1 2 16 7 8 6 -8 10 14 22 11 -13 13 -15 15 -17 -18 20 19 -21 21 24 -24 -25 25 -27 -28 -29 -30 -31
leaf_value=-0.0055686365303838714 -0.035800255065798731 -0.0047419894163581826 0.013424956665419742 -0.040398073004253021 -0.0069552014212607427 -0.031951286184253823 0.011559592518772499 0.020648761939406152 0.0023219454918279492 0.0076762309935417038 -0.040200942140424134 0.073159229618844898 0.013818215760012981 -0.035387030016243812 -0.066242467088378623 0.026003993145055859 0.028304011432913331 -0.046283073622511522 0.03658621227866625 -0.052342992696062018 0.054855866823139192 -0.082163347907627471 0.044471020400522948 -0.018702462876050149 -0.015368065983390803 0.039997552558987917 -0.045986905539167844 0.0021040152980035475 -0.030863535686402477 0.01307370614251826
leaf_weight=10.937460701177768 38.321392568876036 95.45155149846687 303.70947630307637 54.674398889314034 175.56720539119851 59.640518485728535 27.145248807675671 39.931115351559129 616.45004783895274 30.336988028138876 18.510429946480148 2.1845440602482986 18.201598061787081 16.035566245918744 2.9571549542597486 56.569376680257847 92.859229724592296 9.2162785971304384 73.677319680806249 3.1062071756459764 10.557105873478575 1.7690950612886798 25.527780654898379 14.529190314060541 63.332982068226556 7.7933168241288504 111.23008505683538 111.72418953216402 53.064010147209046 85.175584072268975
leaf_count=3257 1998 3261 6601 82316 16304 8589 1345 9723 22902 2922 18839 167 1866 2184 153 2692 5600 286 1468 41 178 72 721 466 2009 443 177186 7198 30771 2894
internal_value=-2.62815e-11 0.00397758 0.0101444 -0.0270136 -0.00122238 -0.00284043 -0.0183418 -0.0155802 8.13957e-05 0.00605017 -0.000419408 -0.0282347 -0.0283954 -0.00922791 0.00400384 0.0214214 0.0148922 0.0126616 0.0173729 0.0329887 0.00258189 0.00525258 0.0244899 0.0101504 0.00193972 -0.00930165 -0.0423683 -0.00770894 -0.0125042 0.0111359
internal_weight=2230.19 1943.95 889.299 286.234 1054.65 238.102 86.7858 164.067 1016.33 151.316 75.1553 20.695 88.9116 34.2372 675.977 59.5265 651.197 558.337 380.493 76.7835 177.844 168.628 55.8648 54.4603 158.071 71.1263 122.168 340.355 228.631 86.9447
internal_count=414452 118448 36430 296004 82018 16838 9934 115561 80020 6904 29195 19006 86366 4050 25747 2845 19592 13992 8110 1509 5882 5596 3643 10189 5418 2452 180443 54273 47075 2966
is_linear=0
shrinkage=0.05


Tree=66
num_leaves=31
num_cat=0
split_feature=19 10 12 10 19 10 7 7 16 9 18 16 9 21 18 18 12 21 9 3 21 14 10 14 3 18 14 9 16 7
split_gain=83.2672 24.8261 17.9829 14.058 13.3788 12.9443 10.7844 9.95809 9.61887 8.46181 7.95417 7.60691 7.54169 7.39611 7.15281 9.13863 6.94136 6.80969 6.13489 7.4518 6.08063 5.94432 5.93115 6.15105 5.87787 7.87055 6.17231 5.58519 5.50712 5.45486
threshold=-0.084749999999999978 0.56250000000000011 0.21295000000000003 0.48750000000000004 -0.0063499999999999989 0.31250000000000006 0.43735000000000007 0.44725000000000004 -0.40724999999999995 0.29000000000000009 -0.20019999999999996 -0.32124999999999992 0.21500000000000005 0.84641050000000007 -0.66259999999999997 -0.19179999999999997 0.017850000000000001 0.59956900000000013 0.065000000000000016 0.48275000000000007 0.95030850000000011 0.81245000000000012 0.51250000000000007 0.52505000000000013 0.50165000000000015 -0.17739999999999997 0.61025000000000007 0.35500000000000004 -0.35424999999999995 0.5293500000000001
decision_type=2 2 2 2 2 2 2 2 2 2 2 2 2 2 2 2 2 2 2 2 2 2 2 2 2 2 2 2 2 2
left_child=6 2 3 12 11 14 22 17 -7 18 -6 -5 29 28 -4 -16 -8 21 19 -10 -17 -3 -1 -24 26 -26 -12 -13 -14 -2
right_child=1 7 5 4 10 8 16 -9 9 -11 24 27 13 -15 15 20 -18 -19 -20 -21 -22 -23 23 -25 25 -27 -28 -29 -30 -31
leaf_value=-0.045583466042106356 -0.012766412582722425 0.0094447791329015599 -0.064564986890839476 -0.074777824496237197 0.038410481892819114 -0.095647919628538733 0.05489911873713569 0.013502910562805391 -0.056593610195809607 -0.033096956633477899 0.04090143787299446 -0.006202316476293602 0.053802659298410584 -0.062203877490088627 0.0079141723382438953 -0.01808696720395038 -0.013935813784276056 -0.0019334212196900962 0.010802885634639227 0.032910866173487999 -0.094178563291091866 -0.042220218477420239 0.025544558347473656 -0.030176060582937727 -0.083516248525371484 0.028506980277667456 -0.009395250595036559 -0.065676555608813011 -0.025302593454489011 0.037887527503442937
leaf_weight=82.056674919949728 203.01026268161513 340.41931924839446 5.3073983072972615 4.306705083421547 23.710424481367227 1.9875623319821887 4.1079543727246337 482.41660786217108 2.4151756249339078 8.7964213454106339 6.9083308130502692 175.96133053822996 2.2888012978073666 14.39693061877915 56.345556721687899 35.696901348492247 33.767630218419072 275.66152160364436 131.11349581670947 62.613475002566702 2.8339561373941242 5.6599293639592352 5.2909925834464948 77.505540553993342 1.6508899504551653 31.20464209849888 52.111763583197899 4.0380726407020111 56.808490871131653 5.4578122748062006
leaf_count=121973 39955 25285 1382 343 551 39 859 21093 378 842 243 32810 72 1192 7175 2287 20349 15268 10601 4457 93 1607 2119 85808 35 1405 2032 995 12918 286
internal_value=5.92815e-11 0.00310525 -0.00311389 -0.00828041 -0.000744468 0.00667466 -0.0305292 0.00811232 0.0138172 0.0148788 0.0125911 -0.00910779 -0.0162956 -0.0300677 -0.00807805 -0.00491817 -0.00647003 0.0039297 0.0170304 0.0295867 -0.0236835 0.00859983 -0.0360568 -0.0266153 0.00592792 0.0228782 -0.003508 -0.00753655 -0.0222389 -0.0114403
internal_weight=2195.85 1993.12 888.964 581.854 299.892 307.11 202.729 1104.16 206.926 204.939 115.586 184.306 281.962 73.4942 100.184 94.8764 37.8756 621.741 196.142 65.0287 38.5309 346.079 164.853 82.7965 91.8756 32.8555 59.0201 179.999 59.0973 208.468
internal_count=414452 183344 120091 92837 38414 27254 231108 63253 16317 16278 4266 34148 54423 14182 10937 9555 21208 42160 15436 4835 2380 26892 209900 87927 3715 1440 2275 33805 12990 40241
is_linear=0
shrinkage=0.05


Tree=67
num_leaves=31
num_cat=0
split_feature=17 19 19 17 7 21 10 10 12 0 0 10 7 0 10 16 4 0 7 0 11 21 21 10 20 10 17 17 16 17
split_gain=89.6753 24.8997 24.2636 15.7814 17.0584 15.3713 9.86505 9.23173 8.81819 8.71667 8.46233 7.81483 7.74962 10.5482 9.66834 7.74904 7.72789 7.44843 6.91212 6.82462 6.82392 6.72417 6.71146 6.62829 6.60076 6.54565 6.38688 6.23734 6.22671 6.06532
threshold=0.72634700000000008 -0.055749999999999994 -0.084749999999999978 0.92953700000000017 0.44725000000000004 0.49137650000000005 0.68750000000000011 0.61250000000000016 0.22385000000000002 0.12950000000000003 0.51340000000000019 0.43750000000000006 0.51045000000000007 0.62900000000000011 0.68750000000000011 -0.33684999999999993 1.4278500000000001 0.37170000000000009 0.49795000000000006 0.40980000000000005 0.70000000000000007 0.86978250000000012 0.44234350000000006 0.41250000000000003 0.29973250000000001 0.16250000000000001 0.90266350000000017 0.96879400000000004 -0.060049999999999992 0.98340450000000013
decision_type=2 2 2 2 2 2 2 2 2 2 2 2 2 2 2 2 2 2 2 2 2 2 2 2 2 2 2 2 2 2
left_child=1 -1 11 6 5 10 9 15 -3 -4 17 25 13 -6 -15 -7 -8 27 -18 20 -17 22 24 -10 -11 -2 -13 -5 -26 -19
right_child=2 8 3 4 12 7 16 -9 23 21 -12 26 -14 14 -16 19 18 29 -20 -21 -22 -23 -24 -25 28 -27 -28 -29 -30 -31
leaf_value=-0.047433005177534217 0.065033549568499577 -0.026473978162802433 -0.020429323637985015 -0.0045961586849216094 0.014840826144215136 -0.04906583632884165 0.028177307177808822 0.0034952478233171592 -0.0097800437907498879 -0.012230401055124279 -0.034508177777652208 -0.038212196499083584 0.027302556659928645 0.0035148456966602112 -0.039387341847387458 -0.0050880585979768897 -0.016803090064244304 0.063435390095032004 0.056763361841700277 -0.050411273970181726 -0.068489689535298479 -0.030947047517329403 0.0078880914536366004 0.029364521488828108 -0.039328038716990983 -0.047683895690352446 -0.0052576104840949336 0.014529497382515279 0.021184949614180409 0.012645765946367819
leaf_weight=103.79626318257942 1.3576493270520611 72.181480208972062 81.656205224106088 54.092950021440629 439.11311263314565 12.729911304311825 41.587486750722746 219.65268716628634 45.721018364638439 130.52113614594418 9.7151879417069704 17.995846828642243 90.566166039185191 84.951983047503745 15.533227002357306 176.3366236181464 22.640523353358734 12.641941070323812 3.7171696032455648 9.3550733708689204 4.3486379040405145 19.039875409303932 136.56117375149915 14.164630241488338 4.9715433324454343 25.100321578778676 80.345001786568901 201.14984998847649 29.33553222916089 10.986757884813413
leaf_count=239328 104 34654 18508 3193 9338 336 1577 4730 5148 12032 464 19833 5648 3116 653 4639 1679 227 97 331 106 1571 11502 1331 544 14039 12716 4088 2567 353
internal_value=4.78297e-11 -0.029108 0.00354623 0.00501555 0.00777854 0.00246987 -0.00286829 -0.0036066 -0.0147058 -0.00584596 0.0113644 -0.017778 0.0137683 0.0114967 -0.00311707 -0.0112997 0.0147529 0.0129625 -0.00642817 -0.00876998 -0.00661398 -0.00212963 -0.000309129 -0.00052126 -0.00710058 -0.0419 -0.0112881 0.0104762 0.0124158 0.0398195
internal_weight=2171.87 235.863 1936 1811.2 1341.17 711.01 470.031 422.423 132.067 402.085 288.587 124.799 630.164 539.598 100.485 202.77 67.9452 278.871 26.3577 190.04 180.685 320.429 301.389 59.8856 164.828 26.458 98.3408 255.243 34.3071 23.6287
internal_count=414452 280461 133991 87299 37222 18467 50077 10142 41133 46724 8325 46692 18755 13107 3769 5412 3353 7861 1776 5076 4745 28216 26645 6479 15143 14143 32549 7281 3111 580
is_linear=0
shrinkage=0.05


Tree=68
num_leaves=31
num_cat=0
split_feature=17 19 19 20 21 17 9 14 0 4 21 4 0 14 2 14 2 20 0 14 4 9 18 16 14 20 12 18 2 4
split_gain=83.8256 23.6593 22.69 13.7906 17.9464 10.486 12.8017 12.7319 8.9189 8.40289 7.9015 7.05548 6.98177 7.50924 6.97784 6.95637 7.59185 6.91264 6.69237 11.3863 7.66632 6.45174 6.39041 6.27202 6.18419 6.18111 6.10944 6.0462 6.03584 5.84761
threshold=0.72634700000000008 -0.055749999999999994 -0.029449999999999994 0.088748500000000022 0.96449600000000013 0.96182300000000009 0.21500000000000005 0.72525000000000006 0.33800000000000008 1.24855 0.86687800000000015 1.7503500000000003 0.26200000000000007 0.74115000000000009 0.77500000000000013 0.86575000000000013 0.77500000000000013 0.11155550000000002 1.0000000180025095e-35 0.81415000000000015 1.8186500000000001 0.11500000000000002 -0.54979999999999996 -0.35424999999999995 0.56605000000000005 0.17411250000000003 0.048750000000000009 -0.90239999999999998 0.45000000000000007 1.7155500000000001
decision_type=2 2 2 2 2 2 2 2 2 2 2 2 2 2 2 2 2 2 2 2 2 2 2 2 2 2 2 2 2 2
left_child=1 25 3 4 15 -4 17 29 10 -6 -9 14 13 21 -3 16 23 -7 19 20 22 -5 -18 -2 -14 -1 -16 -22 -10 -8
right_child=2 11 5 12 9 6 7 8 28 -11 -12 -13 24 -15 26 -17 18 -19 -20 -21 27 -23 -24 -25 -26 -27 -28 -29 -30 -31
leaf_value=0.020115862081537567 -0.076213639542734232 -0.032313658913686913 0.002847732596026034 -0.033945464130381534 -0.043049592788413388 0.02250275664282423 -0.0069648589872602839 0.013927901158540297 -0.0099097929239059003 -0.009411372940207996 -0.027890049314474336 -0.054635998758935725 -0.066360517396940558 -0.036555468495160511 -0.036939934612762119 0.038608125277639703 0.020159246015243278 -0.004917713111593662 0.00052868790589151308 -0.038764875006669093 0.063101055223994396 -0.0042904215085180566 -0.043630136832198643 -0.0040765085927055994 0.0015974679214352098 -0.049462361557646849 0.00086836295248742207 -0.051343722160381779 0.037729778390462924 0.030334870100739309
leaf_weight=3.3028237247490315 3.0691232928074887 29.564255054938258 470.08897042358876 24.772347134683514 27.51514432777185 270.28745560651441 144.55571874765155 49.997400842243223 7.6554625245043999 57.077002233825624 14.592996921041047 10.157359235061447 3.5035400342021594 46.155731643986655 12.385542129457461 14.435217593301784 173.92690957576269 25.120644136695773 184.5575358584756 9.7870097507839073 1.3987265732139347 70.644005153015314 4.016869591549038 165.40845122783503 75.243906917559798 95.107230600548064 77.812352490014746 6.5978054197621523 50.561934148463479 11.331360547701477
leaf_count=868 243 13193 14611 8829 1091 8631 3877 838 167 1603 261 7136 318 31180 5919 812 2716 524 4896 327 48 17528 101 14729 16960 238460 14885 254 3033 414
internal_value=1.39138e-10 -0.0286342 0.00341893 -0.00255434 0.00112088 0.00838493 0.0129189 0.00523193 0.0172724 -0.0203528 0.00447991 -0.0146263 -0.0133603 -0.0199986 -0.0112329 0.00434623 0.00344496 0.020171 0.00735939 0.0138003 0.0165671 -0.0119896 0.0187193 -0.00539062 -0.00142604 -0.0471272 -0.00432329 -0.0313254 0.0314653 -0.00425356
internal_weight=2140.63 228.33 1912.3 868.109 647.79 1044.19 574.103 278.695 122.808 84.5921 64.5904 129.92 220.32 141.572 119.762 563.198 548.762 295.408 380.285 195.727 185.94 95.4164 177.944 168.478 78.7474 98.4101 90.1979 7.99653 58.2174 155.887
internal_count=414452 280461 133991 101635 26820 32356 17745 8590 4299 2694 1099 41133 74815 57537 33997 24126 23314 9155 8342 3446 3119 26357 2817 14972 17278 239328 20804 302 3200 4291
is_linear=0
shrinkage=0.05


Tree=69
num_leaves=31
num_cat=0
split_feature=17 19 19 2 10 9 12 7 10 20 6 3 17 7 12 10 19 17 12 6 17 6 17 0 4 10 4 6 0 3
split_gain=78.7069 23.0185 22.4399 14.618 10.0429 12.9425 10.6323 9.71361 7.80685 8.1508 20.9867 8.62497 8.00913 7.45756 7.62092 7.30598 6.54093 8.13591 6.41459 6.94988 6.51826 6.4037 6.2766 6.20282 6.83178 8.65953 6.5298 7.51152 6.31571 8.29818
threshold=0.72634700000000008 -0.081249999999999975 -0.055749999999999994 0.77500000000000013 0.56250000000000011 0.31500000000000006 0.21295000000000003 0.46235000000000004 0.48750000000000004 0.027212000000000004 838.50000000000011 0.33245000000000008 0.80006550000000021 0.43735000000000007 0.017850000000000001 0.31250000000000006 -0.022249999999999995 0.97609950000000012 0.22385000000000002 472.50000000000006 0.5250180000000001 958.50000000000011 0.98691650000000009 0.78250000000000008 1.9904500000000003 0.58750000000000002 1.6263500000000002 280.50000000000006 0.67320000000000013 0.48085000000000006
decision_type=2 2 2 2 2 2 2 2 2 2 2 2 2 2 2 2 2 2 2 2 2 2 2 2 2 2 2 2 2 2
left_child=2 13 -1 23 5 6 8 -6 9 11 12 -5 -11 -2 -15 -8 -10 -18 19 20 -4 -12 -16 28 25 -25 -27 -28 -3 -30
right_child=1 3 18 4 7 -7 15 -9 16 10 21 -13 -14 14 22 -17 17 -19 -20 -21 -22 -23 -24 24 -26 26 27 -29 29 -31
leaf_value=-0.046918464385943146 -0.023574598334652003 -0.0023602997840725388 -0.036259374543674609 -0.034280741597579135 0.0076576629623798138 -0.027828727956076049 -0.002520142530904758 0.020050747858583642 -0.0060987599891358614 -0.036986940422918765 -0.070660462985785683 0.018535563950298567 0.020444383069952093 0.055314970291586024 -0.029878926371831101 0.021252896801582825 0.0041722279069517677 0.033837502788019766 -0.0024627997176035546 -0.040612046797360642 0.0085999653131790393 -0.028591206095887407 0.011236741112806479 -0.0030241431943901368 -0.068882615280203716 0.048638208705049216 -3.3317300798635978 -0.036461076917231022 -0.036355305494566462 0.0014112713901601019
leaf_weight=93.097549990015978 99.199506636708975 337.9842958967638 13.267493985971667 9.7348001180071133 564.82626314937806 33.683251521913917 44.66908687067189 219.57659114265698 65.841100852325326 7.4118864803313036 11.114784165838499 37.527402897576394 33.544101661507739 5.6726188218744928 16.571646983924438 116.88610661656276 69.515852385520702 34.624658697728592 58.563564950309228 34.982428054223419 20.782008479975048 48.59141895166249 21.101798256393522 24.280999616079498 2.3843325324123716 20.839636137476194 0.0017306229565287037 2.3734429192263633 33.695299303391948 25.591544580325717
leaf_count=239328 40336 31455 6023 350 13986 1834 1787 8848 4585 970 807 1221 1433 472 9039 3912 1621 1817 6479 25331 3300 5196 695 772 89 467 2 65 1101 1131
internal_value=-9.5659e-11 0.00330391 -0.0282532 0.00488228 0.00756898 0.00213038 0.00423507 0.0111268 -0.00107278 -0.00947202 -0.0175142 0.00765676 0.0100509 -0.0160148 0.00128623 0.0146798 0.00623655 0.0140353 -0.0146344 -0.0249603 -0.00887962 -0.0364227 -0.00684906 -0.002914 0.0137055 0.0178515 0.0396858 -0.0388621 -0.00500069 -0.0200531
internal_weight=2107.94 1887.24 220.693 1744.7 1297.55 513.144 479.461 784.403 317.906 147.924 100.662 47.2622 40.956 142.546 43.3461 161.555 169.982 104.141 127.595 69.0319 34.0495 59.7062 37.6734 447.151 49.8801 47.4958 23.2148 2.37517 397.271 59.2868
internal_count=414452 133991 280461 83449 48367 25533 23699 22834 18000 9977 8406 1571 2403 50542 10206 5699 8023 3438 41133 34654 9323 6003 9734 35082 1395 1306 534 67 33687 2232
is_linear=0
shrinkage=0.05


Tree=70
num_leaves=31
num_cat=0
split_feature=17 19 19 16 17 6 10 16 14 7 11 7 7 12 6 17 19 16 6 7 0 16 0 16 14 19 10 0 4 10
split_gain=71.9219 22.2809 20.61 14.1985 13.0869 14.1371 11.0489 10.9143 8.86933 8.04327 8.02618 7.78961 7.07857 6.60721 6.5044 7.71955 6.40845 6.03982 9.17451 6.8766 6.82594 8.73505 6.83066 6.25568 5.98654 5.95489 5.91427 6.89296 6.27282 5.8431
threshold=0.72634700000000008 -0.066249999999999989 -0.081249999999999975 -0.11234999999999999 0.92953700000000017 1159.5000000000002 0.5375000000000002 -0.11584999999999999 0.83340000000000014 0.51045000000000007 0.7833500000000001 0.41705000000000009 0.43735000000000007 0.22385000000000002 472.50000000000006 0.54675800000000019 -0.059349999999999993 -0.0043499999999999988 244.50000000000003 0.43985000000000007 0.40980000000000005 -0.091549999999999979 0.49300000000000005 -0.0072499999999999986 0.53860000000000008 -0.069249999999999992 0.71250000000000002 0.12950000000000003 2.1906500000000002 0.51250000000000007
decision_type=2 2 2 2 2 2 2 2 2 2 2 2 2 2 2 2 2 2 2 2 2 2 2 2 2 2 2 2 2 2
left_child=1 -1 12 6 5 26 8 11 -4 10 17 -8 29 14 15 -3 25 19 -19 23 -21 24 -23 -6 -22 -13 27 -5 -29 -2
right_child=2 13 3 4 9 -7 7 -9 -10 -11 -12 16 -14 -15 -16 -17 -18 18 -20 20 21 22 -24 -25 -26 -27 -28 28 -30 -31
leaf_value=-0.048563360997277802 -0.03886068927107654 -0.036362835523894542 -0.016925466462047456 -0.015188672125218997 0.0042493452312283636 -0.019973120178224689 -0.0080700113099155847 -0.040330061644776836 0.015287525352149606 0.027633440224921119 -0.046040542263540513 0.0091522705101292155 0.0017871203502955414 -0.0028774669974284475 -0.039716460779309487 0.0099304559294251579 0.013623120672618162 -0.05854794648465253 0.025779216788116833 0.016546622105578158 -1.4299573242864052 -0.057580434001981255 -0.00014157016576943959 -0.034132405170148428 0.038826297724013394 -0.03482475962231809 0.026686486908266933 0.0049685233387167238 0.06905906520625564 -0.01341082998409171
leaf_weight=78.935957450972637 35.857456643585465 15.89146114313189 154.30214801854891 46.596134968418482 324.27495696223195 75.60375592726632 81.12039015092887 13.808850636909481 24.803045564127387 64.494638811484037 6.498834205674938 16.855447480455044 41.732484170803218 60.661295848905866 37.643615602733917 20.781633234655601 185.17759368507541 3.3591588620183748 81.02056695864303 300.91432282258756 0.0069407604751167131 5.4882482127286485 90.965284477679234 10.975417322420979 14.562451915844575 14.168185549962798 27.116978220525198 183.12511405792611 3.8991016598010892 60.786865004054562
leaf_count=221899 20754 9789 7925 8830 8551 13974 3127 455 1297 4188 136 822 10206 9400 35461 3912 5490 343 2964 5959 5 152 3046 359 427 674 1181 13306 238 19582
internal_value=-3.60343e-11 -0.027462 0.00314563 0.00463154 0.00748165 -0.000936519 -0.00257112 0.00312411 -0.0124645 0.0106187 0.0093093 0.0051423 -0.0154221 -0.0151218 -0.0251163 -0.0101297 0.0100997 0.00974186 0.0224222 0.00830988 0.0126371 0.00204091 -0.00340987 0.0029928 0.0381266 -0.0109316 0.00458336 0.00201779 0.00630469 -0.0228534
internal_weight=2081.43 213.914 1867.51 1729.14 1238.9 336.341 490.236 311.13 179.105 902.561 838.066 297.322 138.377 134.978 74.3167 36.6731 216.201 831.567 84.3797 747.188 411.937 111.023 96.4535 335.25 14.5694 31.0236 260.737 233.62 187.024 96.6443
internal_count=414452 280461 133991 83449 63659 37529 19790 10568 9222 26130 21942 10113 50542 58562 49162 13701 6986 21806 3307 18499 9589 3630 3198 8910 432 1496 23555 22374 13544 40336
is_linear=0
shrinkage=0.05


Tree=71
num_leaves=31
num_cat=0
split_feature=19 2 10 10 0 13 4 21 10 14 4 16 12 9 10 18 14 11 12 12 0 18 18 13 18 12 21 4 21 16
split_gain=58.5853 19.8387 12.1628 11.9749 12.3635 11.7444 10.2069 8.29072 7.35884 6.73574 6.73217 8.17303 6.61769 12.4903 8.32158 6.77277 7.77594 7.2239 5.95003 7.2664 6.08799 5.93979 9.74912 5.8075 6.50783 6.27072 5.79108 7.23774 6.12403 5.73849
threshold=-0.081249999999999975 0.77500000000000013 0.61250000000000016 0.6583500000000001 0.27600000000000008 1.0000000180025095e-35 0.93015000000000014 0.80044250000000006 0.48750000000000004 0.60275000000000012 0.94025000000000014 -0.014649999999999998 0.18535000000000004 0.24000000000000002 0.31250000000000006 -0.76049999999999984 0.74515000000000009 0.35835000000000006 0.012250000000000002 0.020050000000000002 0.84150000000000003 -0.67979999999999985 -0.44219999999999998 1.0000000180025095e-35 -0.74034999999999995 0.015750000000000004 0.72756050000000017 0.85965000000000014 0.61925850000000016 -0.33684999999999993
decision_type=2 2 2 2 2 2 2 2 2 2 2 2 2 2 2 2 2 2 2 2 2 2 2 2 2 2 2 2 2 2
left_child=2 8 -1 4 7 9 -7 12 -2 -6 11 -5 15 14 -14 16 -3 -18 -10 20 -20 -9 -23 24 -17 -25 27 -27 -29 -8
right_child=1 3 -4 10 5 6 29 21 18 -11 -12 -13 13 -15 -16 23 17 -19 19 -21 -22 22 -24 25 -26 26 -28 28 -30 -31
leaf_value=-0.035138747671644821 -0.015035429832144252 0.033291245180479309 -0.0091369663688736502 -0.016014217360168222 -0.025126662330373407 -0.031063207983375259 -0.045411513895980166 -0.03584373110694257 0.018389028735293435 0.0055726288359169698 0.014814894555055087 0.041179609512697501 -0.0072820782151156423 -0.030914601307997114 0.032658894668364233 -0.067773449845864461 -0.049139585291260432 0.060807543156257582 -0.044978629816555801 -0.0018948031730236044 0.029833023676065436 0.0065887255141754203 -0.030765733956974357 -0.038370682321002061 -0.010815705700726161 0.060290285425408319 0.049349796373250904 0.0063543505817708432 -0.042461918549583366 0.03085072200476981
leaf_weight=127.19197466577316 153.05812494838392 22.346368403872479 69.576878779789695 35.646422777223052 18.667442380625289 7.8085073238034957 2.54110404048697 28.045668030870729 32.946773768049752 417.05837365199113 386.74422740360387 7.5734228136352604 17.951258854278421 13.599914742801046 47.675277873153391 5.2059318409192192 6.3663020462481636 1.9520689952987593 16.942984587552932 276.75258167115317 3.2393439807055975 42.59243166073793 29.610170104773715 7.3201754164183503 136.73370008293932 5.146059649239759 8.3161589743103814 35.798399574574432 7.8298202864825717 84.260594017643598
leaf_count=201634 35450 1612 40921 975 1077 469 71 1280 3513 26617 13151 264 2161 1555 4613 1567 1294 210 2255 34490 90 2239 1989 133 27632 80 97 570 111 6332
internal_value=-1.08438e-11 0.00274507 -0.0259446 0.00580361 0.00266126 0.00772455 0.0236924 -0.00378606 -0.00597437 0.0042574 0.0127234 -0.00599213 0.000185788 0.0126961 0.0217336 -0.00399599 0.0179294 -0.0233383 -0.00177023 -0.00400702 -0.0329711 -0.0163156 -0.00873028 -0.00725422 -0.0129047 0.00519766 0.010784 0.00420844 -0.00240655 0.0286182
internal_weight=2056.5 1859.73 196.769 1376.79 946.826 530.336 94.6102 416.49 482.94 435.726 429.964 43.2198 316.241 79.2265 65.6265 237.015 30.6647 8.31837 329.882 296.935 20.1823 100.248 72.2026 206.35 141.94 64.4106 57.0904 48.7743 43.6282 86.8017
internal_count=414452 171897 242555 96099 81709 34566 6872 47143 75798 27694 14390 1239 41635 8329 6774 33306 3116 1504 40348 36835 2345 5508 4228 30190 29199 991 858 761 681 6403
is_linear=0
shrinkage=0.05


Tree=72
num_leaves=31
num_cat=0
split_feature=17 19 2 21 17 10 7 19 3 19 7 14 19 10 14 21 12 21 21 11 17 7 14 20 12 10 18 10 12 19
split_gain=66.1431 20.2208 19.1765 11.6535 11.6069 10.5216 11.1946 10.1288 9.9256 9.62372 7.7759 7.1863 7.05436 6.64184 8.10745 7.68118 6.37299 7.53002 6.19263 6.08877 8.75857 6.459 7.09126 6.05481 6.56308 9.41304 6.37694 6.27197 8.84562 6.93025
threshold=0.72634700000000008 -0.070249999999999993 0.77500000000000013 0.83087750000000005 0.96879400000000004 0.61250000000000016 0.37995000000000007 -0.049749999999999996 0.23925000000000005 -0.022249999999999995 0.42855000000000004 0.73795000000000011 -0.062749999999999986 0.58750000000000002 0.57900000000000007 0.55579500000000015 0.22385000000000002 0.4003425000000001 0.28611550000000008 0.58335000000000015 0.97609950000000012 0.51045000000000007 0.5988500000000001 0.077194000000000026 0.16495000000000001 0.58750000000000002 -0.22339999999999996 0.46250000000000008 0.21295000000000003 -0.029449999999999994
decision_type=2 2 2 2 2 2 2 2 2 2 2 2 2 2 2 2 2 2 2 2 2 2 2 2 2 2 2 2 2 2
left_child=1 -1 7 4 23 8 -7 10 -5 -6 13 -12 -10 18 -15 -16 17 -3 -2 -11 -21 22 -22 24 25 26 -4 28 -25 -29
right_child=2 16 3 5 9 6 -8 -9 12 19 11 -13 -14 14 15 -17 -18 -19 -20 20 21 -23 -24 27 -26 -27 -28 29 -30 -31
leaf_value=-0.049144345479767801 -0.0068243881941630257 -0.013565446933769758 -0.031668504702177004 -0.053550193140505187 0.0075713371278421067 -0.053750002864537419 0.0094515231146330009 -3.7364970536796339e-05 -0.040073916372750026 0.0249730007941323 0.029264292295212432 -0.010580629167388963 -0.0038237673266739367 0.043724181440627216 0.0045879508687472802 -0.034918380041284676 -0.0037810503193840845 -0.046722120831974606 -0.041194174836930122 0.057098664484816354 0.056560262123250861 0.065108698218139804 -0.017076702977742591 -0.027716094317200408 0.029858086532493201 0.020487097721223452 0.0096919484213469978 -0.0098516707623977663 0.0038967595419540759 0.008151811624979079
leaf_weight=68.650483812241873 17.71893535451818 46.976814150071732 21.106772773375269 13.283190312387886 279.76628703722963 7.3553077737306003 147.70454774537211 331.34713959261717 15.235046737601804 198.27615046769279 15.806512202892916 39.834125380279147 112.70028130790161 6.4549496615800299 23.76091567856929 25.516266980353976 60.629731443499622 26.945515220297239 50.338050912469043 6.8698826995678237 3.6254633339704005 3.1168556438642545 33.292259377009032 43.193953152906033 38.984559376491234 44.727882362320088 16.687153549632058 71.01844898264244 45.371301823324757 216.12208862113766
leaf_count=214213 10593 26380 1642 628 4562 226 3662 15418 1703 9284 1689 12792 3436 619 6499 5086 10715 29153 20673 65 92 224 878 7527 1050 975 352 14879 3395 6042
internal_value=3.63562e-11 -0.0270629 0.00300634 0.0061928 0.00872361 -0.00253849 0.00645354 -0.00521867 -0.0124119 0.013909 -0.0147868 0.000738602 -0.00814058 -0.0217652 -0.00896674 -0.0158689 -0.0157965 -0.0256514 -0.0322458 0.0211407 0.00494048 -0.0040098 -0.00984527 0.00324897 0.0129513 0.00496421 -0.0134066 0.000111176 -0.0115211 0.00369901
internal_weight=2032.42 203.203 1829.21 1318.44 1022.16 296.278 155.06 510.777 141.219 524.947 179.43 55.6406 127.935 123.789 55.7321 49.2772 134.552 73.9223 68.057 245.181 46.9045 40.0346 36.9177 497.212 121.506 82.5218 37.7939 375.706 88.5653 287.141
internal_count=414452 280461 133991 60622 50967 9655 3888 73369 5767 15105 57951 14481 5139 43470 12204 11585 66248 55533 31266 10543 1259 1194 970 35862 4019 2969 1994 31843 10922 20921
is_linear=0
shrinkage=0.05


Tree=73
num_leaves=31
num_cat=0
split_feature=17 19 19 19 10 10 12 4 9 9 7 9 18 10 18 0 9 19 12 19 12 6 19 20 14 12 6 17 20 7
split_gain=61.6562 19.4679 16.027 12.9096 12.4101 9.56736 16.2581 9.42315 7.58322 22.6575 11.3573 9.29147 7.53016 7.25453 7.243 7.45569 8.16505 7.01366 6.76243 6.63978 6.47708 6.46162 7.89838 10.3482 6.32713 5.97614 6.28414 7.01759 5.97541 7.05414
threshold=0.72634700000000008 -0.070249999999999993 -0.044449999999999996 -0.045149999999999989 0.73750000000000016 0.48750000000000004 0.21295000000000003 1.0539500000000002 0.21500000000000005 0.24000000000000002 0.47415000000000007 0.090000000000000011 -0.59974999999999989 0.38750000000000007 -0.18099999999999997 0.12950000000000003 0.16500000000000001 -0.10675 0.021750000000000002 -0.043049999999999991 0.0040500000000000006 1885.5000000000002 -0.078249999999999986 1.0000000180025095e-35 0.78405000000000014 0.22385000000000002 472.50000000000006 0.54675800000000019 0.52952800000000011 0.47555000000000008
decision_type=2 2 2 2 2 2 2 2 2 2 2 2 2 2 2 2 2 2 2 2 2 2 2 2 2 2 2 2 2 2
left_child=1 -1 3 4 17 6 12 -8 11 10 -10 20 -4 19 15 16 24 -2 -15 -14 -7 -6 23 -23 -9 26 27 -3 29 -27
right_child=2 25 5 -5 21 8 7 14 9 -11 -12 -13 13 18 -16 -17 -18 -19 -20 -21 -22 22 -24 -25 -26 28 -28 -29 -30 -31
leaf_value=-0.048932207338736523 -0.027434558163803677 -0.035783913225565789 -0.056939294612558623 -0.053582992945221654 0.0063539504326121828 -0.05827162874232044 -0.052351937007852324 -0.080509026884141466 -0.029380376081340982 0.0091823395248973021 0.016290907421827368 0.017437013968097038 0.064057551567397245 -0.035982844785173052 -0.00016534120027945088 0.030472028680031151 -0.06468176708100766 -0.0044079840914707218 0.00054238055056844714 -0.034267270068351584 0.0035865998934672761 0.052173004082598499 0.055654984480972662 -0.076264522787021477 0.029819711449977956 0.018783914486042937 -0.039819109158683551 0.0089116900895833424 -0.031000449750902853 -0.023977423555018695
leaf_weight=65.083194087690572 35.808304898404458 15.420885328418079 8.8991585208277666 12.855824408732586 67.171240635332651 4.38890690615517 5.683319058007327 1.5011450682068233 64.629389456305944 388.2873353958239 17.244103222023114 338.55553355320808 1.8075508414767671 14.38061035373539 57.86106494141859 65.064524191722739 4.5139596623776006 432.34033625174925 106.67894115742092 34.269568844632886 118.20992139910595 3.2209135205484953 16.280188344302587 3.0564784606831381 9.6730235102004354 30.681634390086401 36.44951070928073 20.399455007565848 15.136057268107832 14.066121118652516
leaf_count=214213 22768 11518 596 655 3312 112 216 66 2229 12719 828 10957 93 827 2323 1528 192 61919 5812 2089 3803 45 284 244 374 4810 39711 4304 4940 965
internal_value=7.18959e-12 -0.026548 0.00288915 -0.00404597 -0.00290443 0.00607694 -0.00152635 0.0107498 0.0086105 0.00414214 -0.0197611 0.0131661 -0.0121952 -0.00966122 0.0133371 0.0230119 -0.00792828 -0.00616927 -0.00379643 -0.029341 0.00137214 0.0141295 0.0372831 -0.0103636 0.0149981 -0.0155242 -0.0252029 -0.0103301 -0.00384366 0.00534221
internal_weight=2009.62 197.237 1812.38 570.733 557.877 1241.65 310.333 144.297 931.315 470.161 81.8735 461.154 166.036 157.137 138.614 80.7527 15.6881 468.149 121.06 36.0771 122.599 89.7288 22.5576 6.27739 11.1742 132.154 72.2699 35.8203 59.8838 44.7478
internal_count=414452 280461 133991 89227 88572 44764 14116 4699 30648 15776 3057 14872 9417 8821 4483 2160 632 84687 6639 2182 3915 3885 573 289 440 66248 55533 15822 10715 5775
is_linear=0
shrinkage=0.05


Tree=74
num_leaves=31
num_cat=0
split_feature=17 19 16 10 17 6 21 3 3 7 16 12 6 17 3 19 3 9 17 10 6 6 16 6 10 6 12 10 21 17
split_gain=57.8601 18.6612 17.9898 16.0059 14.1323 13.5343 12.6083 14.4749 8.85878 7.78069 7.32116 6.48566 6.21448 7.67285 6.20451 6.17525 6.29388 6.14635 8.52458 7.76204 7.38133 6.56418 8.10252 6.2769 5.97344 5.84141 5.8207 9.54801 5.78921 5.54639
threshold=0.72634700000000008 -0.070249999999999993 -0.11014999999999998 0.5375000000000002 0.9178495000000001 1150.5000000000002 0.8336880000000001 0.82335000000000014 0.23925000000000005 0.40735000000000005 -0.40724999999999995 0.22385000000000002 1186.5000000000002 0.99421400000000004 0.25805000000000006 -0.049049999999999989 0.27065000000000006 0.31500000000000006 0.99421400000000004 0.63750000000000007 1702.5000000000002 742.50000000000011 -0.094249999999999987 424.50000000000006 0.58750000000000002 352.50000000000006 0.02945 0.51250000000000007 0.79973250000000007 0.97609950000000012
decision_type=2 2 2 2 2 2 2 2 2 2 2 2 2 2 2 2 2 2 2 2 2 2 2 2 2 2 2 2 2 2
left_child=1 -1 3 6 5 -4 26 8 -8 -6 -10 24 14 -14 -5 16 -16 18 20 23 -11 -20 -23 -19 -7 -12 27 -2 -22 -21
right_child=2 -3 4 12 9 11 7 -9 10 17 25 -13 13 -15 15 -17 -18 19 21 29 28 22 -24 -25 -26 -27 -28 -29 -30 -31
leaf_value=-0.048740945392260822 -0.073305070960157884 -0.015360483522270563 0.0023638239827850054 -0.018389182834415665 -0.0017039969670796199 -0.047108692836899314 -0.06848542605089239 0.036035918406950578 -0.082528923945082877 0.011263372269640215 0.053516331009777041 -0.0013940127559594296 -0.001459672899029071 0.022532513364778836 0.050498307693245773 0.0073596696651452732 -0.02191552623330463 0.07464086910862161 0.0001865650758456556 0.032473754999772522 -0.00012069108358630891 -0.0047711116118594977 0.024421275073495879 -0.021697664100927806 -0.0088500122525572347 -0.025011477402910445 0.0016262981998391259 0.03916686016406512 -0.037660240007385958 0.0014119676937258598
leaf_weight=61.759927409731972 6.4485225594762579 130.001574585649 232.61151812686876 52.597544674674282 143.26077244856424 29.679443753015221 14.553852934259337 8.3698603670927678 5.4495407422946291 305.48949064713815 2.4398817398432575 23.102338436088758 68.080759369840962 65.274236627912614 3.2790805013210038 114.29679449780087 35.338986399088753 1.7682704215476395 41.166660373586637 19.767578097584192 68.908930139761651 26.306469836214092 246.47651974653127 38.578200849529821 15.546718019741091 80.562247832553112 85.90649239209597 2.6675463166320696 12.069046233518746 52.645438160689082
leaf_count=214213 1162 66248 38435 2245 7839 15649 858 483 295 11413 162 3988 4495 1472 100 3770 4348 131 3267 564 3955 674 6576 1642 4246 4703 8966 318 608 1627
internal_value=1.24575e-10 -0.0261112 0.00277766 -0.00480737 0.00606693 -0.00338307 -0.015784 -0.0271987 -0.0323369 0.00904034 -0.026389 -0.0229473 0.0018783 0.010284 -0.00357606 0.00151916 -0.0157668 0.0109332 0.0126774 9.92337e-05 0.0077057 0.0187974 0.021606 -0.0174754 -0.0339571 -0.0227031 -0.00240491 -0.0403935 -0.00571563 0.00989133
internal_weight=1994.4 191.762 1802.64 545.265 1257.38 300.94 206.398 111.375 103.006 956.437 88.4517 68.3285 338.867 133.355 205.512 152.915 38.6181 813.177 700.417 112.759 386.467 313.95 272.783 40.3465 45.2262 83.0021 95.0226 9.11607 80.978 72.413
internal_count=414452 280461 133991 33377 100614 62318 16947 6501 6018 38296 5160 23883 16430 5967 10463 8218 4448 30457 26493 3964 15976 10517 7250 1773 19895 4865 10446 1480 4563 2191
is_linear=0
shrinkage=0.05


Tree=75
num_leaves=31
num_cat=0
split_feature=17 19 2 21 10 17 6 7 0 17 4 21 9 14 21 12 7 6 17 21 19 9 9 4 14 10 0 4 19 12
split_gain=54.4423 17.6815 16.6721 10.8952 11.4145 11.3242 9.72921 8.40189 7.41562 9.51594 7.19198 10.1658 7.73563 7.13244 7.79438 7.03393 6.40228 7.91363 6.76549 6.45676 6.35593 6.05584 11.0503 8.50523 6.04547 10.1892 10.9077 7.92106 6.78985 6.20484
threshold=0.72634700000000008 -0.070249999999999993 0.77500000000000013 0.83087750000000005 0.61250000000000016 0.9178495000000001 1069.5000000000002 0.37995000000000007 0.17920000000000005 0.9723035000000001 1.3420500000000002 0.5009880000000001 0.14000000000000004 0.60655000000000014 0.84641050000000007 0.22385000000000002 0.44665000000000005 358.50000000000006 0.96513150000000014 0.64299000000000006 -0.062749999999999986 0.21500000000000005 0.19000000000000003 1.3143500000000004 0.80595000000000006 0.36250000000000004 0.46920000000000001 2.0834500000000005 -0.025449999999999997 0.012250000000000002
decision_type=2 2 2 2 2 2 2 2 2 2 2 2 2 2 2 2 2 2 2 2 2 2 2 2 2 2 2 2 2 2
left_child=1 -1 8 5 13 6 21 -6 9 -2 11 -7 16 14 -5 -8 19 -18 -19 -13 -15 22 -4 -23 25 26 28 29 -10 -27
right_child=2 -3 3 4 7 10 15 -9 24 -11 -12 12 -14 20 -16 -17 17 18 -20 -21 -22 23 -24 -25 -26 27 -28 -29 -30 -31
leaf_value=-0.048473350742999084 -0.02966681508326284 -0.015301781137000365 0.0048940369333410659 0.060146459581789095 -0.04800729851705355 0.012726654715244015 -0.028789671508061134 0.0092630494182293754 -0.028614835762579283 -0.0047690621911756189 0.01611689558839632 0.027161985459526913 -0.012981520232783126 -0.039635855537832491 -0.07295345674079258 0.0053176481411864526 -3.5318226269905466 -0.030555590479609946 0.062979189516087622 -0.020883853764061724 -0.0059565254972474427 0.011965664938162408 0.044828554460927372 -0.021030155038874423 0.015338030737950795 0.024062364143673014 -0.077213257362896373 -0.050527957936671211 0.052949510318271678 -0.0018999456715799567
leaf_weight=58.463349007051875 59.610451760338037 128.40240701071161 95.477002178209659 1.270519550773314 6.7032469442638094 222.14179246412823 44.270459436404053 143.49699254040024 9.2532811266573827 107.7391627200268 381.86248429754414 12.527750294422733 90.328929646522738 15.981710517611644 8.1921868832214368 22.95380001803278 0.0015472286759167222 2.41675047983881 9.6638001987012085 15.826752267894333 113.46021410001049 36.239364349094103 21.162256295006955 42.358077184529975 49.734047424251912 25.577545815671328 9.3410540876211581 7.7750164069293524 3.5229511829093125 229.57694532839378
leaf_count=214213 40460 66248 9284 37 226 6163 10842 3662 1496 6668 13548 259 2024 1797 356 1826 6 65 260 373 3577 2035 1023 3259 5222 1762 415 578 85 16683
internal_value=-3.73103e-11 -0.0256799 0.00268314 0.00569931 -0.00284704 0.00817696 -0.000738012 0.00670715 -0.00504356 -0.0136377 0.0113614 0.00621574 -0.00484488 -0.0131782 -0.0550827 -0.0171437 0.0133311 0.0438093 0.0442673 0.000344037 -0.0101148 0.00491082 0.0121395 -0.00581659 -0.000747524 -0.00355408 -0.036148 -0.000812321 -0.00612407 0.000702604
internal_weight=1975.33 186.866 1788.47 1286.34 289.105 997.231 262.461 150.2 502.13 167.35 734.77 352.907 130.766 138.905 9.46271 67.2243 40.4366 12.0821 12.0806 28.3545 129.442 195.237 116.639 78.5974 334.781 285.047 22.1173 262.93 12.7762 255.154
internal_count=414452 280461 133991 60622 9655 50967 28269 3888 73369 47128 22698 9150 2987 5767 393 12668 963 331 325 632 5374 15601 10307 5294 26241 21019 1996 19023 1581 18445
is_linear=0
shrinkage=0.05


Tree=76
num_leaves=31
num_cat=0
split_feature=17 19 16 10 17 6 7 21 6 20 4 17 6 14 4 12 20 21 4 19 21 7 19 20 17 4 4 10 6 18
split_gain=51.309 18.6666 18.6305 12.5237 10.827 11.4665 11.0682 9.21185 9.19974 7.6257 6.90416 6.84791 7.77561 6.91016 6.22766 6.09009 6.98481 6.07826 5.94926 7.52714 5.76427 5.66007 6.3888 5.63853 5.5177 8.07395 5.51621 5.4993 7.52568 6.34794
threshold=0.76204950000000016 -0.066249999999999989 -0.21624999999999997 0.36250000000000004 0.9178495000000001 850.50000000000011 0.44135000000000008 0.91683150000000013 346.50000000000006 0.071714500000000014 1.1093500000000003 0.81543950000000021 1318.5000000000002 0.83755000000000013 1.7564500000000003 0.25155000000000005 0.062631000000000006 0.95480050000000005 0.83085000000000009 -0.097249999999999989 0.91331150000000016 0.51045000000000007 -0.0063499999999999989 0.17411250000000003 0.93717950000000017 0.98605000000000009 0.69785000000000008 0.71250000000000002 1024.5000000000002 -0.77449999999999986
decision_type=2 2 2 2 2 2 2 2 2 2 2 2 2 2 2 2 2 2 2 2 2 2 2 2 2 2 2 2 2 2
left_child=1 23 3 17 5 18 7 20 -9 15 -5 -11 -13 -14 -3 16 -7 24 -4 -20 -6 26 -23 -1 -2 -26 -8 29 -29 -10
right_child=2 14 4 10 6 9 21 8 27 11 -12 12 13 -15 -16 -17 -18 -19 19 -21 -22 22 -24 -25 25 -27 -28 28 -30 -31
leaf_value=0.01665720213989207 -0.060732063379760115 -0.010635365726785712 -0.026360002598241523 -0.027420968493514275 0.0034779256014150725 -0.034559302003215046 0.079266493630779394 0.031426671422036367 -0.078499624711228108 -0.041548311431249402 -0.00078683457367753184 -0.0027376762379940521 -0.043419678729932125 0.0072626556568412054 -0.050849089697252062 0.045224041453793988 0.041927528602353957 -0.074009404278061186 -0.061953544999233973 0.009140586088891095 0.07311500318788082 -0.008387318085304369 0.030011183650562191 -0.049006717984059478 -0.062268994877658058 0.035272625427897691 0.0089917036687428738 -0.033876204014083221 0.035054333421227143 -0.023977809370083387
leaf_weight=3.4538873982673968 6.3897069618833511 140.72844071251166 14.006017764782881 32.101634804508649 505.65493039824651 8.6269074438896514 2.805704541366139 9.0760424097097694 6.2013517135055727 25.220184975965822 100.52778276114259 69.533579863757041 27.849893531936686 8.8664809171314101 10.33457675205136 9.0157239274849399 4.5639267554797689 10.710582646890542 3.8085553443597737 165.89497089080396 2.9892567217466413 12.989816983812487 65.22748895832774 61.166331933368383 3.3342180742183682 5.832924852555152 590.08887069189223 7.4644975358678485 8.4333477081963775 38.376415207050741
leaf_count=1398 725 53947 1301 1390 24155 1094 76 438 392 12385 5379 12102 10291 1527 10785 378 521 540 6490 14433 112 289 5114 229874 119 174 17105 245 195 1478
internal_value=1.57611e-10 -0.023007 0.00284272 -0.0134803 0.00447737 -0.00347047 0.00662375 0.00155344 -0.0155136 -0.0135487 -0.00723336 -0.0181262 -0.0125666 -0.0311806 -0.0133865 0.0135519 -0.00809545 -0.0450223 0.00496014 0.00754506 0.00388718 0.0109921 0.0236342 -0.045497 -0.0250652 -0.000204626 0.00932426 -0.0225583 0.00268946 -0.0315625
internal_weight=1961.27 215.683 1745.59 158.897 1586.69 337.386 1249.31 578.196 69.5517 153.677 132.629 131.47 106.25 36.7164 151.063 22.2066 13.1908 26.2674 183.71 169.704 508.644 671.112 78.2173 64.6202 15.5568 9.16714 592.895 60.4756 15.8978 44.5778
internal_count=414452 296004 118448 8327 110121 60522 49599 27015 2748 38298 6769 36305 23920 11818 64732 1993 1615 1558 22224 20923 24267 22584 5403 231272 1018 293 17181 2310 440 1870
is_linear=0
shrinkage=0.05


Tree=77
num_leaves=31
num_cat=0
split_feature=17 19 16 2 12 10 17 6 6 10 3 12 10 17 11 20 14 14 0 3 10 14 3 6 7 9 16 0 6 19
split_gain=48.4292 18.4167 17.61 12.6398 10.7934 10.1511 8.33545 9.54163 8.24929 9.67466 10.0682 8.23203 9.83336 10.1047 8.19125 8.17012 7.22573 6.97482 6.6338 6.93391 7.01066 6.62422 6.11949 6.10706 5.89069 5.76612 5.75018 6.50096 5.65557 5.51195
threshold=0.76204950000000016 -0.056949999999999994 -0.21624999999999997 0.45000000000000007 0.20765000000000003 0.36250000000000004 0.9723035000000001 418.50000000000006 724.50000000000011 0.73750000000000016 0.19315000000000002 0.29275000000000007 0.5375000000000002 0.8303925000000002 0.35835000000000006 0.17659750000000002 0.8821500000000001 0.77525000000000011 0.76250000000000007 0.62335000000000007 0.56250000000000011 0.58445000000000014 0.40715000000000007 2155.5000000000005 0.43785000000000007 0.31500000000000006 -0.0043499999999999988 0.76250000000000007 2503.5000000000005 -1.0000000180025095e-35
decision_type=2 2 2 2 2 2 2 2 2 2 2 2 2 2 2 2 2 2 2 2 2 2 2 2 2 2 2 2 2 2
left_child=1 -1 5 4 18 -2 8 14 -5 10 -10 12 25 -14 -8 16 23 26 29 20 -20 -16 24 -13 -7 -12 27 -9 -17 -4
right_child=2 -3 3 6 -6 22 7 17 9 -11 11 15 13 -15 21 28 -18 -19 19 -21 -22 -23 -24 -25 -26 -27 -28 -29 -30 -31
leaf_value=-0.043368465614342114 -0.04243625397653536 -0.012097090372230192 -0.0041252458549369386 0.0096945415561365128 -0.044465757428243158 -0.010210390172535042 0.00099887620010037106 0.0054181504563796954 -0.041561269865579821 0.022502850864703619 -0.014209989450940924 0.033817875788652467 -0.042763646762939235 0.0053065676378739879 0.043517336701504539 -0.047389073953042662 -0.03966399120933442 0.019304100038480519 -0.022389224460642954 -0.087829564202091828 0.048187534504275091 -0.05905649500642135 0.0039750424957869807 -0.034629292650090474 -0.045497389666353943 -0.06301987305444752 0.025979943859937724 0.037324906443837971 0.063922619845819886 -0.035224390764492651
leaf_weight=70.963964722606761 24.959487693326082 139.90384106677084 142.62944714437617 213.65078626712784 17.941642956866417 56.497443221407593 33.413752621589083 464.07848180237124 17.776870903631789 35.431315648413147 124.44298989017989 40.75018195330631 11.785422051951171 151.02677555575792 1.8199746523459897 7.382680508802876 4.283430649447836 187.12694331804232 4.666115914587869 1.3165428563661397 14.308344783465143 11.645427662773725 60.886668483864923 3.5420905864302759 14.95841384626692 6.3599775642942395 41.196988569830864 16.533119027491921 1.349758497031871 15.829035217029739
leaf_count=248241 1558 47763 22543 14878 2971 2422 2323 10453 1065 1033 22414 2306 4131 10576 41 1883 613 6199 201 53 340 410 3890 373 457 1482 1580 1842 74 337
internal_value=-8.69353e-11 -0.0226209 0.00276109 0.00435883 -0.0074958 -0.0131886 0.00605634 0.00957774 0.00174815 -0.00245283 -0.00485102 -0.00299138 -0.00637464 0.00182693 -0.012269 0.0143426 0.0223471 0.0110224 -0.00378501 0.0231325 0.0308316 -0.0451927 -0.00767253 0.0283441 -0.0175973 -0.0165833 0.00805245 0.00651575 -0.0301838 -0.00723186
internal_weight=1938.46 210.868 1727.59 1570.29 196.691 157.302 1373.6 755.815 617.782 404.131 368.7 350.923 293.615 162.812 46.8792 57.3081 48.5757 708.936 178.749 20.291 18.9745 13.4654 132.343 44.2923 71.4559 130.803 521.809 480.612 8.73244 158.458
internal_count=414452 296004 118448 110121 26445 8327 83676 22848 60828 45950 44917 43852 38603 14707 2774 5249 3292 20074 23474 594 541 451 6769 2679 2879 23896 13875 12295 1957 22880
is_linear=0
shrinkage=0.05


Tree=78
num_leaves=31
num_cat=0
split_feature=17 19 2 21 17 3 6 20 19 3 21 17 9 9 9 21 4 9 19 17 12 21 0 0 0 3 4 12 12 12
split_gain=45.671 17.5489 17.016 9.45214 9.09008 8.79275 6.55729 8.56794 6.2574 6.03897 5.97333 6.61001 5.84552 8.42529 8.36701 7.24931 9.38681 8.20508 7.15054 5.73218 5.62116 5.59875 5.6112 5.23882 7.37659 8.0769 7.36195 7.23603 8.09384 7.4693
threshold=0.76204950000000016 -0.066249999999999989 0.77500000000000013 0.83087750000000005 0.90636400000000006 0.14435000000000003 850.50000000000011 0.077194000000000026 -0.049749999999999996 0.52945000000000009 0.22241250000000004 0.96879400000000004 0.14000000000000004 0.11500000000000002 0.16500000000000001 0.49137650000000005 1.3038500000000004 0.21500000000000005 -0.069249999999999992 0.92576850000000011 0.24525000000000002 0.30019750000000006 0.34500000000000003 0.40400000000000008 0.78250000000000008 0.48085000000000006 1.9904500000000003 0.011550000000000001 0.020050000000000002 0.086150000000000018
decision_type=2 2 2 2 2 2 2 2 2 2 2 2 2 2 2 2 2 2 2 2 2 2 2 2 2 2 2 2 2 2
left_child=1 -1 8 4 6 -5 -4 9 10 -8 11 -2 13 20 19 17 -17 21 -18 -14 -6 -16 -23 -10 25 27 -26 -25 -29 -30
right_child=2 -3 3 5 12 -7 7 -9 23 -11 -12 -13 14 -15 15 16 18 -19 -20 -21 -22 22 -24 24 26 -27 -28 28 29 -31
leaf_value=-0.045302361425741511 -0.016287767322301996 -0.013013527410457021 0.0061999577659890481 -0.035894573824241154 0.0060683910145978084 3.8263994063021706e-05 -0.028425092252060337 -0.018777345660332914 0.0047417002078585157 0.049843261439381899 -0.017747835858426663 0.032858467114025659 0.044440384399652422 0.030702508968924114 0.017946989494872195 -0.010124706331176766 -0.027680544621263362 0.0096064484211002936 0.0152218527404897 -0.018679743002676445 0.028199947389774212 0.027992276807221314 0.072326473573821659 0.025577442546792031 0.014292668328303785 0.0014309256998722658 -0.074351862435169627 -0.082578654969987175 -0.010457110598415181 -0.050683559292866678
leaf_weight=58.825666564622225 13.901275226009602 147.83322378349112 119.83713802239799 18.211478218967386 134.64915887487587 261.26875415416362 3.4778684430639251 70.345101196537144 169.88605220867612 8.4582426854758506 133.01004341788212 13.47208658233285 3.9461835448164484 76.973324412458169 42.294791893717047 84.758321960132889 10.63270771014504 180.52247617963076 112.17885180577287 40.633054463465669 36.459460756515909 17.235738281044181 12.180979667566133 5.9988777539110734 41.065398930688389 43.227608430839609 2.4839014453100381 6.9826282976428038 31.701477414782858 18.144620382663561
leaf_count=231272 11221 64732 7740 603 4922 8673 297 12661 9062 358 37528 1271 205 2033 1624 1915 607 6159 3247 1567 1197 426 370 161 1201 1733 86 149 899 533
internal_value=1.17048e-10 -0.0222046 0.00267733 0.005784 0.00815175 -0.00230319 -0.00126253 -0.0121312 -0.00531192 0.0270379 -0.0133704 0.00790007 0.0106805 0.0169643 0.00758981 0.009595 0.00267427 0.0152902 0.0115075 -0.0130923 0.0107841 0.0295983 0.0463503 -0.00126659 -0.00808941 -0.015204 0.00923669 -0.0266494 -0.0321625 -0.0251001
internal_weight=1920.6 206.659 1713.94 1234.06 954.583 279.48 202.118 82.2812 479.874 11.9361 160.383 27.3734 752.465 248.082 504.383 459.804 207.57 252.234 122.812 44.5792 171.109 71.7115 29.4167 319.491 149.605 106.055 43.5493 62.8276 56.8287 49.8461
internal_count=414452 296004 118448 54604 45328 9276 21056 13316 63844 655 50020 12492 24272 8152 16120 14348 5769 8579 3854 1772 6119 2420 796 13824 4762 3475 1287 1742 1581 1432
is_linear=0
shrinkage=0.05


Tree=79
num_leaves=31
num_cat=0
split_feature=17 2 20 17 16 17 16 6 12 16 20 12 19 18 18 10 6 6 10 4 0 20 3 14 6 17 14 0 6 9
split_gain=42.0696 22.8466 16.03 10.4854 9.73296 8.85011 8.79808 8.52514 9.58738 8.4928 6.79796 6.2827 6.22554 7.01233 6.79317 6.06627 6.34662 6.03456 5.93838 6.13795 5.92665 5.82146 6.73245 7.32591 7.04151 5.69929 5.84812 7.60768 5.60208 7.19323
threshold=0.5250180000000001 0.77500000000000013 0.44482450000000007 0.79231650000000009 -0.40724999999999995 0.92953700000000017 -0.20534999999999998 1069.5000000000002 0.29275000000000007 -0.034649999999999993 0.70026750000000015 0.33425000000000005 -0.055749999999999994 -0.70919999999999994 -0.56109999999999993 0.51250000000000007 1609.5000000000002 1051.5000000000002 0.73750000000000016 1.09155 0.33800000000000008 0.23544800000000002 0.75335000000000008 0.70945000000000014 598.50000000000011 0.96879400000000004 0.73445000000000016 0.44120000000000004 874.50000000000011 0.14000000000000004
decision_type=2 2 2 2 2 2 2 2 2 2 2 2 2 2 2 2 2 2 2 2 2 2 2 2 2 2 2 2 2 2
left_child=2 3 -1 20 -3 7 25 10 15 12 21 -10 13 18 -15 -9 -17 -16 -7 -20 -2 -6 23 24 -23 28 27 -27 29 -5
right_child=1 4 -4 6 5 9 -8 8 11 -11 -12 -13 -14 14 17 16 -18 -19 19 -21 -22 22 -24 -25 -26 26 -28 -29 -30 -31
leaf_value=0.01795978666091053 -0.049033064182301245 -0.038748844929045366 -0.044747629837277578 -0.043090509783821652 0.0088998407605392349 -0.003853039514115609 -0.0023565314985701151 -0.040523206253860425 0.039316350546128497 0.015572535470328459 0.045429352331632415 -0.0085097082478785731 0.0076105563095027187 -0.034288841479413898 0.032063011086344434 -0.00079395301051554028 -0.045538642433529238 -0.020838124001334075 -0.028552165948738769 0.037405853602853915 -0.014435603586854194 0.015092933385944579 0.027888699434750693 -0.02278073473945786 -0.021938037181358762 -0.02972838494847109 -0.0043947581281682802 -0.088162418861474579 -0.02922435171365427 0.044181730607196379
leaf_weight=11.975956969188699 21.265364659842817 12.548005111370001 68.394066030512477 3.2451344856526729 147.8432186768332 60.865847892302554 406.06206432764884 29.083550050880149 11.814143731040533 272.6678655639007 9.3933633368433203 16.398005744114926 501.10233069544483 30.109911371662747 9.5842776075587626 34.203272016111441 10.315022419192244 12.320960630197076 4.30016772146337 19.621986797661521 29.619380781110522 38.457106947993452 13.318116364946034 54.897952912095207 19.269820801957394 17.773077813733838 10.908741760795236 8.1125198996160162 10.877517510511096 8.6669747222622373
leaf_count=5652 55742 618 188225 446 10034 2048 51258 11024 628 9498 1616 1534 13564 1167 345 5972 4029 451 49 357 14463 5155 3530 17278 5406 1052 618 146 1991 556
internal_value=-1.28722e-12 0.00155942 -0.0354036 -0.0073442 0.00507516 0.00549961 -0.00498925 -0.000855824 -0.0132644 0.00818671 0.00360553 0.011518 0.00502969 -0.00442387 -0.0188768 -0.0227636 -0.0111614 0.0023079 0.0044426 0.0255495 -0.0288943 0.00217059 -0.0057288 -0.00970414 0.00273163 -0.0229311 -0.0351012 -0.0480416 -0.00328224 0.0204068
internal_weight=1905.02 1824.65 80.37 516.531 1308.11 1295.57 465.646 384.994 101.814 910.573 283.18 28.2121 637.905 136.803 52.0151 73.6018 44.5183 21.9052 84.788 23.9222 50.8847 273.786 125.943 112.625 57.7269 59.584 36.7943 25.8856 22.7896 11.9121
internal_count=414452 220575 193877 126272 94303 93685 56067 66206 23187 27479 43019 2162 17981 4417 1963 21025 10001 796 2454 406 70205 41403 31369 27839 10561 4809 1816 1198 2993 1002
is_linear=0
shrinkage=0.05


Tree=80
num_leaves=31
num_cat=0
split_feature=17 16 19 10 21 3 17 6 6 6 3 4 19 14 2 9 18 18 3 19 6 6 4 10 3 17 6 13 2 16
split_gain=40.6155 18.6686 16.3117 13.4346 10.7952 10.3655 8.18998 10.6669 9.73723 7.68533 8.76211 7.16484 6.72742 6.67052 8.70078 7.66278 7.5839 6.56252 6.5265 6.51092 7.09349 6.78017 6.37687 5.95898 6.47801 5.88363 5.73888 5.70608 6.01293 5.47151
threshold=0.76204950000000016 -0.11014999999999998 -0.056949999999999994 0.5375000000000002 0.8336880000000001 0.82335000000000014 0.99048750000000008 718.50000000000011 1525.5000000000002 352.50000000000006 0.23925000000000005 1.2605500000000001 -0.029449999999999994 0.78145000000000009 0.45000000000000007 0.29000000000000009 -0.31979999999999992 -0.020449999999999999 0.53385000000000016 -1.0000000180025095e-35 436.50000000000006 1438.5000000000002 0.89765000000000017 0.48750000000000004 0.19975000000000001 0.92953700000000017 1186.5000000000002 1.0000000180025095e-35 0.77500000000000013 -0.40724999999999995
decision_type=2 2 2 2 2 2 2 2 2 2 2 2 2 2 2 2 2 2 2 2 2 2 2 2 2 2 2 2 2 2
left_child=2 3 -1 4 -2 9 8 27 12 -6 -11 -10 -3 17 -15 -16 -17 18 -9 20 -14 22 -21 24 -24 -13 -5 -8 -29 -12
right_child=1 6 -4 26 5 -7 7 13 11 10 29 25 19 14 15 16 -18 -19 -20 21 -22 -23 23 -25 -26 -27 -28 28 -30 -31
leaf_value=-0.042490089822680405 -0.0029067419998716273 -0.0030646512220798218 -0.011638372855745052 -0.004516402598567856 0.043315110236579274 0.029132297023211531 0.039105222139988689 0.011853921131768768 -0.036082402982845249 -0.071221099241092461 -0.078631234361338884 -0.02425490284074033 0.042248796741038853 -0.029387601371650536 0.037341640744034114 -0.031601803861972998 0.059786104420726342 0.03476988154272978 -0.012231977117539948 -0.024925900070380189 0.012168847069516923 0.068611612118860021 -0.092323019298258313 0.0098019562326519018 -0.0060798715650650717 0.0025450745086713234 0.0091245159604157952 -0.022375312754978206 0.0033378593042144239 -0.024181902712371587
leaf_weight=62.846491517882896 88.271015637794335 168.27002845172683 134.6040490683481 196.6059855409294 3.3594896380200217 7.7326314616657319 7.4760624798072959 219.32426255068276 21.765259206367773 13.324855301994829 4.9108491272345409 27.87267770706967 22.368476428280701 6.3631638417718923 71.700214003096335 8.3322307833004725 3.1202900016796766 26.850261588188005 32.262317116954364 20.018047260586172 158.33204434730578 3.8853710779803796 2.2764433631673446 147.89159024298715 50.030320191872306 77.20702779792191 126.85389162063075 36.194392569326737 61.145539140979963 76.286514237577649
leaf_count=248241 8899 43737 47763 9609 216 450 264 4338 2443 755 285 10768 749 330 2234 155 211 2267 826 312 5645 99 24 2663 1119 4676 5657 1308 4001 4408
internal_value=-1.85379e-10 0.00250701 -0.0214582 -0.00540486 -0.0158119 -0.0265979 0.00599743 0.0110816 0.00256326 -0.0310006 -0.0336419 -0.00997197 0.00533783 0.0150901 0.0269633 0.0312755 -0.00670276 0.0112729 0.00876526 0.00883062 0.0158924 0.0031365 0.00198129 0.00467177 -0.00983326 -0.00456369 0.000833267 -0.00299012 -0.0062232 -0.027475
internal_weight=1887.48 1690.03 197.451 517.345 193.885 105.614 1172.69 472.769 699.917 97.8817 94.5222 126.845 573.072 367.953 89.5159 83.1527 11.4525 278.437 251.587 404.802 180.701 224.102 220.216 200.198 52.3068 105.08 323.46 104.816 97.3399 81.1974
internal_count=414452 118448 296004 30279 15013 6114 88169 15934 72235 5664 5448 17887 54348 10361 2930 2600 366 7431 5164 10611 6394 4217 4118 3806 1143 15444 15266 5573 5309 4693
is_linear=0
shrinkage=0.05


Tree=81
num_leaves=31
num_cat=0
split_feature=19 10 12 10 10 18 21 0 6 12 3 13 7 7 18 21 0 0 0 10 4 6 4 0 21 0 10 7 4 6
split_gain=32.8981 14.6844 10.664 9.91491 9.8756 7.49538 7.47483 7.89686 7.25994 10.5733 9.36985 6.62325 8.62607 6.4282 6.38177 6.21741 6.5602 7.12228 8.11073 7.10903 7.09073 6.13736 6.08581 6.48287 5.80808 7.22953 5.78375 5.78364 5.78276 6.44566
threshold=-0.081249999999999975 0.58750000000000002 0.23945000000000002 0.41250000000000003 0.61250000000000016 -0.18099999999999997 0.86687800000000015 0.12950000000000003 364.50000000000006 0.055250000000000007 0.23925000000000005 1.0000000180025095e-35 0.41865000000000008 0.36785000000000007 -0.72899999999999987 0.060791000000000005 0.78250000000000008 0.40980000000000005 0.38900000000000007 0.83750000000000002 1.53095 2122.5000000000005 0.83085000000000009 0.59330000000000005 0.80969150000000012 0.94000000000000006 0.16250000000000001 0.51045000000000007 1.6986500000000004 166.50000000000003
decision_type=2 2 2 2 2 2 2 2 2 2 2 2 2 2 2 2 2 2 2 2 2 2 2 2 2 2 2 2 2 2
left_child=4 2 6 5 26 14 7 -2 9 -8 -10 -9 -13 -3 -4 28 17 18 19 -17 24 -12 -19 -24 -18 -26 -1 -22 29 -15
right_child=1 13 3 -5 -6 -7 8 11 10 -11 21 12 -14 15 -16 16 20 22 -20 -21 27 -23 23 -25 25 -27 -28 -29 -30 -31
leaf_value=0.062034405365865491 -0.015561548243273306 -0.016348854482454281 -0.038990273631605454 0.022336373999906314 -0.0059636656601700089 -0.01453931645508548 0.075662197725145958 -0.0036101085925013404 -0.062343844672076411 -0.036745311337112216 -0.02142080953705084 -0.014383978298548815 0.022838356375923945 -0.10265720319321324 0.010682009782951939 0.0044670004771435144 0.047602492531816018 -0.049368737712911337 0.026459473898628984 0.036751677668681697 -0.056755112423437629 0.022517450608124847 -0.025318637291580112 0.0034337578194180152 -0.0424346100932943 0.075785826136774481 -0.033447388877752747 0.014074233793688393 -0.012913555186389099 0.032225218062959075
leaf_weight=1.6129685656560457 110.55135934888131 29.450913652322924 6.9006627361741257 68.829136693984765 59.567687649639993 59.070681798002624 4.6908657957392261 326.62710162727672 12.898408779263262 3.7759844234496995 68.350666960941453 21.469619535317179 56.593765034656826 0.90200849832035501 102.71849909867888 538.73223754081846 26.310656148925773 7.6363134963175971 50.274660341212439 17.608627206951496 3.8724369585506784 8.9933117420587205 25.499758537858725 84.801752411181951 4.2547239230698315 1.8578914725039792 94.926293713790074 11.27020992067264 9.4234513998308085 49.05001717088453
leaf_count=464 32695 4292 1283 3992 40921 4165 543 56504 719 1017 5210 506 3436 49 12851 28542 1237 278 2287 395 228 409 1418 4436 320 118 201170 1033 1294 2640
internal_value=-5.69654e-11 0.00200315 -0.00265268 0.00634361 -0.0219735 -0.00018179 -0.00613307 -0.00371829 -0.0187377 0.0255315 -0.0228912 -0.000483009 0.0126012 0.00660773 0.00755508 0.00742083 0.00622187 0.00504101 0.00722683 0.00548884 0.0242095 -0.0163118 -0.00620179 -0.00321329 0.0374024 -0.00650224 -0.0318521 -0.00403899 0.0230122 0.0297896
internal_weight=1868.52 1712.42 851.47 237.519 156.107 168.69 613.951 515.242 98.7092 8.46685 90.2424 404.69 78.0634 860.946 109.619 831.495 772.119 724.553 606.616 556.341 47.5659 77.344 117.938 110.302 32.4233 6.11262 96.5393 15.1426 59.3755 49.952
internal_count=414452 171897 123330 22291 242555 18299 101039 93141 7898 1560 6338 60446 3942 48567 14134 44275 40292 37356 31224 28937 2936 5619 6132 5854 1675 438 201634 1261 3983 2689
is_linear=0
shrinkage=0.05


Tree=82
num_leaves=31
num_cat=0
split_feature=17 16 2 3 17 6 2 12 17 6 12 12 14 0 12 11 21 16 6 6 16 6 3 4 4 6 3 21 6 21
split_gain=39.2225 16.417 11.0039 9.18642 9.03937 9.56215 6.18188 8.52453 5.94305 6.6517 7.66908 5.9667 5.85751 6.06673 5.39692 5.1716 6.09203 5.21801 5.33198 4.95321 4.60662 4.56435 4.53251 5.51534 5.11757 4.47116 4.77061 4.41576 7.73338 5.17281
threshold=0.72634700000000008 -0.11014999999999998 0.77500000000000013 0.23925000000000005 0.92953700000000017 994.50000000000011 0.45000000000000007 0.13155000000000003 0.53609150000000005 574.50000000000011 0.12685000000000005 0.26195000000000007 0.82845000000000013 0.17920000000000005 0.22385000000000002 1.0000000180025095e-35 0.74523400000000006 -0.13104999999999997 874.50000000000011 364.50000000000006 -0.086249999999999979 334.50000000000006 0.084250000000000005 1.1756500000000003 0.67025000000000012 394.50000000000006 0.26235000000000003 0.47089600000000004 220.50000000000003 0.45951650000000005
decision_type=2 2 2 2 2 2 2 2 2 2 2 2 2 2 2 2 2 2 2 2 2 2 2 2 2 2 2 2 2 2
left_child=2 3 -1 15 5 -3 7 25 11 -10 -11 -4 27 -14 -7 16 -2 22 -19 21 -16 -18 24 -24 -17 26 -5 28 -6 -30
right_child=1 4 8 6 12 14 -8 -9 9 10 -12 -13 13 -15 20 17 19 18 -20 -21 -22 -23 23 -25 -26 -27 -28 -29 29 -31
leaf_value=-0.040325687943845168 -0.0057153953580903385 0.0044535269652641587 -0.042470907469765423 -0.13658334731281629 -0.054159947218088381 -0.021138791914200237 0.00013821064993748319 -0.046635880697106433 0.014694344583465434 -0.061700960678082534 -0.0045670794161211834 -0.0036270993942028561 0.0021954828101850531 0.034704629434747475 0.048252288870101814 -0.0557994877634065 -0.024872433255183193 -0.075219223619208214 0.011021407667321459 -0.045260416217697746 -0.0047069074027866909 0.092533780933661922 -0.043494163341197122 0.023939752238582052 0.060865884988868496 -0.0099465536907908953 0.067202579806969018 0.0030701714936748458 0.010470888530261934 0.049646901745525968
leaf_weight=60.823390130619373 19.934117411954503 212.73523887983538 26.100602280403109 0.3153267484158272 4.5638743175004484 75.16885866435041 377.32467466236267 17.4579615055045 27.683756338221428 7.8583772689562492 23.253717322833836 15.914040518764521 22.431362381583313 39.83930294134916 4.9000262031622723 1.1096952436200869 2.3871680805459614 4.1359746890957458 3.1628644370066468 35.893185246364737 25.346042359844432 1.2672924222715662 5.5823327766556741 6.6375060537247919 6.1462380256562028 35.669233635395358 3.2182362894454855 368.42852717731876 406.53918257153236 8.6044365966954484
leaf_count=170918 1072 32648 68725 16 310 27743 21819 2423 9139 14098 8620 8961 1541 1759 495 69 195 120 79 1805 5011 39 346 182 149 4860 203 13257 17509 341
internal_value=3.91056e-11 0.00225205 -0.0235301 -0.00513635 0.00554137 -0.00164834 -0.00217426 -0.0175739 -0.0133966 -0.00313417 -0.0189981 -0.0277579 0.00823115 0.0229941 -0.0139624 -0.0200397 -0.0282537 -0.00179156 -0.0378479 -0.0396142 0.00387277 0.0158416 0.0117211 -0.00686577 0.0430235 -0.00463183 0.0490172 0.00706473 0.0105712 0.0112829
internal_weight=1850.43 1688.8 161.634 520.242 1168.56 318.15 433.985 56.6608 100.81 58.7959 31.1121 42.0146 850.407 62.2707 105.415 86.2564 59.4818 26.7746 7.29884 39.5476 30.2461 3.65446 19.4758 12.2198 7.25593 39.2028 3.53356 788.136 419.707 415.144
internal_count=414452 133991 280461 33377 100614 65897 29321 7502 109543 31857 22718 77686 34717 3300 33249 4056 3111 945 199 2039 5506 234 746 528 218 5079 219 31417 18160 17850
is_linear=0
shrinkage=0.05


Tree=83
num_leaves=31
num_cat=0
split_feature=17 19 21 10 12 2 20 21 9 17 6 11 0 9 11 21 10 18 18 7 7 21 0 7 17 6 0 10 7 10
split_gain=35.6292 17.5149 12.3854 10.6431 10.6334 9.70457 7.97893 7.25376 6.534 8.82265 6.40403 5.72757 8.71099 8.19288 6.16655 5.49708 5.14312 10.6851 10.587 8.48339 6.19501 6.29176 5.75844 5.30618 5.0326 7.93051 7.59365 5.68752 5.63352 5.16253
threshold=0.80006550000000021 -0.066249999999999989 0.80969150000000012 0.41250000000000003 0.20515000000000003 0.77500000000000013 0.066756000000000024 0.81639150000000005 0.21500000000000005 0.9178495000000001 364.50000000000006 1.0000000180025095e-35 0.84150000000000003 0.29000000000000009 0.35835000000000006 0.53365700000000016 0.71250000000000002 -0.77989999999999993 -0.69874999999999987 0.44495000000000007 0.43385000000000007 0.86687800000000015 0.62900000000000011 0.43105000000000004 0.99048750000000008 544.50000000000011 0.33800000000000008 0.7875000000000002 0.39585000000000004 0.68750000000000011
decision_type=2 2 2 2 2 2 2 2 2 2 2 2 2 2 2 2 2 2 2 2 2 2 2 2 2 2 2 2 2 2
left_child=1 -1 5 4 10 11 -3 -5 -7 -10 -4 24 13 15 -14 -13 17 19 -18 -9 21 -19 -20 -23 26 -26 28 -27 -2 -28
right_child=2 6 3 7 -6 8 -8 16 9 -11 -12 12 14 -15 -16 -17 18 20 22 -21 -22 23 -24 -25 25 27 29 -29 -30 -31
leaf_value=-0.042921961837561168 -0.0010670062788154695 0.057774200874701434 0.081794815577590621 -0.05084534848654193 -0.006822167367662009 0.011822889854962212 -0.012265448360819914 -0.056137698074156799 -0.01263116769816903 0.0068465293916660621 -0.054815948452404763 -0.0012326054926427249 -0.022639199267792426 -0.070292512116020167 0.082975032602832108 -0.037314836661397191 0.032149306954612288 0.011946291077188986 0.0017693359584302166 0.0091918210621940079 0.0056322404050191078 -0.014762746133497987 -0.053762821603116163 -0.071984473926630141 -0.022808895576215585 0.01668284087730738 0.0066034350354451238 -0.05476870625108779 -0.036525344691046895 -0.030361693832259853
leaf_weight=54.821567492528629 19.108288370334776 4.1623642492922945 0.89063843413169053 7.2842120357527156 35.527847994893818 492.73597035960665 176.14435574632444 16.307856028957762 72.360320680061704 295.80694773429059 23.319557651404466 28.67005765918293 2.2631086667242917 7.7015228369273236 3.5502545245690271 16.706649764921167 33.484574982998311 22.808466482994845 54.421987071196781 7.1470663070795117 144.43233791552484 66.362741835720954 5.10627945048327 4.3147630527528227 16.69610318710329 92.771051881427411 88.962847926683025 2.8712918567471197 27.071605881850701 10.567302429888512
leaf_count=240640 6822 102 41 408 1861 23736 71060 1610 5737 9483 1641 4738 81 944 45 2447 885 1472 1338 286 5591 3667 349 213 628 2471 6657 74 19091 334
internal_value=-6.09654e-11 -0.0181733 0.00267191 -0.00468439 -0.024236 0.00530385 -0.0106486 -0.001455 0.00805761 0.00301834 -0.0497903 -0.00217618 -0.0162461 -0.0226101 0.04186 -0.0145172 -0.000439804 -0.00403304 0.00965747 -0.0362308 -0.000858858 -0.0108874 -0.00299416 -0.0182561 0.00103484 0.0089872 -0.00509621 0.0145378 -0.0218534 0.00267878
internal_weight=1834.38 235.128 1599.25 421.408 59.738 1177.84 180.307 361.67 860.903 368.167 24.2102 316.94 58.8916 53.0782 5.81336 45.3767 354.386 261.373 93.0128 23.4549 237.918 93.486 59.5283 70.6775 258.048 112.338 145.71 95.6423 46.1799 99.5302
internal_count=414452 311802 102650 19362 3543 83288 71162 15819 38956 15220 1682 44332 8255 8129 126 7185 15411 12839 2572 1896 10943 5352 1687 3880 36077 3173 32904 2545 25913 6991
is_linear=0
shrinkage=0.05


Tree=84
num_leaves=31
num_cat=0
split_feature=17 16 19 10 3 2 20 10 3 9 20 0 10 9 16 3 3 18 16 17 4 3 10 11 16 9 19 3 12 0
split_gain=32.4421 16.9617 16.5149 14.8995 9.93603 7.58228 6.98947 6.59127 6.45015 8.16788 6.34556 5.77006 5.34361 8.65868 6.02446 5.55316 7.60213 5.31997 5.30027 6.23837 5.00803 7.25679 5.18489 4.9482 7.00405 5.35518 4.94599 4.81267 4.78627 6.54219
threshold=0.80006550000000021 -0.11014999999999998 -0.070249999999999993 0.43750000000000006 0.55165000000000008 0.77500000000000013 0.18198700000000004 0.7875000000000002 0.23925000000000005 0.31500000000000006 0.066756000000000024 0.1183 0.6583500000000001 0.31500000000000006 -0.0043499999999999988 0.55605000000000016 0.53815000000000013 -1.0000000180025095e-35 -0.043449999999999996 0.91022800000000015 1.3177500000000004 0.78285000000000016 0.41250000000000003 1.0000000180025095e-35 -0.029549999999999996 0.065000000000000016 -0.10224999999999999 0.90045000000000008 0.049550000000000004 0.045000000000000005
decision_type=2 2 2 2 2 2 2 2 2 2 2 2 2 2 2 2 2 2 2 2 2 2 2 2 2 2 2 2 2 2
left_child=2 3 -1 4 -2 7 11 23 9 -5 -4 -6 13 14 15 16 -7 -18 -15 -20 -12 -22 27 28 25 -25 -10 -23 29 -3
right_child=1 5 10 8 6 12 -8 -9 26 -11 20 -13 -14 18 -16 -17 17 -19 19 -21 21 22 -24 24 -26 -27 -28 -29 -30 -31
leaf_value=-0.043380565061825138 -0.041263429907060209 -0.04639447669880311 0.052143582916926702 -0.022212830964443844 -0.049226702058915876 0.0031671005045167595 -0.071363436314451509 -0.043056478450097378 -0.035990771230240123 0.024650782737637454 -0.0023114508376312483 0.0039981362347962617 0.014098800103592227 -0.032674416323473614 0.023326515571789996 0.013544196598023309 -0.05291455511039992 0.044502915917648794 -0.041561105306512858 0.012103733808798159 -0.027830729197120836 0.00018909726424462002 0.034398608707110881 0.015164604750524766 0.010118485457115354 -0.039257591564259967 0.0029128519644756497 -0.058611762269549811 0.0084097621996430429 -0.0014298015569935705
leaf_weight=48.64405879284277 41.944436643523659 9.1589901383267698 3.9427827441249965 58.792174724265351 5.830461115052457 261.46208099427531 4.0362026225920991 8.972179391566895 8.3827750252094102 11.044371495503581 76.567919921926659 40.205753600384924 279.55947983459737 21.706040315762948 54.392880040039017 144.95180355586126 9.6413160267547919 1.6398023249130336 7.0487544786446987 23.370437665849749 72.152636835142403 17.307596314763948 8.5245087439325271 5.5558016502182026 18.398560598558106 24.251157908751338 321.62723447762437 4.3555556059800429 159.20685824022439 69.275175132177537
leaf_count=231770 2935 2857 108 2288 824 11963 798 659 3336 344 27183 2066 7994 1043 3334 9262 619 134 641 920 44545 3957 2690 626 2987 3470 14301 1549 23029 6220
internal_value=9.79455e-11 0.00254546 -0.0174882 -0.00517138 -0.0233118 0.00600046 -0.00827409 -0.000858222 -0.000996728 -0.0148015 -0.0106001 -0.00274276 0.00851618 0.00553901 0.00767429 0.00563603 0.00143317 -0.0387541 -0.0137998 -0.000331517 -0.0119828 -0.0192187 0.00136537 0.000466301 -0.01414 -0.0291137 0.00192464 -0.0116333 0.00342919 -0.00668046
internal_weight=1821.95 1590.45 231.495 491.863 92.0169 1098.59 50.0724 294.819 399.847 69.8365 182.851 46.0362 803.773 524.213 472.088 417.695 272.743 11.2811 52.1252 30.4192 178.908 102.34 30.1877 285.847 48.2055 29.807 330.01 21.6632 237.641 78.4342
internal_count=414452 102650 311802 26892 6623 75758 3688 39848 20269 2632 80032 2890 35910 27916 25312 21978 12716 753 2604 1561 79924 52741 8196 39189 7083 4096 17637 5506 32106 9077
is_linear=0
shrinkage=0.05


Tree=85
num_leaves=31
num_cat=0
split_feature=17 20 2 17 16 3 9 10 0 9 17 0 17 3 12 10 0 0 21 0 19 3 21 12 3 10 20 10 12 21
split_gain=31.9686 18.3624 14.6632 12.2583 9.8674 11.8543 8.51273 6.48667 7.18946 9.51281 6.59321 6.38452 6.03289 8.53717 5.92613 8.5516 5.88208 5.71266 5.38123 4.96644 6.66563 5.37873 7.02054 7.2839 4.96179 4.76066 6.79563 4.6378 9.6123 4.99258
threshold=0.5250180000000001 0.44482450000000007 0.77500000000000013 0.92953700000000017 -0.11014999999999998 0.18615000000000001 0.31500000000000006 0.6583500000000001 0.12950000000000003 0.35500000000000004 0.8951245000000001 0.17920000000000005 0.84939350000000002 0.40025000000000005 0.33425000000000005 0.36250000000000004 0.15750000000000003 0.065400000000000014 0.86687800000000015 0.76250000000000007 -1.0000000180025095e-35 0.47645000000000004 0.59956900000000013 0.05605000000000001 0.16365000000000005 0.51250000000000007 0.25039700000000004 0.5375000000000002 0.037050000000000007 0.27248900000000004
decision_type=2 2 2 2 2 2 2 2 2 2 2 2 2 2 2 2 2 2 2 2 2 2 2 2 2 2 2 2 2 2
left_child=1 -1 3 11 5 6 -4 8 9 17 12 -2 25 -14 15 -5 -16 -6 24 20 -17 22 -22 -24 -13 26 -10 28 -7 -30
right_child=2 -3 4 14 7 27 -8 -9 10 -11 -12 18 13 -15 16 19 -18 -19 -20 -21 21 -23 23 -25 -26 -27 -28 -29 29 -31
leaf_value=0.022969107656287107 -0.035354461065526983 -0.044906057476806593 -0.037876537300545798 -0.03401235936829388 0.0017692383378490779 -0.053879556738501533 0.030781698194999492 0.013203101068365636 0.01189220476619611 -0.076167604189831942 0.011786726901330868 0.028814109190875393 -0.051901441119213326 -0.0016343930182441656 -0.057517640641623541 0.00082128804726821613 0.042681497167940001 -0.022042538255481164 -0.05395151486527771 0.019674500613937204 -0.056265080412461234 0.005001586032428112 0.037242740902942294 -0.044342370559431223 -0.012148030111319203 0.018240555755218595 -0.023105395291039624 0.0048347047499530983 0.048749916638759466 -0.0053033343878704335
leaf_weight=12.043439311224573 40.247466997396259 57.718991162962993 33.827196708687552 20.011694579341565 136.49762434475269 10.189659683273929 5.2099759614793575 288.43581950799125 29.825596727889206 4.5157468461002273 290.83489367279071 8.0988631576365133 12.723579719488042 25.12867219922191 1.6611943038878951 239.55151823819324 12.381425775238311 30.887840768333263 7.0287015568574125 28.310350224630383 15.319757155579284 12.908041748334652 5.4342713179066759 5.509382379357703 84.808230299642673 39.886605234049057 25.928912270926958 213.73683806712506 4.4495817319184416 106.9814799681717
leaf_count=5652 67659 188225 1613 1675 18677 1611 206 11111 3503 559 12250 1188 741 2003 584 17591 339 6283 2167 926 288 281 90 87 33397 6882 10276 10006 324 8258
internal_value=2.28126e-10 -0.0331884 0.00133038 -0.00609293 0.00416791 -0.00263622 -0.0287133 0.00704746 0.00406956 -0.00455671 0.00756418 -0.0185402 -0.00163524 -0.0185311 -0.00097723 -0.00234289 0.0308283 -0.00262478 -0.0117686 -0.000278751 -0.00230544 -0.0214268 -0.0344159 -0.00382979 -0.00857729 0.00505168 -0.0043836 0.00039927 -0.00739558 -0.00314492
internal_weight=1810.09 69.7624 1740.33 481.271 1259.06 374.395 39.0372 884.665 596.229 171.901 424.328 140.183 133.493 37.8523 341.088 327.045 14.0426 167.385 99.9358 307.033 278.723 39.1715 26.2634 10.9437 92.9071 95.6411 55.7545 335.358 121.621 111.431
internal_count=414452 193877 220575 126272 94303 22018 1819 72285 61174 25519 35655 104411 23405 2744 21861 20938 923 24960 36752 19263 18337 746 465 177 34585 20661 13779 20199 10193 8582
is_linear=0
shrinkage=0.05


Tree=86
num_leaves=31
num_cat=0
split_feature=19 10 3 10 0 9 9 6 9 9 16 4 6 16 18 10 4 21 16 19 2 14 10 13 21 14 0 14 12 14
split_gain=26.1911 11.6814 9.5544 8.19531 7.78344 8.15771 7.12365 10.0002 8.76046 14.9921 9.64047 7.30075 6.97607 6.90903 6.73988 12.2744 8.42705 6.30787 7.48247 6.28106 6.15524 6.586 6.10063 5.8799 6.35694 6.49093 5.77901 5.77338 6.23904 5.66427
threshold=-0.081249999999999975 0.58750000000000002 0.55165000000000008 0.61250000000000016 0.11280000000000001 0.065000000000000016 0.090000000000000011 718.50000000000011 0.21500000000000005 0.24000000000000002 -0.14584999999999998 1.6351500000000001 1132.5000000000002 -0.088849999999999998 -0.18919999999999998 0.43750000000000006 1.3652500000000003 0.88014100000000017 -0.11814999999999999 -0.059349999999999993 0.77500000000000013 0.66085000000000016 0.73750000000000016 1.0000000180025095e-35 0.77792650000000008 0.7581500000000001 0.35770000000000007 0.64845000000000008 0.093850000000000003 0.76305000000000012
decision_type=2 2 2 2 2 2 2 2 2 2 2 2 2 2 2 2 2 2 2 2 2 2 2 2 2 2 2 2 2 2
left_child=3 2 17 -1 5 19 7 -3 27 10 -10 23 -11 -13 16 -16 26 -2 29 -4 21 -12 -14 24 -9 -26 -6 28 -8 -19
right_child=1 6 4 -5 14 -7 8 11 9 12 20 13 22 -15 15 -17 -18 18 -20 -21 -22 -23 -24 -25 25 -27 -28 -29 -30 -31
leaf_value=-0.030330283524517776 -0.0047894185867637445 -0.033351134520213287 -0.059401549856388319 -0.0056595423586566088 0.017432657515668231 -0.027295655806363603 0.0083252999906032084 -0.033621783940036454 -0.052982760921435682 0.0020236016594286288 0.0032586300462586581 -0.020566292571047893 0.0087740754446485967 0.057892014926763859 -0.015325758660722798 0.01601188946503878 0.0061178939932711399 -0.025925890521623619 0.010038772818360358 0.029093267364048464 0.0006727399421630558 -0.059262304572474805 0.03030016340866459 0.020693982624035968 0.035787152028633189 -0.066464200316532177 0.052514605692232208 0.017702155502287768 -0.033953900018106005 -0.096521994681733003
leaf_weight=85.91926919634534 391.01930846135474 26.400632408403908 2.3587277325714231 55.345906968610507 32.061722326703602 36.209346965666555 40.64244243248686 21.181553047117635 14.580257324145348 234.37309180489865 7.11042974010343 3.9234408156953569 100.01026622565041 9.8514809549415059 73.665583403533674 54.264497824820864 126.02671418641694 51.036248715590773 15.019171167248713 13.374499139928956 50.486327310674824 10.334204087488613 49.060536392153153 14.097762586898169 7.7403249039271014 1.9413299604639176 18.519472948486509 234.06368782706159 11.111333122815266 3.0088451882074869
leaf_count=201634 59677 2308 2306 40921 3706 12368 2160 1512 981 14900 546 334 4424 568 7006 5279 24818 3502 1707 1714 2769 1594 1231 365 265 71 1014 13717 822 233
internal_value=-5.85333e-11 0.00176549 -0.00248914 -0.0206646 0.00365522 -0.0142342 0.00591669 -0.0077911 0.00746907 0.00324177 -0.0160923 0.00369764 0.00740217 0.0355451 0.00670648 -0.00203317 0.0130373 -0.0072499 -0.0211804 0.0158261 -0.00817439 -0.0337788 0.0158585 -0.00605964 -0.0182802 0.0152841 0.0302773 0.0143606 -0.000751879 -0.0298562
internal_weight=1794.74 1653.47 816.564 141.265 356.481 51.9426 836.909 85.1365 751.773 465.955 82.5112 58.7359 383.444 13.7749 304.538 127.93 176.608 460.084 69.0643 15.7332 67.931 17.4446 149.071 44.961 30.8632 9.68165 50.5812 285.817 51.7538 54.0451
internal_count=414452 171897 123330 242555 58211 16388 48567 5423 43144 26445 5890 3115 20555 902 41823 12285 29538 65119 5442 4020 4909 2140 5655 2213 1848 336 4720 16699 2982 3735
is_linear=0
shrinkage=0.05


Tree=87
num_leaves=31
num_cat=0
split_feature=20 16 10 19 12 2 6 9 6 4 12 20 18 14 19 12 0 4 6 10 14 20 16 0 19 19 9 11 6 9
split_gain=27.7896 15.5523 12.8946 11.7923 8.0396 7.9826 7.64921 6.43586 6.43414 6.27782 6.19958 5.6175 6.00652 5.46239 5.45824 5.42048 5.32019 5.98909 5.623 5.28169 5.50561 5.04232 6.91802 4.99758 5.5885 5.38128 4.51891 4.45783 5.05876 4.44566
threshold=0.37523250000000002 -0.11014999999999998 0.43750000000000006 -0.038749999999999993 0.14105000000000004 0.77500000000000013 628.50000000000011 0.26500000000000007 856.50000000000011 1.2072500000000004 0.060050000000000006 0.066756000000000024 -0.19879999999999998 0.78485000000000016 -0.095749999999999988 0.34785000000000005 0.076800000000000021 1.1890500000000002 1363.5000000000002 0.81250000000000011 0.55835000000000012 0.53862750000000015 -0.13814999999999997 0.56100000000000005 -0.030449999999999994 -1.0000000180025095e-35 0.21500000000000005 0.7833500000000001 1525.5000000000002 0.29000000000000009
decision_type=2 2 2 2 2 2 2 2 2 2 2 2 2 2 2 2 2 2 2 2 2 2 2 2 2 2 2 2 2 2
left_child=1 2 4 21 -1 8 9 -8 -3 -5 13 16 -13 -11 -7 -4 17 -10 -19 27 -21 22 -2 24 -6 -26 -18 29 -29 -16
right_child=3 5 15 6 23 14 7 -9 11 10 -12 12 -14 -15 19 -17 26 18 -20 20 -22 -23 -24 -25 25 -27 -28 28 -30 -31
leaf_value=-0.042526508498359136 0.024198107217206805 -0.011582677525869509 -0.0020786340288126404 0.014342358377733819 -0.016095019803929664 -0.036538891342676259 -0.058859046659743799 0.018925976515156019 0.027948948744080389 -0.059110251792941361 -0.0030478620270253253 -0.022785387224451458 0.0077341533122803983 0.018110318814646701 0.0091261837457708907 0.043425321924934909 0.023692492121454155 -0.054146228053405944 -0.0005721209321895769 -0.12228275497548272 0.033484389613641127 -0.050488582061694723 -0.039431486837452935 -0.034371245090396622 0.028160315942616768 -0.046905205509105964 0.0019609437596871332 -0.069834153021488862 0.039491055433260487 -0.0017091262649754271
leaf_weight=30.684743215773779 6.3211093437003028 108.37470830651728 397.09223643070254 30.16161376391392 36.340444175901212 6.9230805842798864 12.168775153371824 3.4028361917662542 7.618007054479679 10.958540511950558 32.613187777791609 34.085642151316279 30.589550861310272 2.8951342727741567 680.06981694481692 6.6542133719631229 60.453046154972981 8.7608364633197215 11.107391501020173 0.58003248019668063 25.791508574977343 35.262553530963487 13.17571259068063 18.828113589999703 16.420069073385097 2.7937151028600047 39.586329685727833 3.7280499285043325 1.4775021903478771 109.97450455042599
leaf_count=4530 7671 24682 27600 2991 5245 6475 6761 1873 496 1467 4364 32722 2513 466 39549 261 3006 1155 1530 17 571 181815 47839 731 364 79 1546 136 35 5962
internal_value=8.70632e-11 0.00186877 -0.00538911 -0.0208283 -0.0209924 0.00513938 -0.00991303 -0.0418608 -0.00184059 -0.00342095 -0.0149511 0.00365261 -0.0083505 -0.0429727 0.00767153 -0.00132868 0.00974004 -0.00974327 -0.0241955 0.00804406 0.0300583 -0.0392067 -0.018802 -0.0121089 -0.00456393 0.0172457 0.0150932 0.00731403 -0.0388042 0.0076179
internal_weight=1784.89 1637.93 508.814 146.959 105.067 1129.12 92.2001 15.5716 300.576 76.6285 46.4669 192.201 64.6752 13.8537 828.544 403.746 127.526 27.4862 19.8682 821.621 26.3715 54.7594 19.4968 74.3823 55.5542 19.2138 100.039 795.25 5.20555 790.044
internal_count=414452 159205 38810 255247 10949 120395 17922 8634 67650 9288 6297 42968 35235 1933 52745 27861 7733 3181 2685 46270 588 237325 55510 6419 5688 443 4552 45682 171 45511
is_linear=0
shrinkage=0.05


Tree=88
num_leaves=31
num_cat=0
split_feature=17 16 19 10 17 3 3 9 9 17 9 19 0 20 7 20 6 3 7 7 7 9 3 0 16 12 6 6 0 7
split_gain=30.6285 14.9056 13.2799 12.7803 7.95691 7.97114 7.32977 7.02164 6.04787 8.9176 6.80352 6.43061 5.54536 5.47334 5.44308 6.77123 6.21085 6.70922 5.39119 6.31238 5.15691 5.27834 5.79506 5.4245 5.34279 4.89881 5.1265 5.3672 4.91755 4.87918
threshold=0.80006550000000021 -0.11014999999999998 -0.066249999999999989 0.43750000000000006 0.88751050000000009 0.50805000000000011 0.23925000000000005 0.31500000000000006 0.21500000000000005 0.9178495000000001 0.24000000000000002 -0.033049999999999989 0.62900000000000011 0.066756000000000024 0.45635000000000003 0.27248900000000004 1627.5000000000002 0.084250000000000005 0.47415000000000007 0.41365000000000007 0.51045000000000007 0.31500000000000006 0.066850000000000007 0.60600000000000009 -0.024549999999999999 0.012250000000000002 1834.5000000000002 3604.5000000000005 0.59750000000000003 0.44445000000000007
decision_type=2 2 2 2 2 2 2 2 2 2 2 2 2 2 2 2 2 2 2 2 2 2 2 2 2 2 2 2 2 2
left_child=2 3 -1 4 -2 -6 7 -5 11 -10 18 -3 -13 -4 15 -14 17 -16 19 -11 21 22 -12 -23 -25 28 -27 -28 -24 -17
right_child=1 8 13 6 5 -7 -8 -9 9 10 20 12 14 -15 16 29 -18 -19 -20 -21 -22 23 25 24 -26 26 27 -29 -30 -31
leaf_value=-0.041521822120595783 -0.054975271311681062 0.0026793575316568178 0.050415604027101692 -0.022611681362988443 -0.035772591674681498 -0.0018226144146329818 0.0021286661537787284 0.021367735171559696 -0.014329615569128568 0.0061514904578316302 -0.04445289519196282 0.016961244887452789 -0.049697114725428676 -0.01249785158179117 -0.11028477957229028 0.057112186189788 -0.016003597100004312 0.017050261304984358 0.021335484068176674 -0.027197956964912968 0.03400607008491232 0.00039170551810200211 -0.020166454436547146 -0.075776942494816771 0.012563590281387378 0.011586957108722656 0.04187289364226713 -0.053578442479027169 0.069720506376723432 -0.056772386676046498
leaf_weight=45.756414896335627 15.225649088068165 243.89372537514282 3.5297442658920763 58.483609043498291 28.545718910703727 43.845887230352673 325.70368792480622 10.742790127027545 75.350819893807056 22.185362347765476 4.5532756994216461 266.14834642244932 9.4836096027265722 167.86074930319774 1.0504751320113417 3.2647999207256353 20.904072949138936 67.879948291143592 12.095900393840564 39.367482166417176 17.603396867674746 100.2555129697721 16.564644173049604 4.7444137837737799 2.6774238689977201 137.05128378679365 23.936403339204848 1.5692848904291157 1.6754889623989573 1.3210559510625897
leaf_count=240640 2484 36027 102 2288 1688 2451 17637 344 11749 991 166 7831 351 71060 25 80 676 3748 635 1707 1745 3584 433 182 201 4670 760 102 69 26
internal_value=-3.75846e-11 0.00245471 -0.017591 -0.0048444 -0.0221201 -0.0152099 -0.0010117 -0.0157868 0.00573549 0.00139823 0.00448219 0.00898258 0.0131369 -0.0112022 0.00334089 -0.0255765 0.0078698 0.0151097 -0.00918101 -0.0151779 0.00772166 0.00614264 0.0112575 -0.00266173 -0.0439081 0.0126605 0.0154174 0.0360001 -0.0119097 0.0243052
internal_weight=1773.27 1556.12 217.147 482.547 87.6173 72.3916 394.93 69.2264 1073.58 459.631 384.28 613.946 370.052 171.39 103.904 14.0695 89.8345 68.9304 73.6487 61.5528 310.631 293.028 185.35 107.677 7.42184 180.797 162.557 25.5057 18.2401 4.58586
internal_count=414452 102650 311802 26892 6623 4139 20269 2632 75758 26994 15245 48764 12737 71162 4906 457 4449 3773 3333 2698 11912 10167 6200 3967 383 6034 5532 862 502 106
is_linear=0
shrinkage=0.05


Tree=89
num_leaves=31
num_cat=0
split_feature=20 19 2 6 21 4 20 9 14 4 12 7 7 4 18 19 21 20 6 12 21 7 4 14 7 7 20 14 7 14
split_gain=23.9616 10.5234 9.9675 8.30633 7.62994 8.69871 6.68054 6.56375 6.51352 5.62811 5.66214 5.40043 5.69384 5.266 5.14379 5.28507 4.85033 4.83824 7.6211 9.53605 7.85184 6.30131 7.36738 5.84546 5.74913 4.90956 4.82093 4.75419 4.75183 4.58941
threshold=0.37523250000000002 -0.038749999999999993 0.77500000000000013 628.50000000000011 0.83087750000000005 0.90925000000000011 0.19955750000000003 0.26500000000000007 0.86215000000000008 1.2072500000000004 0.060050000000000006 0.34535000000000005 0.39985000000000004 0.42675000000000007 -0.61269999999999991 -0.056949999999999994 0.84641050000000007 0.16697650000000003 724.50000000000011 0.13885000000000003 0.73218050000000012 0.42605000000000004 1.22455 0.54935000000000012 0.32915000000000005 0.44295000000000007 0.53862750000000015 0.52505000000000013 0.5293500000000001 0.78485000000000016
decision_type=2 2 2 2 2 2 2 2 2 2 2 2 2 2 2 2 2 2 2 2 2 2 2 2 2 2 2 2 2 2
left_child=2 26 6 9 17 16 8 -5 13 -3 29 -7 14 -1 15 -13 -6 24 23 21 25 22 -20 -19 -4 -21 -2 -15 -26 -11
right_child=1 3 4 7 5 11 -8 -9 -10 10 -12 12 -14 27 -16 -17 -18 18 19 20 -22 -23 -24 -25 28 -27 -28 -29 -30 -31
leaf_value=-0.063651085375838495 -0.017745632935418251 0.014221277414758551 -0.095516871490308991 -0.060105238191630099 0.03343341093872642 0.099434459092118191 -0.020927512109965508 0.018878709208071675 0.031518892282787224 -0.056228777135019649 -0.0023107900489348658 -0.066375857504816935 7.2867476608169549e-05 0.042996740145307792 -0.055811891938426034 0.044314180564667439 -0.053483248451727056 -0.058446093076901573 -0.03109637139122505 -0.039181491683218564 -0.055993188777351377 -0.039203118995767984 0.050995262271544307 0.010131076898312222 0.0075635947300983913 0.022752498643923976 -0.049872127019814999 -0.003726411569902827 0.030285335222430383 0.015064613915944977
leaf_weight=3.6168172037723698 18.418396891612247 29.67087194769374 1.3358336673991278 12.108783309442513 1.8526608106694755 1.3261976640642377 55.457568109040949 3.3603033524050252 13.679330938641213 10.572219674493679 31.858796674387122 1.603351510610082 238.81380072902175 5.5277029312564983 8.8371490811769018 3.2935971844126462 12.012654703474253 3.20745448184607 6.3366097854814125 3.6226276321103823 4.3794147103944843 32.838444442306354 4.806030153784377 99.630882943931283 704.28380380033013 27.415340038562135 31.905771097465731 361.38852964240141 23.787231915273878 2.8701747865707139
leaf_count=245 55510 2991 13 6761 57 21 44108 1873 2019 1467 4364 168 8775 191 308 44 617 176 1526 1767 565 10943 1059 9033 27797 4551 181815 42720 2502 466
internal_value=1.45035e-10 -0.0197869 0.00172033 -0.0095891 0.00411568 -0.00330527 -0.00470502 -0.0429478 -0.00236345 -0.00270616 -0.0137931 -0.00119909 -0.00172754 -0.00361432 -0.0330338 0.00807222 -0.0418696 0.00629513 -0.000992199 -0.012629 0.00668062 -0.0281787 0.00431129 0.0079922 0.00811581 0.0155238 -0.038114 -0.00302251 0.00830595 -0.0410065
internal_weight=1759.82 140.765 1619.05 90.4411 1179.38 267.739 439.67 15.4691 384.212 74.9721 45.3012 253.874 252.548 370.533 13.7341 4.89695 13.8653 911.644 182.237 79.3985 35.4174 43.9811 11.1426 102.838 729.407 31.038 50.3242 366.916 728.071 13.4424
internal_count=414452 255247 159205 17922 69922 9990 89283 8634 45175 9288 6297 9316 9295 43156 520 212 674 59932 29620 20411 6883 13528 2585 9209 30312 6318 237325 42911 30299 1933
is_linear=0
shrinkage=0.05


Tree=90
num_leaves=31
num_cat=0
split_feature=17 16 19 10 6 20 12 17 6 11 6 0 7 12 18 7 3 17 19 18 18 6 9 20 19 19 7 6 7 7
split_gain=27.5228 13.5193 11.4926 9.411 5.49503 6.01856 5.6567 5.20892 9.7725 9.68916 9.0985 6.76973 6.22512 6.09059 5.99945 5.57448 5.12094 6.34866 5.06023 6.67677 7.84808 5.05526 4.9645 4.91731 4.83995 6.96052 7.81972 6.50426 6.12074 8.11245
threshold=0.79600750000000009 -0.11014999999999998 -0.066249999999999989 0.5375000000000002 898.50000000000011 0.099738000000000007 0.11955 0.99048750000000008 520.50000000000011 1.0000000180025095e-35 1573.5000000000002 0.40400000000000008 0.32915000000000005 0.37735000000000007 -0.25949999999999995 0.41785000000000005 0.67315000000000014 0.88751050000000009 -0.092249999999999985 -0.45974999999999994 -0.36174999999999996 514.50000000000011 0.24000000000000002 0.066756000000000024 -0.029449999999999994 -1.0000000180025095e-35 0.38655000000000006 556.50000000000011 0.41405000000000008 0.43065000000000003
decision_type=2 2 2 2 2 2 2 2 2 2 2 2 2 2 2 2 2 2 2 2 2 2 2 2 2 2 2 2 2 2
left_child=2 3 -1 16 6 -6 -5 10 9 11 24 12 -9 -10 -11 -12 18 -18 -2 -20 -21 22 -14 -4 -3 27 -27 -26 -28 -30
right_child=1 7 23 4 5 -7 -8 8 13 14 15 -13 21 -15 -16 -17 17 -19 19 20 -22 -23 -24 -25 25 26 28 -29 29 -31
leaf_value=-0.040821015170699256 -0.05150302402038788 -0.0023145027584724324 0.048286849587739288 -0.013183246284844406 0.0099521509122659987 -0.015459602532570128 0.012819011012346327 -0.081899299515453869 0.011540039680421946 -0.061400674235568956 -0.062925860831892361 -0.044483266454288982 0.03949799172447549 0.058488395718512713 0.0070828373660711298 -0.0082876640946570046 -0.03916695783060016 0.010543001382774786 0.001660820172650833 -0.063765033636360186 -0.0178998069595105 -0.086815825335566754 -0.0011839412213253855 -0.012600986786760755 0.034142131166180083 -0.044309900094230373 0.031374640887605679 0.010530085752852155 -0.028548117604336284 0.0050668391782456509
leaf_weight=41.60178588555209 10.886691719555527 152.49517747437494 3.3880993922939515 96.849832980282372 153.92031029163627 27.45679101114365 26.677503973900457 1.6645924854092289 376.23325055078749 11.71728978041938 4.8904880843838319 6.2311743259979258 16.657515352124399 7.0373175466665989 4.3984897310438091 102.7168918781681 7.9119686544872811 34.128981472456871 37.358205477095908 10.693588335110688 72.976304616386187 1.1237271525897075 13.639681679713247 155.69499459924918 37.236720241340663 8.7422518348321301 18.509168451651931 134.55710550656659 20.331523866159841 153.12887769686495
leaf_count=239589 3336 36891 99 4289 5170 3118 1536 49 12309 375 3133 1401 669 219 405 11678 1300 1962 2824 777 2979 33 474 70313 1115 97 223 4465 244 3380
internal_value=-5.68013e-12 0.00225558 -0.017423 -0.00472853 0.000565919 0.00610533 -0.00756769 0.00537738 0.00956404 -0.0100586 0.002474 0.00332481 0.0123288 0.0124021 -0.0427094 -0.0107708 -0.0140085 0.00118775 -0.0188515 -0.0159144 -0.0237617 0.0173207 0.0211831 -0.0113042 0.00518874 0.00826039 0.00193712 0.0156481 0.0040432 0.00112679
internal_weight=1750.86 1550.17 200.685 478.86 304.904 181.377 123.527 1071.31 438.703 55.4325 632.608 39.3167 33.0855 383.271 16.1158 107.607 173.956 42.041 131.915 121.028 83.6699 31.4209 30.2972 159.083 525.001 372.506 200.712 171.794 191.97 173.46
internal_count=414452 104451 310001 27291 14113 8288 5825 77160 15934 3406 61226 2626 1225 12528 780 14811 13178 3262 9916 6580 3756 1176 1143 70412 46415 9524 3944 5580 3847 3624
is_linear=0
shrinkage=0.05


Tree=91
num_leaves=31
num_cat=0
split_feature=17 19 7 20 3 4 10 18 4 0 0 2 4 9 9 3 17 17 20 4 17 3 3 20 10 11 20 3 11 10
split_gain=26.1194 17.147 8.54939 6.8672 6.78678 5.78148 5.66454 6.26492 4.68095 4.05597 5.76051 4.9784 4.95978 4.17615 7.17076 4.52597 5.49025 4.57315 4.82519 5.46981 4.35956 4.08815 6.26934 6.02111 5.7949 4.3218 4.99171 4.04446 4.02885 4.05936
threshold=0.91022800000000015 -0.079249999999999987 0.44725000000000004 0.071714500000000014 0.084250000000000005 0.72225000000000017 0.76250000000000007 -0.79969999999999997 0.50225000000000009 0.71975000000000011 0.74975000000000014 0.77500000000000013 1.3652500000000003 0.21500000000000005 0.19000000000000003 0.5958500000000001 0.58231350000000004 0.88369500000000001 0.19955750000000003 1.5171500000000002 0.69050100000000014 0.34115000000000006 0.23435000000000003 0.11779800000000001 0.58750000000000002 0.75000000000000011 0.73354950000000019 0.65855000000000008 0.81665000000000021 0.48750000000000004
decision_type=2 2 2 2 2 2 2 2 2 2 2 2 2 2 2 2 2 2 2 2 2 2 2 2 2 2 2 2 2 2
left_child=1 -1 8 27 5 -4 9 -8 -2 11 -11 12 -5 14 15 16 -13 18 -17 -20 -16 22 25 -23 -24 26 -15 -3 29 -6
right_child=2 3 4 6 28 -7 7 -9 -10 10 -12 13 -14 21 20 17 -18 -19 19 -21 -22 23 24 -25 -26 -27 -28 -29 -30 -31
leaf_value=-0.038122327080761263 -0.038518092961976037 0.00088981746958482653 0.073149711033085277 -0.0072487062455880956 0.0016318523201790101 -0.095215803536726429 0.086902251754099546 0.0046264848016458662 0.00048213475110827535 -0.071692543818974427 -0.016552780897410895 -0.055480493609724561 -0.033074113061888587 -0.041955411956525336 -0.022017825440586641 -0.019525894493853925 -0.0074228569751615308 0.038719950364077355 0.031012875225465805 -0.0115771144743616 0.035661256864660422 0.020065280186233572 -0.009964223913737193 -0.027910568082797557 0.051627822962453766 0.077435878246694845 0.088381446087985233 0.042269993957809712 -0.032813812461622793 0.011595765460183385
leaf_weight=49.049969939264884 7.778748215554514 13.398892789671665 0.62993189993721843 43.31573887993909 135.30678917843034 2.6755768933799118 3.0489676603938269 9.594739605974608 704.35402581317067 5.1428656277566906 59.96800464561602 6.5240269850182804 32.570608140995319 10.439596524567603 3.912790166412381 18.314329737091612 66.734020147197953 9.4866298415581678 17.703025254235403 13.130057469708843 20.130163587287825 7.6425993891898534 6.9430686778214286 45.327076702510567 8.4869555954937805 0.96587084679777113 0.7902115433826119 10.557806347613221 5.7768275950802481 418.03056005479993
leaf_count=231410 476 1028 22 21823 5813 97 93 1166 35067 446 4839 10017 32959 1559 2849 1597 12411 534 3647 8220 1461 587 1543 16677 1087 68 440 441 140 15935
internal_value=-1.69812e-11 -0.0101687 0.00369535 -0.00685783 0.00830331 -0.0631303 -0.00845326 0.0244669 5.61286e-05 -0.00955578 -0.0209081 -0.00718985 -0.018333 -0.00361477 0.0011616 -0.00341629 -0.0117027 0.00693678 0.000801871 0.0128762 0.0262745 -0.012856 0.00273717 -0.0209885 0.0239132 -0.0240548 -0.032784 0.0191262 0.00872563 0.0091593
internal_weight=1737.73 463.178 1274.55 414.128 562.42 3.30551 390.171 12.6437 712.133 377.528 65.1109 312.417 75.8863 236.53 155.935 131.892 73.258 58.634 49.1474 30.8331 24.043 80.5954 27.6257 52.9697 15.43 12.1957 11.2298 23.9567 559.114 553.337
internal_count=414452 356902 57550 125492 22007 119 124023 1259 35543 122764 5285 117479 54782 62697 40736 36426 22428 13998 13464 11867 4310 21961 4697 17264 2630 2067 1999 1469 21888 21748
is_linear=0
shrinkage=0.05


Tree=92
num_leaves=31
num_cat=0
split_feature=17 16 19 3 10 2 17 6 20 14 12 12 21 14 6 3 10 6 2 0 0 6 12 12 2 6 3 16 16 18
split_gain=23.712 12.8878 9.14603 8.91075 6.2009 6.5039 5.44284 11.2654 6.93117 5.78229 5.39782 5.32227 4.75627 6.07136 4.98219 4.73006 4.65085 4.76423 4.55887 4.37999 4.42026 4.28103 4.41194 7.33855 4.27861 5.59334 4.85868 4.07935 4.58389 4.32744
threshold=0.72634700000000008 -0.11014999999999998 -0.078749999999999987 0.23925000000000005 0.5375000000000002 0.45000000000000007 0.92953700000000017 994.50000000000011 0.066756000000000024 0.82325000000000015 0.048750000000000009 0.037850000000000009 0.48581450000000004 0.82045000000000012 352.50000000000006 0.22905000000000003 0.41250000000000003 412.50000000000006 0.77500000000000013 0.67320000000000013 0.38900000000000007 1195.5000000000002 0.016450000000000003 0.027950000000000006 0.45000000000000007 586.50000000000011 0.40475000000000005 -0.33684999999999993 -0.11584999999999999 -0.35099999999999992
decision_type=2 2 2 2 2 2 2 2 2 2 2 2 2 2 2 2 2 2 2 2 2 2 2 2 2 2 2 2 2 2
left_child=2 3 -1 15 5 -5 7 8 -3 12 -4 -7 14 -14 19 16 17 -2 -12 20 -8 22 -18 -24 25 26 -10 29 -29 -6
right_child=1 6 10 4 27 11 9 -9 24 -11 18 -13 13 -15 -16 -17 21 -19 -20 -21 -22 -23 23 -25 -26 -27 -28 28 -30 -31
leaf_value=-0.047456100514766723 0.037455196895902931 0.046232888150605889 -0.042446638130780687 -0.037999459231400023 -0.049159445199294348 -0.040906799804104395 -0.013937897953496259 -0.015314506827185768 -0.025176735360890524 0.02120178262662412 -0.028684816069557296 -0.0034674701004749676 0.0019221084616414235 -0.060609840623599288 0.010458321729675582 -0.061634484071958678 -0.05196812344126818 -0.068599367848699355 -0.0031073208534075913 -0.061018125738251619 0.069109226924042075 0.0121215350362395 0.030531976941168285 -0.022642558429105633 0.0058459296295760603 -0.051555764899517548 0.044599048448192562 0.0063816831076968479 -0.018833362267319367 0.0062755597650073647
leaf_weight=25.189232225959131 1.2504636590492717 9.9607347736673528 14.398437818553246 18.185455350230768 7.5552039597605471 10.243332695594288 11.961098200117705 94.74993296361572 5.8344860884826648 64.434905000483923 23.272056791989598 129.50313651189026 331.86894806612145 3.9276407988691053 383.99431710461977 6.40406595274544 8.4908404965608479 6.9140962678648066 69.295902502093668 4.2196595739151226 1.8501190404022043 14.035266864826552 8.02942919723864 33.809531843246077 175.50483682788763 7.8190231315675183 4.3586874741631618 218.86998782280534 19.641667394385877 6.5922917348652827
leaf_count=197310 53 744 21107 3586 495 1698 538 33249 1504 3826 28378 10077 12513 160 17036 299 403 621 33666 454 190 543 253 1884 23765 5234 1401 12267 987 211
internal_value=2.43231e-11 0.00169145 -0.0203505 -0.00505794 -0.00210016 -0.00987202 0.00469377 -0.00107355 0.00555779 0.00683768 -0.0139674 -0.00621175 0.00558325 0.0011907 0.00925218 -0.0204435 -0.0168065 -0.0523563 -0.00953763 -0.0164345 -0.0028131 -0.0122971 -0.0191066 -0.0124377 0.00346416 -0.0197431 0.00465998 0.00275787 0.0043052 -0.0233285
internal_weight=1722.16 1590.01 132.156 489.525 410.591 157.932 1100.48 298.228 203.478 802.257 106.966 139.746 737.822 335.797 402.025 78.9337 72.5296 8.16456 92.568 18.0309 13.8112 64.3651 50.3298 41.839 193.517 18.0122 10.1932 252.659 238.512 14.1475
internal_count=414452 133991 280461 33377 29321 15361 100614 65897 32648 34717 83151 11775 30891 12673 18218 4056 3757 674 62044 1182 728 3083 2540 2137 31904 8139 2905 13960 13254 706
is_linear=0
shrinkage=0.05


Tree=93
num_leaves=31
num_cat=0
split_feature=20 16 10 4 9 9 9 6 13 6 11 21 16 6 10 18 12 4 4 7 18 10 20 12 14 20 7 6 20 21
split_gain=19.7998 11.7297 8.33231 6.22896 5.89582 9.17776 6.38186 8.8291 7.29754 7.05447 7.30252 6.52381 5.39947 6.91392 5.6171 5.28696 4.91189 4.82649 6.45901 4.74118 4.56746 4.54698 5.73847 5.41658 6.36988 4.63781 4.54191 4.5411 4.50325 4.47018
threshold=0.37523250000000002 -0.12694999999999998 0.51250000000000007 0.42675000000000007 0.21500000000000005 0.24000000000000002 0.16500000000000001 2443.5000000000005 1.0000000180025095e-35 634.50000000000011 0.7833500000000001 0.96560150000000011 -0.0043499999999999988 1885.5000000000002 0.23750000000000002 -0.16919999999999999 0.010850000000000002 2.0834500000000005 1.9904500000000003 0.41745000000000004 -0.0091999999999999981 0.48750000000000004 0.37480150000000007 0.024150000000000001 0.52505000000000013 0.35143300000000005 0.36865000000000009 268.50000000000006 0.55579500000000015 0.90928700000000007
decision_type=2 2 2 2 2 2 2 2 2 2 2 2 2 2 2 2 2 2 2 2 2 2 2 2 2 2 2 2 2 2
left_child=1 3 -2 -1 6 27 8 29 11 16 -11 12 17 14 19 28 -10 18 26 -14 -17 22 23 -5 -25 -23 -3 -6 -4 -8
right_child=2 4 15 21 5 -7 7 -9 9 10 -12 -13 13 -15 -16 20 -18 -19 -20 -21 -22 25 -24 24 -26 -27 -28 -29 -30 -31
leaf_value=-0.065165604591123041 -0.031317702950523892 -0.043945981439552001 -0.0062340678552778696 -0.069891319767254198 0.044373391941223972 0.0032350033683313656 0.015817827518866984 -0.024960970009423683 -0.071057426216353581 0.020801496854994089 -0.091194220711559526 -0.064137364366121871 0.091040254591392117 -0.069605951728405252 0.028697036540543227 0.033505949368338443 -0.0021312218478151805 0.042129462910078228 -0.077715694469699295 -0.081923875571861635 -0.0048855699154291346 -0.0012338372237583914 0.097574953903532935 0.086591979779589573 -0.014008348745242778 -0.081810802521435133 -0.00058651980674727724 -0.015916833629101016 -0.047290236737107735 0.054531030563043259
leaf_weight=4.3836432323878389 65.289436495875634 6.1658809125146936 16.593978227901975 4.2782147187353976 3.2310059404062477 402.59421113949429 176.75644785385884 13.145068743491718 2.9405888117580643 108.41191941572833 1.475299248471855 3.89548389475567 0.49144398152930024 2.1108391917659892 34.546207568402679 10.766141745874846 21.360410703360685 6.2733314076813249 2.8038144760430432 2.0443244670022978 27.627856752553271 275.02620922054484 1.1496248379407905 1.5967339492926829 108.23550573150533 1.7974630159660581 294.9813773153337 93.651084994680787 11.178079322138727 7.7851224314381389
leaf_count=404 148023 2291 27508 955 202 31537 16514 1272 118 3717 21 292 94 620 4723 4738 1503 1760 845 162 3852 17846 141 35 11175 907 51218 10430 71126 423
internal_value=-5.12178e-11 0.00155017 -0.0186453 -0.00589411 0.00404153 -8.98229e-05 0.00705313 0.0146308 0.00398029 0.0139067 0.0192979 0.000210229 0.000927609 0.0184143 0.0234247 -0.00614076 -0.0104718 -0.00128161 -0.00217758 -0.0484026 0.00587988 -0.00523144 -0.013576 -0.0146958 -0.0125458 -0.00175704 -0.00147429 -0.0139062 -0.0227589 0.017451
internal_weight=1712.59 1581.13 131.455 396.467 1184.66 499.476 685.188 197.687 487.501 134.188 109.887 353.313 349.417 39.1928 37.082 66.1661 24.301 310.224 303.951 2.53577 38.394 392.084 115.26 114.11 109.832 276.824 301.147 96.8821 27.7721 184.542
internal_count=414452 159205 255247 31463 127742 42169 85573 18209 67364 5359 3738 62005 61713 5599 4979 107224 1621 56114 54354 256 8590 31059 12306 12165 11210 18753 53509 10632 98634 16937
is_linear=0
shrinkage=0.05


Tree=94
num_leaves=31
num_cat=0
split_feature=17 16 3 17 10 2 2 6 17 11 16 0 3 2 9 7 10 17 6 10 0 3 0 16 0 10 9 6 9 3
split_gain=21.3232 12.3972 8.21782 8.0387 7.02047 6.24559 5.26645 5.3948 9.1861 5.59032 9.10992 5.75011 6.005 5.09336 4.86464 7.05852 6.3704 4.82255 4.60739 4.35497 6.09167 5.46734 4.66236 4.58939 6.97327 6.2244 6.23996 5.22661 4.36864 4.32606
threshold=0.72634700000000008 -0.11014999999999998 0.23925000000000005 0.35899200000000003 0.5375000000000002 0.45000000000000007 0.77500000000000013 856.50000000000011 0.92953700000000017 1.0000000180025095e-35 -0.029549999999999996 0.1183 0.23925000000000005 0.77500000000000013 0.24000000000000002 0.37345000000000006 0.58750000000000002 0.41649200000000003 1363.5000000000002 0.6583500000000001 0.12950000000000003 0.62085000000000012 0.30835000000000007 -0.0067499999999999991 0.69000000000000006 0.51250000000000007 0.090000000000000011 232.50000000000003 0.065000000000000016 0.70655000000000012
decision_type=2 2 2 2 2 2 2 2 2 2 2 2 2 2 2 2 2 2 2 2 2 2 2 2 2 2 2 2 2 2
left_child=3 2 14 -1 5 -4 7 -3 -9 11 -11 12 -10 29 -2 -16 -17 -15 -14 20 -8 23 -23 27 28 -26 -27 -22 -25 -5
right_child=1 6 4 13 -6 -7 19 8 9 10 -12 -13 18 17 15 16 -18 -19 -20 -21 21 22 -24 24 25 26 -28 -29 -30 -31
leaf_value=-0.045393689139291829 -0.029194481209968388 -0.010094038098162528 -0.038451861188930743 -0.044161203972382768 0.0029760786819589742 -0.0069525343098461312 -0.0041880189215596055 -0.018344747345326717 0.049465880971110203 -0.034542675363582062 0.02580268797989408 0.019630529598779478 -0.051388520176031793 0.029551891383966758 0.043939546985821872 -0.072629008540327999 -0.0030725563918376549 -0.010951927873500265 0.00076984353000554399 0.011750171450791831 0.066859885088026996 0.03079506243533239 0.0090440147928825074 0.064922576012690733 -0.072934916713498305 -0.091645838781325414 0.045993240597815926 -0.00013126595103517003 0.019765861056414032 -0.0044764562381517546
leaf_weight=24.415423779150842 50.30033826813451 107.87582430170733 17.742413631371164 20.197724091730382 250.23813293223247 139.19878207802503 159.4427958546039 36.481111651835818 3.5968417570984483 16.07155054889154 10.238282557926139 95.903442515278584 7.3983484501222874 8.2790616538250088 6.2014249054773272 4.1064842983250882 16.592258981560008 65.413249461133091 9.8990251486247853 273.7728080716588 2.9507975233063908 39.205154159586527 66.301073373620966 6.5868153703959242 3.5419185312675818 1.064436538465088 3.6372112682656734 218.93223036725249 28.663485911378302 10.405021188713361
leaf_count=121869 2943 20113 3586 77978 13960 11775 14049 24696 191 1390 818 4673 1545 9720 303 262 548 52011 1743 8871 202 3266 3523 308 233 53 412 12922 1606 18883
internal_value=1.24336e-10 0.00159814 -0.00505909 -0.0195678 -0.00222331 -0.0105136 0.00455228 -0.00125627 0.00405243 0.00976195 -0.0110597 0.0144522 -0.00931591 -0.013522 -0.0200159 -0.00285287 -0.0168721 -0.00640147 -0.0215391 0.00662883 0.00398501 0.0074986 0.0171265 0.00367082 0.0185221 -0.0228777 0.0148322 0.000759642 0.0282038 -0.0306683
internal_weight=1704.65 1575.94 484.38 128.71 407.179 156.941 1091.56 287.464 179.589 143.107 26.3098 116.798 20.8942 104.295 77.2005 26.9002 20.6987 73.6923 17.2974 804.099 530.326 370.883 105.506 265.377 43.4939 8.24357 4.70165 221.883 35.2503 30.6027
internal_count=414452 133991 33377 280461 29321 15361 100614 55169 35056 10360 2208 8152 3479 158592 4056 1113 810 61731 3288 45445 36574 22525 6789 15736 2612 698 465 13124 1914 96861
is_linear=0
shrinkage=0.05


Tree=95
num_leaves=31
num_cat=0
split_feature=19 20 10 3 20 21 0 0 11 9 21 10 14 9 4 9 16 0 4 19 19 18 4 4 10 12 19 3 19 14
split_gain=17.7977 10.0429 9.14195 9.43541 8.65215 8.10148 6.63346 6.03754 5.73105 8.60146 6.77277 6.3395 7.82683 7.14897 6.79051 6.64841 5.70483 6.57888 6.275 5.63928 7.96844 5.4933 5.30712 7.38581 6.73298 5.11097 5.07153 4.86373 8.8849 5.40554
threshold=-0.081249999999999975 0.18780950000000005 0.58750000000000002 0.63125000000000009 0.047809500000000012 0.68761600000000012 0.17920000000000005 0.88500000000000012 1.0000000180025095e-35 1.0000000180025095e-35 0.80044250000000006 0.71250000000000002 0.74595000000000011 0.14000000000000004 2.0627500000000007 0.35500000000000004 -0.0038499999999999997 0.88500000000000012 0.42675000000000007 -0.041649999999999993 -0.047149999999999991 -0.7589999999999999 1.4689500000000002 1.3652500000000003 0.83750000000000002 0.14365000000000003 -0.031349999999999996 0.65855000000000008 -0.0063499999999999989 0.7934500000000001
decision_type=2 2 2 2 2 2 2 2 2 2 2 2 2 2 2 2 2 2 2 2 2 2 2 2 2 2 2 2 2 2
left_child=1 -1 3 16 5 26 -7 8 10 -10 -4 -11 13 -13 -14 22 18 -18 -2 20 21 -12 23 -15 -24 -9 -5 28 29 -6
right_child=2 -3 7 4 27 6 -8 25 9 11 19 12 14 15 -16 -17 17 -19 -20 -21 -22 -23 24 -25 -26 -27 -28 -29 -30 -31
leaf_value=-0.0096057334020094101 -0.059556295953739638 -0.041836339403140084 0.010734724600109401 0.012949524246073457 0.016432196423661831 -0.024284591317953626 0.016676504842694072 0.038483883153642678 -0.059081791040562229 -0.0081566597060757657 0.015241520666757642 0.031721139165627868 0.031911782700815017 -0.012298931445385158 -0.035000655628208893 0.053481405749943825 0.016461005751200682 -0.050730027159397666 -0.0072283973175217512 0.0044812793584313145 -0.069757138601134305 -0.025567459279139688 -0.048145031199756258 0.03892078535466191 0.053447942201761148 -0.0098130799063175858 0.046527367546591973 -0.004714869520105097 0.047520158923512405 -0.061565563767595935
leaf_weight=88.053868570677878 5.7990430228310279 33.31294099410843 381.56167491765518 19.288413405854953 5.1450672752835089 15.116204322213887 28.556324478606257 23.143793552044375 6.3805647874905835 127.46684080808154 14.198064684122071 13.766844964771733 37.956460388480991 40.874776361972181 4.2124587859325393 4.1730205521562302 41.815608004969363 3.9907716976067595 475.04778039670236 89.885510921016248 6.2860511027247403 19.672031885504111 14.266033193382102 8.5022439524509519 1.8413773055654008 7.1762741351503783 26.968026363387253 142.47133149116416 12.758746380655793 3.9090314222848974
leaf_count=28623 366 213932 25798 743 1993 423 1110 1818 399 9784 389 543 1024 1399 507 154 5613 273 76610 2716 288 1989 795 254 43 667 1336 31840 308 2715
internal_value=6.78242e-11 -0.0184524 0.00141542 -0.00243476 0.00547612 0.0179437 0.0024988 0.00516711 0.0043065 -0.00174685 0.00737622 -0.000301225 0.0076714 -0.00120281 0.0252276 -0.00770978 -0.00625332 0.0106071 -0.00785948 -0.00247812 -0.018056 -0.00846067 -0.0116092 -0.00347939 -0.0365311 0.0270528 0.0325258 -0.0013486 0.0206383 -0.0172427
internal_weight=1703.6 121.367 1582.23 780.866 254.213 89.929 43.6725 801.364 771.044 259.441 511.603 253.06 125.593 83.4243 42.1689 69.6575 526.653 45.8064 480.847 130.042 40.1561 33.8701 65.4844 49.377 16.1074 30.3201 46.2564 164.284 21.8128 9.0541
internal_count=414452 242555 171897 123330 40468 3612 1533 48567 46082 14902 31180 14503 4719 3188 1531 2645 82862 5886 76976 5382 2666 2378 2491 1653 838 2485 2079 36856 5016 4708
is_linear=0
shrinkage=0.05


Tree=96
num_leaves=31
num_cat=0
split_feature=17 19 16 3 19 3 10 16 10 18 20 16 3 3 7 7 6 17 20 20 3 17 12 16 3 11 6 16 16 19
split_gain=18.7096 14.425 9.94189 7.11161 6.60147 6.45322 6.3033 6.08483 5.87731 6.94764 5.2448 4.88849 5.60221 4.77671 5.42414 4.72841 4.72009 6.40111 6.58801 5.26944 5.60577 5.16669 5.35001 4.78058 4.68336 4.6733 6.91277 6.86293 5.41239 5.30143
threshold=0.91022800000000015 -0.084749999999999978 -0.12694999999999998 0.41165000000000007 -0.033849999999999991 0.41375000000000006 0.58750000000000002 -0.13394999999999999 0.76250000000000007 -0.79969999999999997 0.071714500000000014 -0.22064999999999999 0.40475000000000005 0.43125000000000008 0.43385000000000007 0.43985000000000007 598.50000000000011 0.54675800000000019 0.44482450000000007 0.31281550000000008 0.47865000000000008 0.72984300000000013 0.41225000000000006 -0.27024999999999993 0.46995000000000003 1.0000000180025095e-35 520.50000000000011 -0.029549999999999996 -0.026549999999999994 -0.061549999999999994
decision_type=2 2 2 2 2 2 2 2 2 2 2 2 2 2 2 2 2 2 2 2 2 2 2 2 2 2 2 2 2 2
left_child=1 -1 3 7 6 -6 -5 11 10 -10 -3 -2 -13 -8 24 25 17 18 -12 23 -21 22 -22 -18 -15 -4 -27 29 -29 -28
right_child=2 8 15 4 5 -7 13 -9 9 -11 16 12 -14 14 -16 -17 19 -19 -20 20 21 -23 -24 -25 -26 26 27 28 -30 -31
leaf_value=-0.038866678189936561 -0.020435239760698078 0.016321995751781206 0.0050682019713698071 -0.021810468110572415 0.093521807875853194 0.0096528993140359825 0.046807594641464556 -0.049401357011599728 0.086213078199978685 0.0044550292960815596 0.027754886283402298 0.0012787467372909866 -0.066555941396061358 -0.068912115751409236 0.010545960428913745 0.0090052419804755833 -0.047206810841800589 0.0025234282593421544 -0.035240258960137653 -0.054805659913545281 -0.042845015669491317 0.020167711780137834 0.045627449408793798 -0.0080643015796346574 -0.00077810187814116255 -0.028875673041691433 -0.038023741941343614 0.074442496948622233 0.011300196869966058 -0.0018183492636569963
leaf_weight=36.723802261144556 59.991676464996999 22.272720618602762 304.60338048071753 40.592595707719738 2.3553321657236657 87.485774790815412 6.0510339892643961 10.372011364321223 3.5791484308610952 9.4834151444338186 5.0679432608267261 75.156193361919577 3.1721198882005401 4.6914510896604025 27.240877288655611 506.96077414651245 8.188371911106513 130.14627051818206 22.921279435211545 14.608022873811022 13.244936457001133 7.1244084908867071 1.9618512343149621 164.68268899795839 5.4545007664128207 27.036111428453296 13.032310952228725 3.9108138675801483 25.672458472196013 45.102837754879147
leaf_count=215646 2223 1566 17706 3376 24 3018 192 314 121 1324 1483 2801 98 215 1008 20248 868 19031 29709 18523 28652 2527 666 36786 682 1197 1670 131 1551 1096
internal_value=-1.7049e-10 -0.00886612 0.0031237 -0.0044362 0.00242936 0.0118517 -0.00764449 -0.0124644 -0.0061342 0.0268568 -0.00723857 -0.00969464 -0.00146841 0.00559359 -0.00107687 0.00575622 -0.00866475 -0.00214169 -0.0238339 -0.0135812 -0.030723 -0.0149693 -0.031431 -0.00991836 -0.032283 0.00182849 -0.00677099 4.20054e-05 0.0196474 -0.00993461
internal_weight=1688.89 440.005 1248.88 322.564 173.872 89.8411 84.0305 148.692 403.281 13.0626 390.218 138.32 78.3283 43.4379 37.3868 926.319 367.946 158.135 27.9892 209.81 36.9392 22.3312 15.2068 172.871 10.146 419.358 114.755 87.7184 29.5833 58.1351
internal_count=414452 356902 57550 13951 8515 3042 5473 5436 141256 1445 139811 5122 2899 2097 1905 43599 138245 50223 31192 88022 50368 31845 29318 37654 897 23351 5645 4448 1682 2766
is_linear=0
shrinkage=0.05


Tree=97
num_leaves=31
num_cat=0
split_feature=19 10 3 20 16 10 16 20 9 9 9 16 4 0 19 12 7 6 20 0 9 14 16 14 6 10 12 3 9 10
split_gain=16.3009 9.82037 8.26137 9.80019 7.73816 8.15753 6.2294 5.8467 5.57644 9.40904 8.81106 12.9631 6.02961 5.28128 5.91296 5.27536 5.27059 5.21804 5.52325 5.12774 4.98052 6.43213 8.44379 5.45943 4.97697 4.88687 5.71996 6.33945 5.94672 6.83608
threshold=-0.093749999999999986 0.61250000000000016 0.70015000000000016 0.047809500000000012 -0.0082499999999999987 0.48750000000000004 -0.23384999999999997 0.18780950000000005 0.21500000000000005 0.090000000000000011 0.24000000000000002 -0.14424999999999996 1.5813500000000003 0.71975000000000011 -0.023449999999999995 0.021750000000000002 0.47415000000000007 1399.5000000000002 0.047809500000000012 0.12950000000000003 0.065000000000000016 0.78065000000000007 -0.016149999999999994 0.77045000000000008 1480.5000000000002 0.6583500000000001 0.050350000000000006 0.45465000000000005 0.31500000000000006 0.71250000000000002
decision_type=2 2 2 2 2 2 2 2 2 2 2 2 2 2 2 2 2 2 2 2 2 2 2 2 2 2 2 2 2 2
left_child=7 2 4 19 5 15 -7 -1 9 12 11 -10 -3 14 -6 -2 -14 18 -12 -4 21 -17 -23 -22 -19 -20 27 28 -27 -30
right_child=1 8 3 -5 13 6 -8 -9 10 -11 17 -13 16 -15 -16 20 -18 24 25 -21 23 22 -24 -25 -26 26 -28 -29 29 -31
leaf_value=-0.013439765860151529 -0.038815449723913022 -0.01469763710427742 -0.0066448433573112397 -0.0016032372665616139 -0.0044655472116713326 -0.027617938485552856 -0.00063300814493175844 -0.044230627362935732 -0.056291095088820069 0.015349841879412886 -0.0060104244097808224 -0.0035415639987350584 0.037539598757779742 -0.020465608893843634 0.026387826196776432 -0.01055697397290916 -0.030112319239333787 0.044476796790720627 -0.0077007884723381166 0.028888140311016164 -0.01053819276526748 0.034037542891914054 -0.089368233687596055 -0.030737094858853176 0.010709742534741717 -0.032841310170718306 0.022718089387813799 0.041899770949575511 -0.035406064873568753 0.047865721229080879
leaf_weight=45.960146544239251 19.454610537379267 49.491245922998132 12.481240401713874 120.49533285529833 24.246878251053204 22.711274264322128 366.69764777921228 23.199497810183857 14.589460724666422 232.60564292799427 123.17943600283434 57.747478715202305 11.759093995269721 12.191403408056429 43.189422237467625 41.184450304889651 3.8123663670303349 13.119018977617086 33.914505805413683 54.433905562571454 120.55002046652589 17.794626140973381 1.5032349350549328 46.301388987588325 64.876066551387339 15.94190721627092 66.410187537485399 6.3793453399157434 4.011493688381961 6.3915411954549199
leaf_count=20498 6054 3152 579 32683 10173 2466 57435 180409 1054 15543 4340 4727 1376 957 2251 10051 244 435 5132 2193 25514 3716 275 13379 2811 803 5025 448 408 321
internal_value=9.44473e-12 0.00102262 -0.00242818 0.00691731 -0.00487493 -0.0067141 -0.00220683 -0.0237685 0.00544857 0.0106484 0.00164146 -0.0141805 -0.00615978 0.00981938 0.0152944 -0.0138261 0.0209764 0.00506585 0.00161898 0.0222604 -0.0116876 0.000604486 0.0244247 -0.0161434 0.0163895 0.00868243 0.0142872 -0.00282223 -0.0136515 0.0157555
internal_weight=1676.62 1607.46 903.235 187.41 715.825 636.197 389.409 69.1596 704.229 297.668 406.56 72.3369 65.0627 79.6277 67.4363 246.788 15.5715 334.224 256.228 66.9151 227.334 60.4823 19.2979 166.851 77.9951 133.049 99.1345 32.7243 26.3449 10.403
internal_count=414452 213545 167726 35455 132271 118890 59901 200907 45819 20315 25504 5781 4772 13381 12424 58989 1620 19723 16477 2772 52935 14042 3991 38893 3246 12137 7005 1980 1532 729
is_linear=0
shrinkage=0.05


Tree=98
num_leaves=31
num_cat=0
split_feature=17 16 19 10 14 21 9 9 21 9 16 4 10 14 9 16 19 17 21 2 14 4 10 16 20 4 4 16 9 18
split_gain=17.3058 13.127 8.96866 6.61994 6.48557 5.3857 5.26603 9.00577 5.10872 4.95276 9.30251 8.03362 7.18237 5.9947 5.43356 11.9379 4.96064 6.36516 7.73061 6.52059 5.87944 4.8787 5.05192 5.09979 4.76531 4.58417 5.6857 4.49039 4.96682 4.42565
threshold=0.82656300000000005 -0.12694999999999998 -0.066249999999999989 0.48750000000000004 0.73705000000000009 0.8336880000000001 0.21500000000000005 0.24000000000000002 0.7369555000000001 0.090000000000000011 -0.0038499999999999997 1.6135500000000003 0.43750000000000006 0.75575000000000014 0.19000000000000003 -0.057549999999999997 -0.053349999999999995 0.99421400000000004 0.15022100000000002 0.77500000000000013 0.78405000000000014 1.7564500000000003 0.6583500000000001 -0.14424999999999996 0.10544850000000001 1.1093500000000003 1.2324500000000003 -0.072149999999999978 0.065000000000000016 -0.77449999999999986
decision_type=2 2 2 2 2 2 2 2 2 2 2 2 2 2 2 2 2 2 2 2 2 2 2 2 2 2 2 2 2 2
left_child=2 3 -1 4 5 -2 9 -8 21 10 11 16 14 -12 -11 -16 29 19 20 -18 -19 22 24 -24 -4 -6 -27 28 -26 -3
right_child=1 6 8 -5 25 -7 7 -9 -10 12 13 -13 -14 -15 15 -17 17 18 -20 -21 -22 -23 23 -25 27 26 -28 -29 -30 -31
leaf_value=-0.035104314856925556 -0.012403469325749469 -0.060912795270626978 0.034466916254719114 -0.0020714461956087538 0.050046035414323786 -0.04756809012323112 -0.013244982132156941 0.0042225805146114273 -0.031363619690048292 -0.01263935000399144 0.0071460275792995052 0.019073517536849192 0.013726275825700017 0.062452342587438786 -0.041592926796998969 0.05686635756006983 -0.042914106476710207 -0.07901177124708296 0.022011126530726021 -0.0043177429315919003 0.06287138200584734 -0.038075510512576301 -0.070293281897083129 0.033185357361616007 0.030862188673226966 -0.058158162009810978 -0.0038537994283154931 -0.014574117929126731 -0.0060031776775634361 -0.01530597314399185
leaf_weight=37.728336903363015 19.996725186087133 6.9175878973073877 6.8690120725077568 266.32173339256951 3.4462355196792478 23.905477153908578 91.578513240847315 379.8777382089429 21.467552955557039 48.194735778790346 10.131886205168486 34.716914457934763 351.55785025409477 9.4875653613316882 4.6865102358406139 8.9732225212228496 13.511569925991351 3.4308109485136802 33.200518250893765 57.562610219261842 0.92755938909249369 10.726998311614805 1.3030434376269102 13.806474077005985 12.98041578764605 5.3810549102781797 46.235968368102476 90.771788703664242 30.853193886374356 23.023206797464809
leaf_count=247014 1318 1725 444 13156 128 1690 6285 19829 11209 6083 829 3631 21635 852 348 693 1042 89 1175 1725 34 11149 378 2852 2897 307 3632 35172 11556 5575
internal_value=-2.33198e-11 0.00201679 -0.0128489 -0.0061746 -0.0172164 -0.0315512 0.00479307 0.000829576 -0.00840105 0.00787495 0.00125955 -0.00243488 0.0109619 0.033891 -0.00474988 0.023086 -0.00782338 -0.0028569 0.0137923 -0.0116551 -0.0488158 -0.00545473 -0.00322 0.0242614 -0.00615502 -0.00578727 -0.00951501 -0.00822799 0.00491374 -0.0258431
internal_weight=1669.57 1443.07 226.507 365.287 98.9655 43.9022 1077.78 471.456 188.778 606.323 192.91 173.291 413.412 19.6195 61.8545 13.6597 138.574 108.633 37.5589 71.0742 4.35837 167.311 156.584 15.1095 141.474 55.0633 51.617 134.605 43.8336 29.9408
internal_count=414452 91781 322671 20231 7075 3008 71550 26114 75657 45436 16677 14996 28759 1681 7124 1041 11365 4065 1298 2767 123 64448 53299 3230 50069 4067 3939 49625 14453 7300
is_linear=0
shrinkage=0.05


Tree=99
num_leaves=31
num_cat=0
split_feature=19 16 3 20 10 10 21 16 18 18 10 21 9 12 10 19 7 12 19 4 10 10 18 18 2 12 16 2 12 20
split_gain=14.5087 10.1553 10.6301 8.80485 7.73871 6.95671 5.71161 5.12818 4.86273 6.15544 8.97751 4.84471 4.49775 5.7492 7.48125 4.42689 4.37495 4.3276 4.32124 5.08698 4.13705 4.10197 5.64777 5.2575 4.10025 4.78626 4.64107 4.05732 5.5757 4.03676
threshold=-0.10675 -0.11124999999999997 0.23925000000000005 0.37523250000000002 0.48750000000000004 0.51250000000000007 0.76329950000000013 -0.11935 -0.52099999999999991 -0.62024999999999986 0.73750000000000016 0.27248900000000004 0.29000000000000009 0.19835000000000003 0.48750000000000004 -0.048449999999999993 0.41185000000000005 0.18535000000000004 -0.030449999999999994 1.4751500000000004 0.83750000000000002 0.31250000000000006 -0.63099999999999989 -0.6208499999999999 0.45000000000000007 0.074250000000000024 -0.11234999999999999 0.45000000000000007 0.20515000000000003 0.027212000000000004
decision_type=2 2 2 2 2 2 2 2 2 2 2 2 2 2 2 2 2 2 2 2 2 2 2 2 2 2 2 2 2 2
left_child=-1 2 6 12 11 -5 7 -2 9 10 -8 -4 13 14 -3 20 -12 -14 -7 -20 -6 22 -15 -24 -13 -26 -27 28 -23 -18
right_child=1 3 4 5 15 18 8 -9 -10 -11 16 24 17 21 -16 -17 29 -19 19 -21 -22 27 23 -25 25 26 -28 -29 -30 -31
leaf_value=-0.030846225638703057 0.0015409139550784314 -0.0078257577007387058 0.038557688733874197 -0.028421727033312701 -0.0094098079624512759 -0.029576244815318592 -0.065157289866250342 -0.062143875788276216 -0.045965418285643295 0.027359268104780395 0.042447872898823437 -0.042933424570610675 -0.00053676960687124183 -0.063732518578883221 0.0061213813896542901 0.0063986538973730724 -0.59794641660415448 -0.028134439917547702 0.019562573787598528 -0.022414738239162332 0.058392640231838634 0.073402902748454416 0.081439669528727193 0.0020274973754869879 -0.040002622772871359 -0.0058796773633479488 -0.077944725641239998 0.021248162481714093 -0.031053014866308827 -0.060122976553371434
leaf_weight=37.265585902896419 27.64973552479751 114.02296828326871 4.4957902775404355 37.218645252619353 78.142968576565181 9.4370923958258555 7.6849428717050632 3.5690872389277493 28.970588948157456 6.2181939667989345 3.4527155442265216 11.33529372378325 136.04204129898062 3.107570010384733 613.35211846707898 203.25811852862535 0.049545845482498296 15.861204720764361 27.003408397626117 9.8497981504297041 2.3164719665946896 1.5371906523650958 2.1953075268866078 41.191003278812786 12.878917921181708 95.204083967130828 2.2878211326533338 117.2536706848623 7.5631897427483636 0.11794336698949337
leaf_count=157276 3209 24836 1521 56390 18651 36734 648 459 3517 535 101 3523 10113 1549 44947 9410 7 1362 2733 1949 67 116 142 4473 4701 13920 215 9988 1351 9
internal_value=-1.12721e-11 0.000708141 -0.0053271 0.00329962 -0.00211277 -0.0123275 -0.022282 -0.00573984 -0.0333894 -0.0125981 -0.034576 -0.0124134 0.00453997 0.00588287 0.00393503 0.00246912 0.0303418 -0.00341842 0.000612694 0.00834325 -0.00745774 0.0140797 0.00138183 0.00604568 -0.0142963 -0.0113552 -0.00757081 0.0187521 -0.0134088 -0.219219
internal_weight=1660.53 1623.27 487.632 1135.64 409.919 83.5089 77.7128 31.2188 46.4939 17.5233 11.3051 126.202 1052.13 900.223 727.375 283.718 3.6202 151.903 46.2903 36.8532 80.4594 172.848 46.4939 43.3863 121.706 110.371 97.4919 126.354 9.10038 0.167489
internal_count=414452 257176 60493 196683 52008 97806 8485 3668 4817 1300 765 23880 98877 87402 69783 28128 117 11475 41416 4682 18718 17619 6164 4615 22359 18836 14135 11455 1467 16
is_linear=0
shrinkage=0.05


Tree=100
num_leaves=31
num_cat=0
split_feature=17 16 17 3 21 19 0 0 12 10 3 13 4 12 17 16 3 6 17 21 19 4 18 12 4 3 19 10 17 3
split_gain=17.0644 11.2511 8.57026 6.58661 9.00194 5.94739 6.42966 13.9734 5.82113 5.52315 5.95219 5.46848 8.04105 6.36052 5.78367 5.77506 5.74411 5.44811 5.25133 5.0264 4.84143 4.81995 4.78076 4.72749 4.54458 4.52624 4.48194 4.32143 5.32702 4.04593
threshold=0.5250180000000001 -0.12694999999999998 0.80006550000000021 0.23925000000000005 0.74523400000000006 -0.048449999999999993 1.0000000180025095e-35 0.11280000000000001 0.28885000000000005 0.63750000000000007 0.22905000000000003 1.0000000180025095e-35 1.9592500000000002 0.083350000000000021 0.98691650000000009 -0.27854999999999996 0.31405000000000005 250.50000000000003 0.78453650000000008 0.49137650000000005 -0.049749999999999996 1.9592500000000002 -0.18919999999999998 0.42235000000000006 1.60565 0.43325000000000008 -0.036349999999999993 0.48750000000000004 0.80400450000000012 0.27465000000000006
decision_type=2 2 2 2 2 2 2 2 2 2 2 2 2 2 2 2 2 2 2 2 2 2 2 2 2 2 2 2 2 2
left_child=8 3 17 4 -2 20 11 -8 -1 -6 -11 12 14 15 16 -13 -7 18 24 -18 -5 25 -9 -10 -3 -15 -16 28 -24 -17
right_child=1 2 -4 5 9 6 7 22 23 10 -12 13 -14 21 26 29 19 -19 -20 -21 -22 -23 27 -25 -26 -27 -28 -29 -30 -31
leaf_value=-0.042199217931898542 0.0055441383982729802 0.054213838634795376 0.0045991265327177122 -0.011068643480840681 -0.049324746695040125 -0.063024203229504069 -0.053370825969219604 0.0092189742675783184 0.0029458282221777187 -0.0025695086840514707 -0.078971515404631931 -0.090329448206196108 -0.078799019631767664 0.0097687975918975076 -0.039327065643205407 -0.082742013864354272 -0.049235659822649047 -0.014080021518077272 -0.074033650817891525 0.034414855185819319 -0.062068072150423287 0.064170439125977238 0.017999208511820148 -0.079234215663398402 -0.048627925204282552 -0.061655106108506885 0.08706307600195401 -6.6886526724646012e-06 -0.035591779565799397 0.041518889247401491
leaf_weight=31.038666061192998 21.92385807699975 7.2465605412944534 1099.6243902675214 98.379457580049348 24.797301411254011 1.8505329684339837 13.218944133514013 75.614834158310259 15.672289921927588 17.015808779880903 2.9984292371664187 1.0356326103210438 1.7075527170673002 3.1559837437234801 0.79027751646935929 0.7011989366728838 1.9410583425051324 94.352889844624769 1.1694140863328364 23.998127167287748 4.884582011778547 1.2287250030785788 5.8824983439117231 1.9699686755084247 1.2611784397286099 7.4644793826155365 6.2384234983474007 54.379961076409018 21.901420931329085 9.9583327033324149
leaf_count=173150 2001 2395 80578 24808 2291 160 811 3185 18336 889 63 21 150 72 19 17 212 95912 112 774 285 19 554 2391 810 108 41 3007 1043 238
internal_value=-9.54288e-11 0.000884719 0.00330143 -0.00636814 -0.0207099 -0.0035054 0.00095269 -0.00399075 -0.029164 -0.0335546 -0.0140157 0.0150248 0.0271368 -0.00376537 0.0323321 0.0223932 0.0220835 -0.0104156 0.0253132 0.0281552 -0.013481 -0.0295839 0.00014639 -0.00623055 0.0389687 -0.0404307 0.0728523 -0.00820304 -0.0242453 0.0333448
internal_weight=1653.4 1604.72 1203.65 401.067 66.7354 334.332 231.068 170.998 48.6809 44.8115 20.0142 60.0703 36.526 23.5444 34.8184 11.6952 27.7897 104.03 9.67715 25.9392 103.264 11.8492 157.779 17.6423 8.50774 10.6205 7.0287 82.1639 27.7839 10.6595
internal_count=414452 220575 179807 40768 5244 35524 10431 8600 193877 3243 952 1831 1356 475 1206 276 1146 99229 3317 986 25093 199 7789 20727 3205 180 60 4604 1597 255
is_linear=0
shrinkage=0.05


Tree=101
num_leaves=31
num_cat=0
split_feature=19 10 16 20 14 21 16 11 18 20 21 19 20 16 16 3 6 7 7 6 20 20 18 19 10 3 20 19 2 21
split_gain=13.1755 8.91779 7.61008 8.07766 7.35554 6.97274 6.43019 5.80154 5.43291 5.40269 5.10094 5.28509 5.24227 5.01644 4.94542 4.34728 4.81075 4.45261 6.97376 4.21397 4.02205 4.04085 4.08278 3.98551 3.90026 3.91644 5.50742 7.29275 5.88484 4.27282
threshold=-0.093749999999999986 0.63750000000000007 -0.17024999999999998 0.12546300000000002 0.68425000000000014 0.53071700000000011 -0.07984999999999999 1.0000000180025095e-35 -0.78169999999999995 0.18780950000000005 0.5239370000000001 -0.072249999999999995 0.11086500000000001 -0.035649999999999994 -0.18464999999999995 0.76955000000000007 394.50000000000006 0.39025000000000004 0.39375000000000004 448.50000000000006 0.51742350000000015 0.37480150000000007 -0.21964999999999998 -0.038749999999999993 0.21250000000000005 0.63385000000000014 0.043717000000000013 -0.031349999999999996 0.45000000000000007 0.81263300000000005
decision_type=2 2 2 2 2 2 2 2 2 2 2 2 2 2 2 2 2 2 2 2 2 2 2 2 2 2 2 2 2 2
left_child=9 2 15 4 5 10 -3 8 -7 14 11 -4 -13 -5 -1 16 20 -18 -19 -20 21 22 -2 -15 -6 -26 27 -27 -29 -28
right_child=1 6 3 13 24 7 -8 -9 -10 -11 -12 12 -14 23 -16 -17 17 18 19 -21 -22 -23 -24 -25 25 26 29 28 -30 -31
leaf_value=-0.038705455720354803 0.036186660750534505 -0.00030451683572311437 0.043655860029120468 -0.013084491361690749 -0.044405966018032136 -0.090836626438342491 0.010204096649653788 -0.05651336836182435 -0.0094507325617367507 -0.043201917023124758 0.079379037198510499 -0.0085175437958846037 0.034554190192564692 -0.018806855254953701 -0.0016883674032074905 0.015682635243707711 -0.052331323011216416 0.050153124888697553 -0.087185120471204219 -0.016299024172094726 -0.083618266208466685 0.08367422282314059 -0.034199920529141441 0.0044833055171972745 0.0035120874282369105 0.0069088722637875499 0.0076819056364544006 -0.057236049059724181 0.041341667644306468 -0.031733843950623501
leaf_weight=12.61503675976928 5.2269614530559911 253.19385826134385 6.515520497749093 155.37981298998329 3.7265910717760553 2.1500965497107236 342.46680690132052 9.2840964561873971 44.298321374917577 20.639823594458903 2.1143656010681289 60.332143564435682 8.0012776030926016 22.334781604294221 31.685086352223152 12.567280684999785 8.7584553950073296 3.9248395289196187 2.1376617808800793 109.07094971468177 0.94334443013758651 2.250537948195416 3.4005951841900197 103.44307156819741 278.34644883535839 37.904371904893196 57.586467167566298 1.575726483541074 38.628483521928501 7.80790881467692
leaf_count=2777 259 13990 468 82300 237 53 21219 308 1449 180409 24 2351 309 38658 17721 1709 1611 288 355 10012 2055 219 244 11827 15055 1354 4418 43 2184 546
internal_value=-1.29801e-10 0.000905313 -0.0020087 -0.000164112 0.00331664 -0.0069615 0.00573726 -0.0204303 -0.0132181 -0.0220734 0.00279189 0.000628421 -0.0034742 -0.00707555 -0.0122295 -0.0124511 -0.0150563 -0.0179642 -0.0153498 -0.0176616 0.0154192 0.0240077 0.00844343 0.000347596 0.00652139 0.00697128 0.0136809 0.0226435 0.0374781 0.00297577
internal_weight=1648.31 1583.37 987.71 839.429 558.272 132.696 595.661 55.7325 46.4484 64.9399 76.9633 74.8489 68.3334 281.158 44.3001 148.281 135.713 123.892 115.133 111.209 11.8214 10.8781 8.62756 125.778 425.576 421.849 143.503 78.1086 40.2042 65.3944
internal_count=414452 213545 178336 161584 28799 4962 35209 1810 1502 200907 3152 3128 2660 132785 20498 16752 15043 12266 10655 10367 2777 722 503 50485 23837 23600 8545 3581 2227 4964
is_linear=0
shrinkage=0.05


Tree=102
num_leaves=31
num_cat=0
split_feature=17 16 3 21 17 6 16 12 16 17 18 19 12 17 18 21 6 18 6 16 2 12 16 16 12 3 18 16 3 14
split_gain=16.0325 11.2713 8.14019 6.69179 6.43988 6.23213 5.3902 5.22503 4.76195 4.68736 4.5126 4.49353 6.21578 5.68046 4.65614 5.1978 5.00106 4.72553 4.53754 4.42429 4.28812 5.56076 4.53352 7.75977 4.51688 4.27485 5.79949 4.24593 4.29155 4.2269
threshold=0.5250180000000001 -0.11014999999999998 0.23925000000000005 0.74523400000000006 0.80006550000000021 250.50000000000003 -0.12315 0.28885000000000005 -0.25634999999999991 0.78453650000000008 -0.52099999999999991 -0.033049999999999989 0.23615000000000003 0.95456050000000003 -0.73864999999999992 0.047809500000000012 724.50000000000011 -0.70159999999999989 2644.5000000000005 -0.10084999999999998 0.45000000000000007 0.0031500000000000005 -0.11584999999999999 -0.11814999999999999 0.18535000000000004 0.33245000000000008 -0.72899999999999987 -0.053349999999999995 0.91075000000000006 0.81145000000000012
decision_type=2 2 2 2 2 2 2 2 2 2 2 2 2 2 2 2 2 2 2 2 2 2 2 2 2 2 2 2 2 2
left_child=7 2 3 6 5 9 8 -1 -2 -3 -5 13 -13 18 19 -16 -17 25 -6 -15 21 -4 23 -22 -23 -18 -27 29 -29 -14
right_child=1 4 20 10 11 -7 -8 -9 -10 -11 -12 12 27 14 15 16 17 -19 -20 -21 22 24 -24 -25 -26 26 -28 28 -30 -31
leaf_value=-0.041754934539847986 -0.05309030891411063 0.043531654176857268 0.062129409896336855 -0.012729538273805588 -0.0077558613660727712 -0.012788363268861448 -0.041915058401824482 -0.0068677991591595397 0.017664856872535682 -0.084068864223476356 -0.042783392765619793 0.0056095923109376524 -0.021054015725974665 -0.036261518442162521 0.030317458700702252 -0.023287887836515787 -0.099267427197558294 0.0028069948373021817 -0.060483007535391112 0.015172237330614983 -0.00063367932739782039 -0.012973865744550917 -0.021316806780070075 0.039698536707325253 -0.0542008497914118 0.044229009011353362 -0.058179161259040539 0.0340087946954181 -0.020319079820002233 0.021216498881631723
leaf_weight=29.37522419907873 2.6773315182163122 7.8245523602508893 2.1600939137715605 20.898048605129588 89.457252789703489 86.753078937790633 6.3958128352296617 16.910962122843557 21.268454462348018 0.79262819924770145 31.044298436165263 557.28428251545938 9.9284647732420144 4.3771469523926489 12.617510213080093 25.654416436082101 2.0504066167341071 137.10151393313572 4.2752991487650425 93.333196800565929 323.97506025551047 39.57113837840825 24.761723499934305 12.381496301721198 7.9842955408130356 2.3893998603743967 3.2806302632379811 44.905749144889342 3.9551999389841503 14.626771846516929
leaf_count=173150 364 2985 213 1807 36805 90760 508 20727 1772 104 1856 20200 320 244 623 1385 47 6047 3063 4277 29938 9078 2505 933 1994 104 190 1617 223 613
internal_value=9.28096e-11 0.000842493 -0.00543941 -0.0197939 0.00365705 -0.00876006 -0.00113761 -0.0290087 0.00975386 0.0317947 -0.0306918 0.0048351 0.00741122 0.000497055 0.00405466 -0.000648767 -0.00294068 0.000663719 -0.0101608 0.0128682 -0.00256442 -0.0163317 -0.00066906 0.000850975 -0.0198956 -0.0373971 -0.0150235 0.0210869 0.0296111 0.00412518
internal_weight=1640.01 1593.73 493.118 82.2839 1100.61 95.3703 30.3416 46.2862 23.9458 8.61718 51.9423 1005.24 630.7 374.537 280.804 183.094 170.476 144.822 93.7326 97.7103 410.834 49.7155 361.118 336.357 47.5554 7.72044 5.67003 73.4162 48.8609 24.5552
internal_count=414452 220575 50968 6307 169607 93849 2644 193877 2136 3089 3663 75758 22973 52785 12917 8396 7773 6388 39868 4521 44661 11285 33376 30871 11072 341 294 2773 1840 933
is_linear=0
shrinkage=0.05


Tree=103
num_leaves=31
num_cat=0
split_feature=20 21 3 2 21 4 9 10 6 0 4 3 10 0 10 10 20 21 21 9 18 18 18 14 14 20 18 14 6 4
split_gain=11.1895 9.11555 9.81689 7.48083 5.80413 6.04105 5.42735 4.88263 4.79431 4.50561 6.22495 4.48124 6.96368 5.4212 5.88643 5.33082 6.27793 4.95251 5.13602 4.252 4.33995 6.32615 6.17714 8.72918 6.01044 4.7478 4.64315 5.68242 4.5785 4.04861
threshold=0.50079350000000011 0.83087750000000005 0.23925000000000005 0.77500000000000013 0.4003425000000001 1.4689500000000002 0.35500000000000004 0.51250000000000007 166.50000000000003 0.69000000000000006 1.30725 0.65595000000000014 0.6583500000000001 0.1183 0.73750000000000016 0.51250000000000007 0.066756000000000024 0.036474500000000007 0.063915000000000013 0.21500000000000005 -0.21964999999999998 -0.23779999999999998 -0.061999999999999993 0.71425000000000016 0.66685000000000005 0.16697650000000003 -0.85309999999999986 0.74355000000000016 298.50000000000006 1.3385500000000004
decision_type=2 2 2 2 2 2 2 2 2 2 2 2 2 2 2 2 2 2 2 2 2 2 2 2 2 2 2 2 2 2
left_child=1 3 9 6 5 7 -1 -2 -9 10 -3 12 19 14 -13 16 -15 -18 29 -5 21 26 23 -22 -24 -26 27 -21 -27 -19
right_child=4 2 -4 11 -6 -7 -8 8 -10 -11 -12 13 -14 15 -16 -17 17 18 -20 20 22 -23 24 -25 25 28 -28 -29 -30 -31
leaf_value=-0.0027040487649492547 -0.018364115159148108 -0.027673748460774462 -0.0028511027191980018 0.0035404791256069021 -0.0425056689964253 -0.034792747057077904 -0.045598831480719977 -0.064279816520560126 0.039015353242241195 -0.070985875904513968 0.034282723186578094 0.0017590300608994166 0.0099842161682893171 0.027238519765432373 -0.067281100473368646 0.033069897625484727 -0.052674241746566909 -0.080928768156227265 0.00032533557559093098 0.036281298739590191 0.047470974919615896 -0.077318003208951644 -0.043439111720614931 -0.01223944333695344 0.019922318604754571 0.051129123288366246 -0.013402838127181783 -0.054381860433463186 -0.039817227172531791 0.081821606719958834
leaf_weight=311.89978629398502 10.503169744071331 41.236631906844195 306.76613804346016 294.60550285332101 21.058322534630861 14.518724466513957 7.5528434730586005 1.2537314440423859 10.799927517671675 5.1330923880632318 4.4962220501529364 28.761364456971023 266.8077995560343 35.593407064250641 3.4586382257966752 37.808264367907213 4.0723202266035505 0.43454978575755321 49.034363499169558 9.5749297583788557 15.131739819189535 3.5920992445207949 9.3278018068376678 10.278640256445213 16.224037142143064 1.6700621799827775 99.475312820730323 2.1089292992219262 8.0752338902311731 3.1672513096091279
leaf_count=106936 17324 2668 21183 33548 129136 41403 1903 2079 12078 195 219 7067 9696 1563 392 3274 444 19 6677 996 440 183 593 626 1442 65 10960 725 406 212
internal_value=3.36849e-11 0.000794495 -0.00622435 0.00285428 -0.0215426 -0.00963585 -0.00371821 0.00655642 0.0282714 -0.026568 -0.0215825 0.00518924 0.00353254 0.0127096 -0.00565204 0.0172566 0.0107792 0.000448403 0.00455836 -0.000129428 -0.00629142 -0.012011 0.00452 0.0233178 -0.0090125 0.00335303 -0.00990065 0.0199167 -0.0242317 0.0621861
internal_weight=1634.42 1576.29 357.632 1218.65 58.1339 37.0756 319.453 22.5568 12.0537 50.8659 45.7329 899.202 736.872 162.33 32.22 130.11 92.3019 56.7085 52.6362 470.064 175.459 114.751 60.7075 25.4104 35.2971 25.9693 111.159 11.6839 9.7453 3.6018
internal_count=414452 212432 24265 188167 202020 72884 108839 31481 14157 3082 2887 79328 59680 19648 7459 12189 8915 7352 6908 49984 16436 12864 3572 1066 2506 1913 12681 1721 471 231
is_linear=0
shrinkage=0.05


Tree=104
num_leaves=31
num_cat=0
split_feature=17 16 20 2 17 4 11 0 3 3 4 21 17 4 9 16 20 0 18 3 0 20 21 12 16 16 12 16 0 17
split_gain=14.3054 11.5469 9.76227 6.45388 6.86488 8.13255 6.14113 7.34157 5.8118 7.71476 5.64221 5.59052 5.79629 5.64036 5.31601 4.84037 4.79801 4.55903 4.14547 3.93025 7.32045 7.40659 7.90936 4.47024 4.37281 4.28086 4.34808 4.28068 4.57479 4.16104
threshold=0.5250180000000001 -0.14424999999999996 0.33420600000000006 0.77500000000000013 0.87234800000000012 2.0834500000000005 1.0000000180025095e-35 0.8600000000000001 0.23925000000000005 0.22905000000000003 1.4594500000000001 0.4003425000000001 0.8077120000000001 1.2679500000000001 0.29000000000000009 -0.029549999999999996 0.17411250000000003 0.21420000000000003 -0.67979999999999985 0.49135000000000006 0.40400000000000008 0.22263500000000003 0.8066350000000001 0.12155000000000001 -0.0077499999999999991 -0.00034999999999999994 0.060850000000000008 -0.083049999999999985 0.38900000000000007 0.98340450000000013
decision_type=2 2 2 2 2 2 2 2 2 2 2 2 2 2 2 2 2 2 2 2 2 2 2 2 2 2 2 2 2 2
left_child=2 8 -1 4 17 6 18 14 9 10 11 13 -13 -2 15 -8 -14 -3 -6 20 23 22 24 29 -22 -26 -27 -25 -29 -20
right_child=1 3 -4 -5 5 -7 7 -9 -10 -11 -12 12 16 -15 -16 -17 -18 -19 19 -21 21 -23 -24 27 25 26 -28 28 -30 -31
leaf_value=0.030541246677551932 0.064158449332550702 -0.042075602641650216 -0.037332602687518389 0.0051204420244756943 -0.016259333820989288 -0.049005948293929243 -0.025600124268399523 0.053775239618749894 -0.0045046722666960909 -0.076840812611506659 0.062636262568041612 -0.082090849452691073 -0.026227556350150744 -0.11833481365008197 -0.063359422956242403 0.012777726586114219 0.020062093220679627 -0.010205320773559188 -0.0034178014780753721 0.017146039626438372 -0.034771798908487507 0.04560705615458386 0.035761998788038755 -0.07490120287608408 0.056438335185899663 -0.077657514652368489 0.032946384284754181 -0.016962984994797228 0.098492846519152064 0.024597030315814433
leaf_weight=6.1466672471860866 3.18514579636394 15.430808729553972 38.355246351939968 924.02790677221765 20.01266209176174 8.1226899328376003 25.312030976892853 3.6328429585264521 274.79310700386031 5.7787632041781754 2.1898321132302945 3.9510927808642 34.34144449501764 0.4883135487907565 6.1327835577249052 12.164321353717243 6.6882661336931042 41.133032672045374 18.434274513572745 69.669508794751891 32.177168274851283 4.9074501946888622 5.7150735562099717 2.5977532673277892 2.8281127570662647 1.8995589589321746 1.6695827858347909 5.5254736480637785 1.0157006386725695 47.172244765155483
leaf_count=1107 191 52513 192770 80321 7422 1218 3035 105 28000 314 132 1595 1628 19 622 1692 512 26509 3741 7528 1020 133 196 199 110 94 61 624 41 1000
internal_value=4.97678e-11 0.000786956 -0.0279578 0.00298756 -0.00306626 0.000263226 0.00179734 -0.0145161 -0.00751028 -0.0220966 -0.0158746 -0.0194082 -0.0242517 0.0398996 -0.0202051 -0.0131432 -0.0186819 -0.0188996 0.00540498 0.00764431 0.00230327 -0.0126747 -0.0191325 0.0121617 -0.0272655 0.0104898 -0.0259189 -0.0206002 0.000964769 0.0167254
internal_weight=1625.5 1581 44.5019 1249.58 325.553 268.989 260.867 47.242 331.416 56.6229 50.8441 48.6543 44.9808 3.67346 43.6091 37.4764 41.0297 56.5638 213.625 193.612 123.942 49.1969 44.2895 74.7454 38.5744 6.39725 3.56914 9.13893 6.54117 65.6065
internal_count=414452 220575 193877 188184 107863 28841 27623 5454 32391 4391 4077 3945 3735 210 5349 4727 2140 79022 22169 14747 7219 1614 1481 5605 1285 265 155 864 665 4741
is_linear=0
shrinkage=0.05


Tree=105
num_leaves=31
num_cat=0
split_feature=17 16 20 10 17 0 9 9 14 16 7 20 4 18 21 6 6 17 6 16 20 16 16 11 9 6 10 0 18 7
split_gain=14.3327 10.4948 9.16526 6.92349 6.62455 6.0195 5.20569 7.32999 4.8806 5.45599 5.38013 4.84586 4.71717 4.7044 6.63833 4.66112 4.70705 7.07532 5.09412 10.6757 4.47814 4.38817 5.23382 5.51184 4.38385 4.31273 4.45096 4.03037 4.33132 9.48142
threshold=0.5250180000000001 -0.15804999999999997 0.50079350000000011 0.61250000000000016 0.92953700000000017 0.11280000000000001 0.26500000000000007 0.21500000000000005 0.82325000000000015 -0.13954999999999998 0.53825000000000012 0.44208400000000003 0.42675000000000007 -0.85559999999999981 0.46178150000000007 454.50000000000006 412.50000000000006 0.79600750000000009 364.50000000000006 -0.010249999999999999 0.066756000000000024 -0.0082499999999999987 -0.015149999999999999 1.0000000180025095e-35 0.24000000000000002 1204.5000000000002 0.56250000000000011 0.1183 -0.66139999999999988 0.40335000000000004
decision_type=2 2 2 2 2 2 2 2 2 2 2 2 2 2 2 2 2 2 2 2 2 2 2 2 2 2 2 2 2 2
left_child=2 6 -1 4 15 13 7 12 21 -10 -11 24 -2 14 -6 16 18 -18 -3 -20 -17 22 23 27 -9 26 -26 -7 29 -29
right_child=1 3 -4 -5 5 8 -8 11 9 10 -12 -13 -14 -15 -16 20 17 -19 19 -21 -22 -23 -24 -25 25 -27 -28 28 -30 -31
leaf_value=0.0061944067971109549 -0.072215816679824324 0.0099119630824622204 -0.043440429711534556 0.0066696207435652383 0.044395593693974195 0.070412416721985518 0.0033391766956869851 -0.046757682374820267 -0.044761402522983419 0.029248756268506593 -0.048313875373573956 0.065492849985330809 -0.0062760662619803197 -0.012370039739286652 -0.020739466487963029 0.011555402391901854 -0.028571784213076552 0.063554685913524825 -0.06478338259827536 0.049725741441537456 -0.012528655086072815 0.022207976220202031 -0.024442939582189703 -0.0161662374376506 -0.032553771563966015 -0.052150052241533365 0.034976312726119528 0.048645386118705392 0.0073974152427277208 -0.060354639020706827
leaf_weight=13.411340972113974 2.7581223323904842 27.950767800921312 30.343423719093153 592.3179535493955 9.3494907294661989 2.4435200463631181 74.821539902410223 25.061691144073848 2.9646204169566763 43.245247254764763 2.357665441613789 1.2610767217138334 163.0088876180871 84.345807981793769 6.7257053388093473 21.448763112195593 2.91764848283219 7.2948538564705814 7.0641551220332985 2.8593070676670305 192.74356010487008 29.180029700433806 17.757290236741028 30.524855028590537 4.2506831152113573 4.6362137734649869 5.7283319450834824 2.8644689567154256 198.09599347963649 6.5734034915949451
leaf_count=14237 368 8903 179640 43007 894 115 5082 2126 125 2241 278 580 17441 5057 855 2334 2804 591 2744 501 109194 2301 976 1435 475 499 336 246 8391 676
internal_value=-2.29776e-10 0.000785383 -0.0282268 0.00269281 -0.000678474 0.00309574 -0.00796169 -0.0120523 0.00630593 0.0209659 0.0252388 -0.0309989 -0.00737321 -0.00764554 0.0171437 -0.0069587 0.00710899 0.0372347 -0.00101419 -0.0317892 -0.0101169 0.0038289 0.0017523 0.0036864 -0.0340658 -0.0123021 0.00621105 0.00657242 0.00582077 -0.0272723
internal_weight=1616.31 1572.55 43.7548 1291.03 698.707 436.428 281.527 206.705 336.007 48.5675 45.6029 40.938 165.767 100.421 16.0752 262.279 48.0867 10.2125 37.8742 9.92346 214.192 287.44 258.26 240.502 39.6769 14.6152 9.97902 209.977 207.534 9.43787
internal_count=414452 220575 193877 193668 150661 23590 26907 21825 16784 2644 2519 4016 17809 6806 1749 127071 15543 3395 12148 3245 111528 14140 11839 10863 3436 1310 811 9428 9313 922
is_linear=0
shrinkage=0.05


Tree=106
num_leaves=31
num_cat=0
split_feature=17 16 20 2 9 17 4 19 4 20 9 9 9 6 19 4 20 6 18 18 7 4 16 6 9 16 11 6 16 4
split_gain=12.3445 10.861 8.67178 5.8545 6.07837 6.02706 6.28389 5.37836 5.05199 5.16317 4.6709 6.97834 5.97448 5.51346 4.31995 4.27262 4.26266 6.3136 6.72569 5.42176 7.17798 8.50748 6.24811 6.54692 5.07348 4.26864 4.24311 4.8717 4.6574 4.22985
threshold=0.5250180000000001 -0.15804999999999997 0.50079350000000011 0.77500000000000013 0.35500000000000004 0.87234800000000012 2.0834500000000005 -0.0099499999999999988 0.98605000000000009 0.49193300000000001 0.26500000000000007 0.21500000000000005 0.24000000000000002 1204.5000000000002 -0.090249999999999983 1.3652500000000003 0.18159550000000005 856.50000000000011 -1.0000000180025095e-35 -0.14794999999999997 0.40885000000000005 0.67025000000000012 -0.035149999999999994 454.50000000000006 0.16500000000000001 -1.0000000180025095e-35 0.27500000000000008 994.50000000000011 -0.14424999999999996 1.5773500000000003
decision_type=2 2 2 2 2 2 2 2 2 2 2 2 2 2 2 2 2 2 2 2 2 2 2 2 2 2 2 2 2 2
left_child=2 8 -1 4 5 15 16 -6 9 -2 11 -10 -13 -14 -12 -3 17 18 19 -7 21 -21 23 -22 25 -18 -19 -28 -29 -26
right_child=1 3 -4 -5 7 6 -8 -9 10 -11 14 12 13 -15 -16 -17 24 26 -20 20 22 -23 -24 -25 29 -27 27 28 -30 -31
leaf_value=0.0066095274164683741 -0.030372023091191882 -0.0047604652517115468 -0.042004000426168607 0.0046724422253654743 -0.0020738227938258617 -0.012000774248209521 -0.044012056023374824 -0.082266734263919353 -0.0050546600879057 0.068876211171939691 -0.065070178259631226 -0.046257340960500409 0.017652804058674105 -0.050813679627951282 0.0077391665635986265 -0.032679241435474522 -0.026449312990233922 0.0090838595825765596 -0.037121132767085209 -3.7192905783558383 0.063927230514611341 0.056500027912283174 0.044560928472772675 -0.088017107272638784 0.047200690465443187 0.097817014219983622 0.033453501874172023 0.063423725712653353 -0.034473232254474226 -0.045319159188662889
leaf_weight=13.421204521413982 32.35590750798292 31.499099432762705 28.984667564758638 948.94980486354416 3.905142755423185 41.525008271390107 7.4866131800663416 4.5003053919645009 143.22938736760716 1.3657329402412859 2.1026372052710931 21.590581281283448 9.314983449652571 4.2967388813049174 65.514475756213869 24.256837467029072 6.1145326884688993 142.95091570583463 19.106740706218261 0.0014921317342649889 0.91586574353277672 7.8842135816812515 2.6934842061018571 3.1377593012875877 14.176167163517674 0.77912831570574947 4.1735983388716731 1.3174013765237802 15.616611314806502 1.3532969963416679
leaf_count=14237 2625 31774 179640 82692 1856 4918 1218 133 15635 532 1184 2175 864 484 3408 47862 2000 15502 762 4 10 169 107 117 1534 167 371 54 1974 444
internal_value=-4.20527e-11 0.000722587 -0.0266181 0.00266995 -0.00302979 -0.00194403 0.0011546 -0.0450094 -0.00820328 -0.0263525 -0.00571589 -0.00995673 -0.029902 -0.00395964 0.00547507 -0.0169066 0.00244648 0.000493374 -0.0114967 -0.00277837 0.023393 0.0557856 -0.014466 -0.0536872 0.0232921 -0.0124046 0.005994 -0.014932 -0.0268572 0.0391382
internal_weight=1604.52 1562.11 42.4059 1282.34 333.394 324.989 269.233 8.40545 279.77 33.7216 246.049 178.432 35.2023 13.6117 67.6171 55.7559 261.746 239.323 75.2646 56.1578 14.6328 7.88571 6.74711 4.05363 22.4231 6.89366 164.059 21.1076 16.934 15.5295
internal_count=414452 220575 193877 193668 110976 108987 29351 1989 26907 3157 23750 19158 3523 1348 4592 79636 28133 23988 6087 5325 407 173 234 127 4145 2167 17901 2399 2028 1978
is_linear=0
shrinkage=0.05


Tree=107
num_leaves=31
num_cat=0
split_feature=19 16 3 3 4 19 2 6 7 19 4 16 20 7 20 20 6 7 7 16 12 16 0 0 21 6 19 19 9 0
split_gain=12.4974 8.03249 9.16643 7.0942 5.43284 5.19043 5.15365 5.23086 5.47196 5.33223 5.28416 7.60346 5.22759 9.70564 4.85818 4.34847 6.13552 4.12421 4.55009 3.98338 4.03218 4.00139 3.95414 13.2645 4.78673 6.5071 4.07214 4.94064 4.45939 4.03951
threshold=-0.093749999999999986 -0.11124999999999997 0.23925000000000005 0.22905000000000003 0.42675000000000007 -0.089249999999999982 0.77500000000000013 856.50000000000011 0.43935000000000007 -0.047149999999999991 1.8457500000000002 -0.0082499999999999987 0.16285600000000003 0.46535000000000004 0.25039700000000004 0.31281550000000008 1195.5000000000002 0.39375000000000004 0.40685000000000004 -0.094249999999999987 0.12490000000000001 -0.10394999999999999 1.0000000180025095e-35 0.065400000000000014 0.95248350000000015 370.50000000000006 -0.015949999999999995 -0.011649999999999999 0.24000000000000002 0.26200000000000007
decision_type=2 2 2 2 2 2 2 2 2 2 2 2 2 2 2 2 2 2 2 2 2 2 2 2 2 2 2 2 2 2
left_child=-1 2 3 4 -2 -6 7 8 9 -3 11 12 -10 -14 19 16 -7 -18 -19 20 21 -9 -4 -24 29 -26 28 -28 -27 -25
right_child=1 6 22 -5 5 15 -8 14 10 -11 -12 -13 13 -15 -16 -17 17 18 -20 -21 -22 -23 23 24 25 26 27 -29 -30 -31
leaf_value=-0.022281130066494449 -0.073317962265529599 -0.02612254892272391 0.0066393886094073583 -0.066088244105443159 0.067118656909347513 -0.028163299048435016 0.0052291168582925063 0.029687196547291628 -0.05624321659388392 0.0039515634506054696 -0.084000506448583284 0.027442831061737307 -0.067990774591420097 0.029292277287927701 -0.041481681014809299 0.025565456275034339 0.047936844875600099 -0.078787521224261886 0.0082078039478036668 0.0073155192123784884 -0.058498138216373632 -0.035647663933797744 -0.048478228408393581 -0.010324784483289079 0.042259603917381205 -0.020801051698454892 -0.095496920614819764 -0.026711995688983643 0.018905635012446579 0.0058072202203412436
leaf_weight=60.557211217334043 3.8200548941549632 19.848398090575301 107.56403644208331 7.6592445097630835 2.0106482463907005 42.960730829683598 810.23231405825754 4.8788573860074385 12.477540639360088 57.253793166728428 3.743501396262217 6.370217859279367 4.2064746193373121 6.5654713724215981 5.8989780854708433 6.1200300352320474 4.7287793935465734 1.8845488462829942 7.4243777454685187 139.44569214744843 4.6823850047803708 4.5095914713820084 16.253996267443654 52.137085595321878 4.6378978017382897 23.354766906011719 3.0805797104694674 17.11069416700775 10.141716750656995 151.75874765238768
leaf_count=200907 431 29958 9259 464 505 1790 85681 360 600 6969 968 710 2322 1245 17247 3204 143 70 192 17337 532 552 3513 10401 806 1391 47 1031 409 15408
internal_value=1.38263e-10 0.00087459 -0.00463799 -0.0204367 -0.0153655 -0.0119664 0.00323581 -0.00274847 -0.0111107 -0.00379041 -0.0280279 -0.0209538 -0.0342141 -0.00869702 0.00304607 -0.0144857 -0.018786 0.00991199 -0.00940399 0.00475708 -0.0205978 -0.00169536 -0.00150278 -0.00464778 -0.00193091 -0.0145617 -0.0194703 -0.0372065 -0.00877907 0.00168219
internal_weight=1603.32 1542.76 462.648 76.6084 68.9492 65.1291 1080.11 269.881 110.465 77.1022 33.3632 29.6197 23.2495 10.7719 159.416 63.1185 56.9984 14.0377 9.30893 153.517 14.0708 9.38845 386.04 278.475 262.221 58.3257 53.6878 20.1913 33.4965 203.896
internal_count=414452 213545 49064 6799 6335 5904 164481 78800 42772 36927 5845 4877 4167 3567 36028 5399 2195 405 262 18781 1444 912 42265 33006 29493 3684 2878 1078 1800 25809
is_linear=0
shrinkage=0.05


Tree=108
num_leaves=31
num_cat=0
split_feature=17 21 3 19 17 6 6 21 4 20 18 6 11 0 18 14 21 9 6 6 12 11 12 2 3 12 12 4 9 12
split_gain=12.137 8.14375 6.40891 5.68811 5.60013 9.26123 5.90055 5.81914 7.30761 6.01917 5.41101 5.18994 5.4856 6.65561 5.11351 5.003 4.79778 5.68258 4.68977 4.65769 8.45049 4.61516 4.74725 6.32192 5.18281 6.1603 4.65108 4.47546 4.39565 4.35539
threshold=0.72634700000000008 0.96008850000000001 0.14435000000000003 -0.078749999999999987 0.92953700000000017 562.50000000000011 1609.5000000000002 0.48581450000000004 1.3518500000000002 0.39943800000000007 -0.46119999999999994 376.50000000000006 0.58335000000000015 0.045000000000000005 -0.30819999999999997 0.85075000000000012 0.55579500000000015 0.14000000000000004 1762.5000000000002 394.50000000000006 0.22385000000000002 0.27500000000000008 0.012250000000000002 0.45000000000000007 0.40935000000000005 0.030250000000000003 0.017050000000000006 1.8186500000000001 0.090000000000000011 0.033950000000000008
decision_type=2 2 2 2 2 2 2 2 2 2 2 2 2 2 2 2 2 2 2 2 2 2 2 2 2 2 2 2 2 2
left_child=3 4 -3 -1 5 -2 -7 -6 -9 16 19 14 21 -14 -4 -8 17 28 -17 -5 -21 22 -13 27 25 -25 -26 -24 -10 -15
right_child=1 2 11 10 7 6 15 8 9 -11 -12 12 13 29 -16 18 -18 -19 -20 20 -22 -23 23 24 26 -27 -28 -29 -30 -31
leaf_value=-0.045182766962942544 0.0092122043170089381 -0.047093857947452529 -0.0092240040696908512 0.052205156948562474 0.0086014211224526363 -0.0053821971299393458 -0.040273799549066569 -0.0053855410562026829 -0.011202543344602868 0.10066106296553808 -0.018407307807826411 0.030539623535062024 0.035815356245081788 -0.111314944158571 0.055078775330653335 -0.068902870971623842 0.0078837421634952356 -0.027843734782521695 0.027739702189947403 -0.053186141151233539 0.023847909801662518 -0.072441018623845721 -0.063242683967867724 0.029926858954318548 -0.11532941639725001 -0.042190687404760396 0.0011433638191493032 0.029383198413744746 0.044180539925251873 -0.0069522653598371523
leaf_weight=14.769823803480902 109.31424397237242 11.152052295341489 6.1303948315435264 5.0927668315853252 432.95588384286475 226.93967658753354 23.099103894408476 253.99113675784702 8.3593246606615121 1.6734154567566282 69.576538086163055 5.6059816956949353 11.929111174329593 1.2532617675242352 6.2373871527643114 1.6002515595682769 267.46028937105075 21.549587685491133 5.8238729942495411 5.4438868610723139 10.287810761066792 3.5080945137742665 10.054717835824702 3.5167944895438294 0.87455061124091926 18.741600231599477 43.021999110063007 1.4984585655402032 6.2698575921313013 4.9415284928400069
leaf_count=197310 12666 724 478 2880 21566 53811 14852 8974 400 47 52456 279 396 58 587 308 11844 1216 1343 23132 4683 101 798 138 29 770 1969 106 293 238
internal_value=2.73052e-11 0.00116059 -0.0108724 -0.0164151 0.00229804 -0.00298112 -0.00815819 0.00424942 0.00088055 0.00609335 -0.011715 -0.00742917 -0.0110394 0.0139806 0.0232055 -0.0287977 0.00557217 -0.0115167 0.00690864 0.0106448 -0.00280939 -0.0162623 -0.0138968 -0.0171025 -0.0111427 -0.0307962 -0.00117712 -0.051229 0.0125339 -0.0280658
internal_weight=1592.67 1487.5 128.466 105.171 1359.04 366.777 257.463 992.259 559.304 305.312 90.401 117.314 104.946 18.1239 12.3678 30.5232 303.639 36.1788 7.42412 20.8245 15.7317 86.8222 83.3141 77.7081 66.1549 22.2584 43.8965 11.5532 14.6292 6.19479
internal_count=414452 133991 6671 280461 127320 82980 70314 44340 22774 13800 83151 5947 4882 692 1065 16503 13753 1909 1651 30695 27815 4190 4089 3810 2906 908 1998 904 693 296
is_linear=0
shrinkage=0.05


Tree=109
num_leaves=31
num_cat=0
split_feature=17 16 19 4 12 10 10 17 20 10 4 12 20 14 19 0 20 20 16 17 4 4 4 16 3 7 0 20 20 6
split_gain=11.5796 11.2564 6.16479 5.09941 5.8827 5.89784 5.61207 4.53906 5.7323 4.53245 4.51182 4.62622 4.21649 4.19831 5.87907 5.52959 9.38996 5.3293 6.11132 4.73113 6.89871 4.21761 4.12674 4.20725 4.08854 4.02208 5.55545 5.05786 5.96379 5.97372
threshold=0.81151000000000006 -0.12694999999999998 -0.093749999999999986 1.1846500000000002 0.26195000000000007 0.71250000000000002 0.43750000000000006 0.5250180000000001 0.71409500000000004 0.5375000000000002 1.1031500000000001 0.080150000000000013 0.52952800000000011 0.67385000000000017 -0.06674999999999999 0.28980000000000006 0.21921450000000003 0.062631000000000006 -0.058249999999999989 0.93717950000000017 1.4051500000000001 1.9071500000000003 0.76385000000000014 -0.049749999999999996 0.33245000000000008 0.40635000000000004 0.27600000000000008 0.10544850000000001 0.027212000000000004 1141.5000000000002
decision_type=2 2 2 2 2 2 2 2 2 2 2 2 2 2 2 2 2 2 2 2 2 2 2 2 2 2 2 2 2 2
left_child=2 9 -1 7 5 -5 12 -4 10 -2 -9 -12 -6 15 17 25 19 18 24 20 -17 -19 -18 -24 -15 -3 27 28 29 -27
right_child=1 13 3 4 6 -7 -8 8 -10 -11 11 -13 -14 14 -16 16 22 21 -20 -21 -22 -23 23 -25 -26 26 -28 -29 -30 -31
leaf_value=-0.044069524725810855 -0.013362645218191589 -0.0030117366698232256 -0.028603421552633731 -0.02824980760283077 -0.00053759542440584009 0.019598847405052015 0.047440954946916636 -0.0083003834353005228 0.070219015573141669 -0.0017672765074244505 -0.011400052449599334 0.051144840234353374 -0.045702349689350989 0.052266430300660409 0.007617007485726625 -0.050829730910614095 -0.039550223231640924 -0.038257633447872662 0.01442321934501626 -0.011319946234985582 0.041141669942562527 0.023965626131267737 -0.010439260844753648 0.043491927281528495 -0.020951703098162217 -0.0045116874373870913 0.052412101539769676 0.033780076426870573 -0.018020130453162017 0.036057103880449186
leaf_weight=13.767215903401846 134.28231418507403 90.633823527059576 8.3882496764663284 66.031543238542326 35.636309349552903 7.1361102019172895 5.32115025636267 21.766898502244658 3.808080850816622 226.30635744905067 4.5778502766988813 8.3478764382653008 6.0440944555739398 2.0454460112378028 682.62649965642049 16.89157658763725 2.5580778311778003 17.283895054315511 36.575753419696412 61.820065819659249 2.3188272890765793 3.2326895342266644 5.0289485969115093 12.873174141865089 28.098411477600166 19.662538750679232 7.7899806512577916 15.249785852094645 23.648185123282019 16.850255477707833
leaf_count=176310 10168 6600 13865 91730 8865 3143 1162 10030 667 11098 2337 2294 6105 106 33582 841 136 20327 4107 2658 83 2572 226 446 2680 375 191 926 562 260
internal_value=-3.93402e-11 0.00153198 -0.01191 -0.0092597 -0.0147165 -0.0235831 -0.000913731 0.00472513 0.0119865 -0.00608536 0.00559455 0.0289936 -0.00708696 0.00415996 0.00605503 -0.00113904 -0.0104126 -0.00616749 0.000685536 -0.0180549 -0.0397282 -0.0284534 0.0198536 0.0283419 -0.0159834 0.00427521 0.0122132 0.0080606 0.00154115 0.0142104
internal_weight=1586.6 1405.78 180.825 167.058 120.169 73.1677 47.0016 46.889 38.5007 360.589 34.6926 12.9257 41.6804 1045.19 769.863 275.325 101.491 87.2362 66.7196 81.0305 19.2104 20.5166 20.4602 17.9021 30.1439 173.835 83.2007 75.4108 60.161 36.5128
internal_count=414452 97944 316508 140198 111005 94873 16132 29193 15328 21266 14661 4631 14970 76678 63374 13304 4390 29792 6893 3582 924 22899 808 672 2786 8914 2314 2123 1197 635
is_linear=0
shrinkage=0.05


Tree=110
num_leaves=31
num_cat=0
split_feature=10 19 3 17 9 16 21 10 9 9 3 12 11 12 17 16 14 7 0 9 16 4 7 0 3 9 19 21 7 21
split_gain=11.8 8.76928 7.32453 7.33867 6.64561 6.53758 6.07144 5.58805 5.18452 15.9688 6.05632 6.11212 5.33836 6.05069 5.16664 5.39838 5.57397 5.29685 7.92388 5.19277 5.1051 5.00263 4.60106 5.79043 5.71007 4.46541 4.26071 6.18031 5.27997 4.23712
threshold=0.58750000000000002 -0.093249999999999986 0.76955000000000007 0.72634700000000008 1.0000000180025095e-35 -0.17024999999999998 0.48581450000000004 0.41250000000000003 0.21500000000000005 0.24000000000000002 0.25805000000000006 0.051850000000000007 0.75000000000000011 0.097450000000000023 0.9582210000000001 -0.15994999999999995 0.73265000000000013 0.43535000000000007 0.40980000000000005 0.14000000000000004 -0.14584999999999998 1.3720500000000004 0.47135000000000005 0.69000000000000006 0.72715000000000007 0.090000000000000011 -0.041649999999999993 0.92344350000000019 0.43685000000000007 0.24509050000000002
decision_type=2 2 2 2 2 2 2 2 2 2 2 2 2 2 2 2 2 2 2 2 2 2 2 2 2 2 2 2 2 2
left_child=1 -1 3 -3 21 -5 -6 -4 10 20 11 -8 25 -14 15 16 -7 18 -16 22 -10 -2 24 -24 -19 -12 27 28 -21 -20
right_child=4 2 7 5 6 14 8 -9 9 -11 12 -13 13 -15 17 -17 -18 19 29 26 -22 -23 23 -25 -26 -27 -28 -29 -30 -31
leaf_value=-0.030036421618617609 -0.04932096455096148 -0.023729758648739736 0.001015182028383929 -0.015358784730371292 0.0099330697736457318 0.07844035888565061 0.0092553117806020435 0.026277695640884363 -0.05277521609289542 0.0024607839894409227 -0.0049263414751003053 -0.033360459815481629 0.013236110968355655 -0.074670567214805111 -0.0021091962653771649 -0.00807650021224284 -0.041952683578203663 0.036886137263193314 0.017339727609305664 0.07044011969245248 -0.018243180158859781 0.0072994663667858258 -0.018677353441691549 0.033730013118111773 -0.026253779766435101 0.016681070597572983 0.0076850428741866653 0.034710606471862686 -0.0403035134886758 -0.092122488852565285
leaf_weight=32.161064652903406 10.041047793665713 50.017140666924661 67.33323771652158 100.48638354241484 336.02671536502339 3.5016194803247336 16.627225360302873 32.434533909109177 15.511265135189204 211.60672625774191 29.099338588922819 17.032797864602799 4.0342634749076742 3.8025745560671567 98.521102489081386 217.0000813092629 1.325251983500493 36.168959445082237 1.150086401747102 1.1590844176244051 34.525891688737829 6.3798444541907875 13.240707797978759 8.7562218714083411 3.9741949093295252 134.1040061577396 69.717389610428654 4.3511346767190835 15.069717442151157 3.8219831654587324
leaf_count=158178 1518 78822 15162 6059 46346 229 2563 5446 2462 19693 4253 3478 490 401 3484 37688 352 1036 102 26 4555 1600 588 811 102 14624 3426 64 739 155
internal_value=-1.08375e-10 -0.00448589 -0.00335718 -0.00535571 0.00416483 -0.00376639 0.00480924 0.00922803 0.00111724 -0.00354587 0.00707753 -0.0123093 0.0108928 -0.0294178 -0.00132817 -0.00691319 0.0453856 0.00351262 -0.00521724 0.00943953 -0.0289479 -0.0273228 0.0205639 0.00218422 0.0306352 0.0128284 0.00178405 -0.0182064 -0.032394 -0.0668028
internal_weight=1578.98 760.19 728.029 628.261 818.792 578.244 802.371 99.7678 466.344 261.644 204.7 33.66 171.04 7.83684 477.758 221.827 4.82687 255.931 103.493 152.437 50.0372 16.4209 62.1401 21.9969 40.1432 163.203 90.2973 20.5799 16.2288 4.97207
internal_count=414452 312469 154291 133683 101983 54861 98865 20608 52519 26710 25809 6041 19768 891 48802 38269 581 10533 3741 6792 7017 3118 2537 1399 1138 18877 4255 829 765 257
is_linear=0
shrinkage=0.05


Tree=111
num_leaves=31
num_cat=0
split_feature=17 16 16 16 19 20 10 3 16 3 17 10 14 18 21 21 21 19 16 17 16 14 19 21 19 18 9 2 17 21
split_gain=11.7234 10.8946 6.22159 6.08253 5.75915 5.39489 5.23533 5.57583 5.99652 5.49417 5.96092 5.18869 6.36491 5.4838 4.46593 4.2823 4.86474 4.25906 3.91771 5.97004 4.52356 3.85258 3.94701 3.77303 5.77391 4.09659 3.61192 4.24542 4.47978 6.01756
threshold=0.82656300000000005 -0.11234999999999999 -0.11584999999999999 -0.11694999999999998 -0.066249999999999989 0.11155550000000002 0.5375000000000002 0.67315000000000014 -0.12064999999999999 0.38365000000000005 0.87234800000000012 0.71250000000000002 0.72445000000000015 -0.80339999999999989 0.3079555000000001 0.38477600000000006 0.56691550000000013 -0.055149999999999998 -0.12554999999999997 0.96513150000000014 -0.13394999999999999 0.79865000000000008 -0.043049999999999991 0.68761600000000012 -0.060449999999999997 -0.8839999999999999 0.21500000000000005 0.45000000000000007 0.9178495000000001 1.0000000180025095e-35
decision_type=2 2 2 2 2 2 2 2 2 2 2 2 2 2 2 2 2 2 2 2 2 2 2 2 2 2 2 2 2 2
left_child=4 2 3 6 -1 -5 7 8 -2 11 -11 13 -13 -8 -15 -12 -17 -4 20 -20 -16 22 -9 -6 -25 -26 -3 -28 29 -29
right_child=1 26 17 5 23 -7 9 21 -10 10 15 12 -14 14 18 16 -18 -19 19 -21 -22 -23 -24 24 25 -27 27 28 -30 -31
leaf_value=-0.032498938017928629 -0.015485114140329229 0.0073404542041568075 0.018238232153796198 0.055217358575667765 -0.0047619085074507182 -0.064287777943430033 -0.056413665816205542 -0.064343502204664338 -0.085374034812588373 0.050312709634737822 -0.041130382571228696 0.010793748605176208 -0.097775378504003391 0.048949964991571636 -0.013150749291434874 0.041364947162018086 0.0030869972524894401 -0.047777433293000333 -0.048575188532799733 0.041109894996492174 -0.053774991853945978 -0.00059802072911427405 0.070450679859706641 0.045753953357030641 0.088805351361134016 -0.03686591929458026 -0.012489279578961003 0.033474700440185058 0.0052506728170822322 -0.01704507361376837
leaf_weight=27.799934575143425 110.59848427753877 532.35505625463657 3.0019850494609299 6.9994648924039193 143.17501788606569 1.0916784344299229 7.3984650429629246 0.6380455473808978 3.156783902794813 7.3586781013582359 5.041660325441625 37.352985538134817 1.4005735575046845 2.9567379962536497 53.247026715214808 8.9565801834469294 113.30739735442967 13.125844229667562 2.5594738271611259 6.7470414811032242 7.8646278301021146 27.287104637715856 3.6489207840350018 2.5639900585683817 0.66751027460486767 22.73546485677889 50.334657142175274 6.7670783430876318 314.65628472517437 45.705784102039615
leaf_count=247014 7818 43127 512 188 61089 101 477 142 284 959 386 1011 26 98 2392 512 5708 446 140 139 208 2379 77 2611 38 11919 5685 536 12140 6290
internal_value=1.26498e-11 0.00163577 -0.00503111 -0.00382598 -0.0114086 0.0390934 -0.00469519 -0.0122648 -0.0174246 -0.000367372 0.00655807 -0.00816988 0.00687 -0.0153857 -0.0112488 0.00402891 0.00589109 -0.0354895 -0.0137765 0.0164447 -0.0183788 0.0063247 0.0503887 -0.0079422 -0.0254775 -0.0332815 0.00461005 0.0011282 0.0029952 -0.0105299
internal_weight=1570.5 1373.56 423.74 407.612 196.942 8.09114 399.521 145.329 113.755 254.191 134.664 119.527 38.7536 80.7734 73.3749 127.306 122.264 16.1278 70.4182 9.30652 61.1117 31.5741 4.28697 169.142 25.967 23.403 949.819 417.464 367.129 52.4729
internal_count=414452 91781 24003 23045 322671 289 22756 10700 8102 12056 7565 4491 1037 3454 2977 6606 6220 958 2879 279 2600 2598 219 75657 14568 11957 67778 24651 18966 6826
is_linear=0
shrinkage=0.05


Tree=112
num_leaves=31
num_cat=0
split_feature=17 16 3 18 19 18 0 0 19 21 3 12 16 19 12 12 16 19 12 12 14 7 21 6 17 7 3 19 20 6
split_gain=10.4064 10.6727 5.89037 5.89532 4.8572 4.90028 4.15189 13.3129 6.56064 6.51846 3.91483 3.70901 5.27954 3.86799 5.56549 5.13847 4.05688 3.76032 3.68062 3.53053 3.39178 3.75889 3.16614 5.68678 5.49328 6.80857 4.45317 4.81607 4.14536 9.45003
threshold=0.72634700000000008 -0.11124999999999997 0.23925000000000005 -0.97319999999999995 -0.078749999999999987 -0.60919999999999985 1.0000000180025095e-35 0.065400000000000014 -0.030449999999999994 0.39943800000000007 0.22905000000000003 0.14235000000000003 -0.33684999999999993 -1.0000000180025095e-35 0.093850000000000003 0.070050000000000015 -0.11584999999999999 -0.0063499999999999989 0.026350000000000002 0.13035000000000002 0.72925000000000006 0.44555000000000006 0.95248350000000015 370.50000000000006 0.93717950000000017 0.45635000000000003 0.27465000000000006 -0.032249999999999994 0.052494000000000006 1024.5000000000002
decision_type=2 2 2 2 2 2 2 2 2 2 2 2 2 2 2 2 2 2 2 2 2 2 2 2 2 2 2 2 2 2
left_child=4 2 3 -2 -1 -6 8 19 -4 -10 -5 12 18 15 -15 20 17 -17 -11 -8 -14 -22 24 -24 -9 26 27 -26 -28 -30
right_child=1 -3 6 10 5 -7 7 22 9 11 -12 -13 13 14 -16 16 -18 -19 -20 -21 21 -23 23 -25 25 -27 28 -29 29 -31
leaf_value=-0.044156867912323802 0.075415338493456593 0.003921875497911489 -0.0041532387734628763 -0.016673913935110991 0.022169729995679049 -0.015485785512355668 -0.064565242869922171 -0.011931935189319121 -0.059564954305404927 0.081685154959420428 -0.057693926904715503 -0.0099982226157646799 0.038374030173471969 0.03273000501988562 -0.091756407727529868 0.07274251694080637 -0.078864208276699377 -0.014197646768495205 -0.086193141796100117 -0.015891725825882729 -0.065741934291165913 0.03014838842092479 0.040300418902842104 -0.01766986486303556 -0.028762417050902284 0.018539937608923408 0.00060972612786669845 0.070074753214871305 -0.00024463033376008768 -0.069404386636691781
leaf_weight=12.9224109847446 1.6466501242794027 1012.7756882993071 69.276181129209363 66.683851542224147 9.7122012588829403 78.245806634904056 11.570733105947513 64.389665554857856 2.3789315532776518 0.41946598887443087 6.3723222025291753 6.1739796398906028 6.9954690778395179 2.6961569840787041 1.3461029459722338 14.853994037985107 0.50197198858950187 1.3573781871236867 1.4730134089477358 5.4948217346827724 2.0940371885080822 1.9962939852848647 4.5798669607593174 55.464222808300292 1.8304497863864524 58.213522378053312 40.140859880979406 3.7730919310124582 12.831718656047089 8.030474789120488
leaf_count=197310 65 101040 6988 3664 14327 68824 1636 10087 66 4 291 168 127 102 34 192 17 32 23 990 68 50 325 2743 109 2475 1240 61 689 705
internal_value=1.28123e-10 0.00106936 -0.00531389 -0.0181431 -0.0155332 -0.0113279 -0.0027777 -0.00616983 0.00531989 0.0208392 -0.0202519 0.0256322 0.0321532 0.0369755 -0.00872491 0.0436208 0.0611283 0.065463 -0.0489831 -0.0488932 0.0172259 -0.0189425 -0.00324471 -0.0132482 -7.01982e-05 0.00604879 -0.00486835 0.0377887 -0.00878668 -0.0268663
internal_weight=1566.24 1465.36 452.585 74.7028 100.88 87.958 377.882 266.319 111.563 42.2868 73.0562 39.9079 33.7339 31.8414 4.04226 27.7991 16.7133 16.2114 1.89248 17.0656 11.0858 4.09033 249.254 60.0441 189.21 124.82 66.6066 5.60354 61.0031 20.8622
internal_count=414452 133991 32951 4020 280461 83151 28931 21060 7871 883 3955 817 649 622 136 486 241 224 27 2626 245 118 18434 3068 15366 5279 2804 170 2634 1394
is_linear=0
shrinkage=0.05


Tree=113
num_leaves=31
num_cat=0
split_feature=10 20 14 20 18 17 16 4 16 6 17 4 0 7 14 0 14 21 6 4 6 14 4 17 17 0 14 17 18 16
split_gain=12.0712 7.5259 8.0319 7.89213 7.69551 7.16529 6.37415 5.719 5.1031 5.04296 5.26194 4.88823 4.4015 5.25341 6.84735 4.45632 4.31757 4.3283 6.22793 5.28318 4.45047 4.06642 4.35711 3.96256 4.54646 6.38974 6.69612 6.38617 6.12404 5.79965
threshold=0.61250000000000016 0.52952800000000011 0.68425000000000014 0.040202000000000009 -0.73864999999999992 0.58231350000000004 -0.045549999999999993 0.80035000000000012 -0.14424999999999996 2644.5000000000005 0.82298500000000008 0.69785000000000008 0.11280000000000001 0.45495000000000008 0.79175000000000006 0.1183 0.81705000000000017 0.95248350000000015 574.50000000000011 1.24075 688.50000000000011 0.73445000000000016 1.0402500000000001 0.99048750000000008 0.8951245000000001 0.045000000000000005 0.71225000000000016 0.55741750000000012 -0.46119999999999994 -0.11014999999999998
decision_type=2 2 2 2 2 2 2 2 2 2 2 2 2 2 2 2 2 2 2 2 2 2 2 2 2 2 2 2 2 2
left_child=1 2 6 7 -5 -3 -1 -4 -2 11 -11 -6 13 -9 -15 -14 17 18 -17 20 -19 22 -20 24 25 -13 -27 28 -28 -29
right_child=8 5 3 4 9 -7 -8 12 -10 10 -12 23 15 14 -16 16 -18 19 21 -21 -22 -23 -24 -25 -26 26 27 29 -30 -31
leaf_value=-0.017596632233702249 -0.0037431881522842709 -0.041501789580320698 -0.085358833166173043 -0.037053636607843624 0.091576742973945066 0.0050706514640889233 0.00071543248695808692 0.0031469631360816624 0.0070239815221044043 0.025287139504981293 -0.061371176049333648 -0.045319734541097847 0.070213818647603246 -0.085340523320349332 -0.0048230513839529936 -0.032375334934930798 0.024689260798671557 0.085066097702901355 -0.031871537073510967 -0.027948067121888215 -0.004847841499944102 0.0059685407762221226 0.031447727657399831 -0.029180878775823524 0.004165048250049562 0.020764249459816132 0.054320416427243827 -0.034054893815945141 -0.0080859770658873644 -0.0071091356918765837
leaf_weight=139.55696618524144 137.06293732088352 24.759132319799619 1.6621599794543716 17.396191334164087 1.3890289365899651 12.392463818965551 72.058118443011153 46.416520421022142 558.26500671250255 2.3460779538117986 6.9145380483860208 10.438084644511944 3.1842061978495613 4.2140147832687926 7.0713263885700144 7.951535986813723 41.18355397485675 2.1111759876730529 2.9449611018644637 16.899278791066536 3.953315988794202 65.190523034820217 35.076400975140132 13.291721465709996 176.63693814124053 21.765236396990986 7.2299653843633669 26.270566885484186 8.6158682616860442 83.252547374964252
leaf_count=17564 16691 156296 37 31617 107 7634 10346 2519 62807 1979 2071 14631 79 102 222 820 2089 114 105 816 167 3301 1595 506 13702 7733 5716 8637 5242 39207
internal_value=-5.46115e-11 -0.00395303 -0.00296172 -6.40693e-05 -0.00457765 -0.0259669 -0.0113611 0.00706225 0.00490156 -0.00300021 -0.0394172 -0.00203359 0.00771264 -0.00429207 -0.0348888 0.0115934 0.0105286 0.00618065 0.010263 -0.0135813 0.0264531 0.0135479 0.0265433 -0.00240777 -0.00134299 -0.00751744 -0.00483565 -0.00928003 0.0203881 -0.0135724
internal_weight=1557.5 862.172 825.021 613.406 375.547 37.1516 211.615 237.859 695.328 358.151 9.26062 348.89 236.197 57.7019 11.2853 178.495 175.311 134.127 111.163 22.9638 6.06449 103.212 38.0214 347.501 334.209 157.572 147.134 125.369 15.8458 109.523
internal_count=414452 334954 171024 143114 131148 163930 27910 11966 79498 99531 4050 95481 11929 2843 324 9086 9007 6918 5821 1097 281 5001 1700 95374 94868 81166 66535 58802 10958 47844
is_linear=0
shrinkage=0.05


Tree=114
num_leaves=31
num_cat=0
split_feature=10 17 21 14 0 20 21 21 6 4 6 6 6 6 18 0 17 14 17 21 17 9 10 12 6 2 14 14 7 17
split_gain=11.5017 6.51331 8.04243 8.88673 5.51205 5.05275 5.00481 6.82344 6.43229 4.69001 4.62851 4.52351 4.45962 5.07984 4.45222 5.83845 4.35209 4.06514 4.90714 4.53474 7.06466 4.36873 5.69967 5.18154 4.3428 4.0551 4.01631 5.7267 5.08465 4.99899
threshold=0.61250000000000016 0.9178495000000001 0.46691000000000005 0.68425000000000014 0.34500000000000003 0.043717000000000013 0.96008850000000001 0.94129950000000007 496.50000000000006 1.0402500000000001 2020.5000000000002 910.50000000000011 610.50000000000011 712.50000000000011 -0.85559999999999981 0.12950000000000003 0.54675800000000019 0.86395000000000011 0.99988500000000013 0.80969150000000012 0.9798285000000001 0.21500000000000005 0.48750000000000004 0.16675000000000004 460.50000000000006 0.45000000000000007 0.66415000000000013 0.68815000000000015 0.44135000000000008 0.95109350000000015
decision_type=2 2 2 2 2 2 2 2 2 2 2 2 2 2 2 2 2 2 2 2 2 2 2 2 2 2 2 2 2 2
left_child=1 25 14 5 11 -4 7 9 -8 -6 12 -5 -7 -14 -3 -16 -2 18 19 20 -11 -21 -23 -24 -20 -1 28 -28 -17 -30
right_child=16 2 3 4 6 10 8 -9 -10 17 -12 -13 13 -15 15 26 -18 -19 24 21 -22 22 23 -25 -26 -27 27 -29 29 -31
leaf_value=-0.028319476062052353 -0.048155461711829661 0.041214494249444983 -0.029168819929463092 0.00525881159537677 -0.053990573271839648 -0.03101716157755223 0.057167360025941139 0.059654315474054004 -0.031496326031797882 0.022577717263058225 -0.084343040169232164 -0.013810913155402142 0.051865667577989209 -0.0019623266291677005 -0.010576332490321305 0.0059085905869628126 0.0050696571475542084 0.051084664049213427 -0.065543568986330958 -0.034003918926888824 -0.023461925955838618 -0.06239559219536718 0.072758426294393927 -0.055610284504517264 0.028897536502503575 -0.0080264077583996445 0.040485686767880308 0.0096257456279972009 -0.088565054200959892 -0.0062574208457816102
leaf_weight=27.098660072191706 3.8621082930596904 9.1429033094100287 51.391034721325923 46.675435068849765 2.9789916591835199 9.2321196738885174 2.3951573331564786 6.7790816708002231 14.014943934086658 28.542995145689929 1.7522584518083011 93.176533466932597 5.5501096349034951 20.843498510446807 43.829089912667769 20.190536029286708 691.29050511506193 5.5907264538836889 1.2757706085558336 15.043035953334767 11.76755789472554 1.7075371345272277 3.5840138450730592 1.0069690404925493 26.54773035386097 268.87809627987303 17.43662826792297 109.07003572639451 3.2832462615333489 4.2105813813577697
leaf_count=67595 30720 1171 2085 2334 130 426 262 166 616 1053 167 6892 151 1012 3706 867 48778 252 164 435 350 53 111 16 1616 234897 769 7220 66 372
internal_value=-1.75408e-10 -0.00389055 -0.000705685 -0.00532886 -0.000682263 -0.0189954 0.00712063 0.0111402 -0.0185553 0.00778578 -0.00500794 -0.00744641 -0.00110582 0.00935675 0.00710191 0.00552688 0.00477395 0.00972159 0.0071371 -0.000729083 0.00913771 -0.0193658 0.0155952 0.0446025 0.0245672 -0.00988437 0.0101042 0.0138792 -0.00714593 -0.0423186
internal_weight=1548.15 852.995 557.019 349.856 261.086 88.769 121.235 104.824 16.4101 98.0453 37.378 139.852 35.6257 26.3936 207.163 198.02 695.153 95.0663 89.4756 61.6521 40.3106 21.3416 6.29852 4.59098 27.8235 295.977 154.191 126.507 27.6844 7.49383
internal_count=414452 334954 32462 18291 14450 3841 5224 4346 878 4180 1756 9226 1589 1163 14171 13000 79498 4050 3798 2018 1403 615 180 127 1780 302492 9294 7989 1305 438
is_linear=0
shrinkage=0.05


Tree=115
num_leaves=31
num_cat=0
split_feature=16 20 20 19 16 6 4 18 6 0 0 18 7 6 4 4 19 6 14 18 18 14 3 6 16 0 16 4 20 20
split_gain=9.23289 6.03221 5.45415 5.10074 5.86353 4.74323 5.75522 6.89488 5.68158 5.33049 5.90327 4.58315 4.8808 4.33415 4.92698 4.18691 4.72123 4.70054 4.32441 4.1068 4.07066 3.95176 4.24003 3.83366 3.57909 3.51879 3.46242 4.3408 3.98299 5.90401
threshold=-0.14584999999999998 0.50079350000000011 0.37523250000000002 -0.038749999999999993 -0.13814999999999997 382.50000000000006 0.81515000000000015 -0.24339999999999998 358.50000000000006 1.0000000180025095e-35 0.11280000000000001 -0.18919999999999998 0.47415000000000007 628.50000000000011 1.82745 1.09155 -0.10274999999999999 736.50000000000011 0.72265000000000013 -0.19879999999999998 -0.62959999999999983 0.76805000000000012 0.58605000000000007 436.50000000000006 -0.14924999999999997 0.21420000000000003 -0.052149999999999995 1.3214500000000002 0.29973250000000001 0.25039700000000004
decision_type=2 2 2 2 2 2 2 2 2 2 2 2 2 2 2 2 2 2 2 2 2 2 2 2 2 2 2 2 2 2
left_child=1 5 26 4 -4 8 7 -7 -1 15 20 19 21 -5 -15 17 -17 18 -8 -12 -11 22 25 -14 -25 -13 27 -2 29 -28
right_child=2 -3 3 13 -6 6 9 -9 -10 10 11 12 23 14 -16 16 -18 -19 -20 -21 -22 -23 -24 24 -26 -27 28 -29 -30 -31
leaf_value=-0.00016483054018291894 -0.0053007719356309808 -0.057400456111105995 0.060455407657288567 0.0015870300224425362 -0.040449740939503626 -0.068444064912353914 -0.089355369575668919 0.0088937246809714151 0.058798360346996273 -0.01586448993851906 -0.0040595803363276178 0.040677381990114725 -0.12588623675021537 -0.053568687082535871 0.045133019402661768 -0.064477669806727325 0.0097288497696111226 -0.00022785460595617179 0.065098719031592686 0.053979835287578354 -0.064201443298596589 -0.071305463673448324 0.058571491774005058 -0.00051480848418793493 -0.075146470125154546 -0.035956755885185848 0.0053438922718512189 0.0037732611580241155 0.024032886176678619 -0.030110131039873783
leaf_weight=14.02729657998225 226.54575258156001 5.9735155960602233 1.563076887679929 56.271910103388109 18.240079758410502 8.2040491270599869 3.4434692677950793 4.4424908047440104 5.7644463288261241 9.0236252119539149 104.77697910872848 1.613693104096465 0.6598620884687979 7.2082184444170689 1.5333143690695576 2.2074004217201937 73.971950045443009 6.6391690798882337 0.52185537373952673 3.1391908907862662 8.419622846928176 5.7579110274200493 1.4218531237202103 32.448790801574432 1.6901182846158906 20.878807442197285 558.48972617023992 315.13546643357813 27.641033254044942 11.994568946039179
leaf_count=1867 18811 48703 5145 8284 179009 1084 260 211 409 2406 12362 66 53 6641 1015 1904 4727 541 35 88 1621 310 62 1980 105 1128 53594 37433 16151 8447
internal_value=-1.39374e-10 -0.00763406 0.00196381 -0.0102685 -0.0324852 -0.00667216 -0.00829243 -0.0412768 0.0170085 -0.00678442 -0.0114774 -0.00867269 -0.0192205 -0.00350122 -0.0362558 0.00348107 0.00757861 -0.0259544 -0.0690285 -0.00237126 -0.0391961 -0.0341189 -0.0251654 -0.00651686 -0.00420961 -0.0304587 0.00287405 -2.17452e-05 0.00549658 0.00459846
internal_weight=1539.65 315.026 1224.62 84.8166 19.8032 309.053 289.261 12.6465 19.7917 276.614 189.83 172.387 64.471 65.0134 8.74153 86.7838 76.1794 10.6045 3.96532 107.916 17.4432 29.6723 23.9144 34.7988 34.1389 22.4925 1139.81 541.681 598.125 570.484
internal_count=414452 79922 334530 200094 184154 31219 28943 1295 2276 27648 20181 16154 3704 15940 7656 7467 6631 836 295 12450 4027 1566 1256 2138 2085 1194 134436 56244 78192 62041
is_linear=0
shrinkage=0.05


Tree=116
num_leaves=31
num_cat=0
split_feature=17 16 19 4 6 3 17 4 0 0 19 19 4 3 16 6 9 18 4 14 18 21 21 14 16 6 4 11 3 19
split_gain=10.0296 8.71928 4.71796 4.2792 4.03939 5.68817 4.36101 3.86112 3.75896 5.49317 6.869 4.26346 3.91035 6.37732 5.90311 4.27786 3.85816 5.3212 3.68095 4.15608 3.64944 3.48195 3.69097 3.30389 3.27811 4.53115 3.42538 6.73745 4.53541 4.41668
threshold=0.82656300000000005 -0.12694999999999998 -0.066249999999999989 1.2204500000000003 568.50000000000011 0.71315000000000006 0.5250180000000001 1.6441500000000002 1.0000000180025095e-35 0.076800000000000021 -0.019749999999999997 -0.10074999999999999 1.24855 0.41165000000000007 -0.13814999999999997 1990.5000000000002 0.29000000000000009 -0.46119999999999994 1.4051500000000001 0.60275000000000012 -1.0000000180025095e-35 0.4211430000000001 0.48581450000000004 0.63085000000000013 -0.0043499999999999988 238.50000000000003 1.3985500000000004 1.0000000180025095e-35 0.45895000000000002 -0.019749999999999997
decision_type=2 2 2 2 2 2 2 2 2 2 2 2 2 2 2 2 2 2 2 2 2 2 2 2 2 2 2 2 2 2
left_child=2 3 -1 21 6 18 -4 -8 11 10 23 -5 20 14 15 -14 -15 -18 19 -6 -11 -2 -23 -10 26 -26 27 -3 29 -29
right_child=1 24 4 8 5 -7 7 -9 9 12 -12 -13 13 16 -16 -17 17 -19 -20 -21 -22 22 -24 -25 25 -27 -28 28 -30 -31
leaf_value=-0.03101835834172631 0.021432749068150354 0.0032515964992310777 -0.021920274412283298 -0.059826015038809549 -0.0718600921506896 0.0023182868394048916 0.011891532105191286 -0.025508504465815103 0.080965224270332814 0.03917252866121948 -0.097831584050695808 0.0097755256808289229 -0.024150667662227059 -0.0034079380358358127 -0.089063294759954906 0.048166190082608543 -0.047469168385418911 0.038896780209225164 -0.042068584058253887 -0.010283088465772923 -0.040138021149609425 -0.069250522006162871 -0.01408903875494372 -0.024482664234465504 -0.035027289255887765 0.015066597543025813 0.0062564015690121256 -0.017411609438169592 -0.037613619899891627 0.0040203786758632775
leaf_weight=24.999243974538103 6.7022214387397971 378.90416015011988 16.730555119343535 2.2688362075095929 2.9792387835059335 30.549473463282993 52.149263657869596 7.9534465594260828 0.82054727125796301 8.7965480676721182 3.4602738479152313 72.740097886686272 24.305576703554841 88.528816055215884 3.2908456772893251 2.2328332608012706 2.1160648317090809 11.346702566212114 19.460526260381357 34.156556775234094 1.7368439265192126 3.1268784742278504 100.52692752102394 7.8429520172685443 4.7470027653271236 92.038961905811448 417.27405067927157 49.291956733861298 13.796891574820618 46.921177847849322
leaf_count=247014 363 22762 14928 1086 1244 9580 8885 2182 22 307 48 3051 1188 6467 156 116 239 520 21279 17559 78 149 5257 1184 492 8118 34355 3663 1003 1157
internal_value=-1.68173e-10 0.00151778 -0.0107848 -0.00540384 -0.00770014 -0.0150687 0.000657472 0.00694235 -0.00151311 -0.00597221 -0.0382805 0.00767025 -0.00322064 -0.00556316 -0.0258988 -0.0180662 0.000384362 0.0253219 -0.0244539 -0.0152231 0.0260951 -0.0134947 -0.0157531 -0.0144954 0.00386306 0.0126097 0.00292888 8.89338e-05 -0.0108041 -0.00695967
internal_weight=1531.8 1342.82 188.978 339.843 163.979 87.1458 76.8333 60.1027 229.487 154.478 12.1238 75.0089 142.354 131.821 29.8293 26.5384 101.992 13.4628 56.5963 37.1358 10.5334 110.356 103.654 8.6635 1002.97 96.786 906.188 488.914 110.01 96.2131
internal_count=414452 91781 322671 20231 75657 49662 25995 11067 14462 10325 1254 4137 9071 8686 1460 1304 7226 759 40082 18803 385 5769 5406 1206 71550 8610 62940 28585 5823 4820
is_linear=0
shrinkage=0.05


Tree=117
num_leaves=31
num_cat=0
split_feature=10 9 20 14 2 10 16 16 18 18 18 17 18 17 20 9 3 3 7 4 7 16 18 18 7 21 18 7 18 20
split_gain=10.6922 6.9623 7.74566 6.70432 5.23384 6.30514 5.14189 5.07514 4.96084 4.87884 4.67867 5.0257 4.77942 4.53119 5.36555 4.46565 4.33642 4.22577 7.66065 6.63159 4.05789 4.0408 3.89149 4.14522 4.09184 3.7307 3.97942 4.1514 3.71104 3.64531
threshold=0.61250000000000016 0.29000000000000009 0.17659750000000002 0.68425000000000014 0.45000000000000007 0.46250000000000008 -0.33684999999999993 -0.14424999999999996 -0.63654999999999984 -0.97319999999999995 -0.34059999999999996 0.9582210000000001 -0.19179999999999997 0.9723035000000001 0.12546300000000002 0.090000000000000011 0.82885000000000009 0.31075000000000003 0.39585000000000004 1.1261500000000002 0.40635000000000004 -0.029049999999999996 -0.69874999999999987 -0.5109999999999999 0.43245000000000006 0.82376450000000012 -0.0091999999999999981 0.52205000000000013 -0.50469999999999993 0.17411250000000003
decision_type=2 2 2 2 2 2 2 2 2 2 2 2 2 2 2 2 2 2 2 2 2 2 2 2 2 2 2 2 2 2
left_child=1 2 3 6 5 21 -1 13 9 -3 -7 -12 -13 15 -15 -2 25 18 -10 -20 -19 -5 29 24 -24 26 27 -6 -25 -17
right_child=7 8 -4 4 16 10 -8 -9 17 -11 11 12 -14 14 -16 22 -18 20 19 -21 -22 -23 23 28 -26 -27 -28 -29 -30 -31
leaf_value=-0.048558585582402135 -0.062778984029211657 0.066722794809165778 -0.011185828929097703 -0.051100864943554758 0.0047600923443451518 -0.024978359529529967 -0.0067360647615693466 0.0067355786391055071 0.021863340316908821 -0.063068376626594008 -0.027430643999890841 0.065251849561402703 0.0069621796697647417 0.0004842368528611911 0.067256813092481438 -0.0074020377438763878 0.021770624202801493 0.047835726873769885 -0.017110405634391108 -0.090210103475785508 -0.0098946178252020643 0.010202582967701497 -0.071599683911578949 0.08408418505984766 -0.012068687180826125 -0.0048877938200583421 0.020539176742734137 -0.061769742170137899 -0.011644100229801335 0.051837113239615998
leaf_weight=7.7926104506477705 4.6354328629190595 0.79046060611426483 186.97557707582155 12.443155984941766 213.94246687110899 11.122170850030669 129.16973273176973 553.50216796141058 4.3642945475262449 8.6175800715895985 5.0447394484945169 5.8899744249647474 8.7275529610924405 82.400066540293665 3.1225652835073552 7.0714729813553259 36.898517120826909 3.2535173341721011 5.9643599755245287 6.4663235730504312 47.247969317267234 3.4287515056457769 6.2075510952381538 1.0626475085246045 5.3953269775411172 92.198429797047993 43.917058404006184 2.3707583249488371 21.413227191693302 4.1040782917903016
leaf_count=852 1879 433 258403 2748 21281 4331 7714 62807 1889 8826 672 196 287 2868 95 607 3044 3624 684 401 9744 1157 2613 101 524 5079 3461 128 3947 4057
internal_value=-7.56247e-11 -0.00379848 -0.00234935 0.000534352 0.00356584 -0.0122593 -0.0091156 0.00461292 -0.0181552 -0.0521634 0.000938802 0.0155991 0.0304494 -0.00406353 0.00292221 -0.0160387 0.0054623 -0.0134008 -0.0351273 -0.0551362 -0.00617539 -0.0378577 -0.0112511 -0.0196474 -0.0439178 0.00375485 0.0068169 0.00403094 -0.00711812 0.0143528
internal_weight=1525.54 836.626 759.921 572.946 435.984 46.6563 136.962 688.915 76.7045 9.40804 30.7844 19.6623 14.6175 135.412 85.5226 49.8897 389.327 67.2965 16.795 12.4307 50.5015 15.8719 45.2543 34.0788 11.6029 352.429 260.23 216.313 22.4759 11.1756
internal_count=414452 334954 309353 50950 42384 9391 8566 79498 25601 9259 5486 1155 483 16691 2963 13728 32993 16342 2974 1085 13368 3905 11849 7185 3137 29949 24870 21409 4048 4664
is_linear=0
shrinkage=0.05


Tree=118
num_leaves=31
num_cat=0
split_feature=10 19 9 17 16 3 10 21 16 6 3 18 4 19 19 16 10 10 19 17 18 17 3 21 9 9 3 4 19 12
split_gain=9.17058 8.11638 5.35084 4.82609 6.57352 4.47361 4.98225 5.48854 4.27121 3.76942 4.22164 3.79226 3.70685 4.84538 4.22438 5.12088 3.61458 3.65111 4.14681 3.6198 5.14586 3.59359 3.55738 7.59749 3.5011 3.49938 3.49655 6.17572 5.35331 3.98895
threshold=0.61250000000000016 -0.081249999999999975 0.29000000000000009 0.81151000000000006 -0.0038499999999999997 0.68185000000000007 0.48750000000000004 0.95030850000000011 -0.14424999999999996 1294.5000000000002 0.26655000000000006 -0.61269999999999991 1.1983500000000002 -0.053949999999999991 -0.074249999999999997 -0.12694999999999998 0.16250000000000001 0.38750000000000007 -0.085749999999999979 0.91022800000000015 -0.54979999999999996 0.9723035000000001 0.44815000000000005 0.36382650000000005 0.11500000000000002 0.16500000000000001 0.31075000000000003 1.1261500000000002 -0.06214999999999999 0.11755
decision_type=2 2 2 2 2 2 2 2 2 2 2 2 2 2 2 2 2 2 2 2 2 2 2 2 2 2 2 2 2 2
left_child=1 16 3 -3 5 6 -5 12 21 10 -9 -11 13 14 15 -8 -1 -18 19 -19 -21 24 -15 -24 -2 -12 27 29 -29 -4
right_child=8 2 26 4 -6 -7 7 9 -10 11 25 -13 -14 22 -16 -17 17 18 -20 20 -22 -23 23 -25 -26 -27 -28 28 -30 -31
leaf_value=0.069832331280206092 -0.05263793151845754 -0.01050588265568295 0.007868514167493082 -0.0099164076201418514 0.019452299628945707 0.0082989420046994215 -0.078849826634996803 -0.057284891955771612 0.0062162780400852498 0.018367670117357914 0.043250456538784926 -0.068852726603289241 0.007343972791336497 0.0029380593541419361 -0.047522457256129282 0.061742539522836218 -0.04790145596138129 -0.03265091039338288 -0.054689378277866942 -0.010179828940277269 0.051044779831908631 0.0024776260888618069 0.057398892314492592 -0.081368278846640552 -0.0098326830047618542 -0.015733228812887433 -0.0090100502726572426 0.073329613930990786 -0.080915778672479288 -0.069834941613805462
leaf_weight=1.0319035698121286 5.3643865551844092 111.173746495876 7.7838621895552951 160.90434947812992 43.951392018530441 111.55211630547592 0.92975393266533535 3.2430949405616074 552.49565125119079 1.5634053584653882 4.2091345574417556 6.1431109017576082 173.02801530152101 64.890265734262357 10.657227974195846 2.1348469049698897 12.681936154987396 11.046963838840609 6.0784572709289959 16.110000073633277 4.3610477003967381 85.133440049949968 1.3829654809378542 3.4394701490236912 43.62191307566718 6.2460971405671444 54.470850944341692 0.61162929417514522 7.0059382066538083 2.0965016708296389
leaf_count=464 2319 82605 990 11675 3475 7599 75 205 62807 43 262 212 10341 2398 914 247 54322 129835 8975 6898 1140 2963 64 100 11409 312 10917 157 487 242
internal_value=-1.29654e-10 -0.00354049 -0.00226927 -0.000944343 0.000844377 -0.000641737 -0.00291479 0.00113963 0.00427329 -0.0231844 -0.0074465 -0.0511585 0.00316976 -0.00548681 -0.0326456 0.0190889 -0.0228011 -0.0247023 -0.0168768 -0.00958442 0.00286315 -0.00373071 -0.000141031 -0.041573 -0.0145202 0.0080128 -0.0152564 -0.0347014 -0.0685311 -0.00861928
internal_weight=1515.34 828.728 777.418 705.449 594.275 550.324 438.772 277.867 686.615 21.4048 13.6983 7.70652 256.463 83.4345 13.7218 3.0646 51.3103 50.2784 37.5965 31.518 20.471 134.12 69.7127 4.82244 48.9863 10.4552 71.9688 17.4979 7.61757 9.88036
internal_count=414452 334954 133320 120527 37922 34447 26848 15173 79498 1034 779 255 14139 3798 1236 322 201634 201170 146848 137873 8038 16691 2562 164 13728 574 12793 1876 644 1232
is_linear=0
shrinkage=0.05


Tree=119
num_leaves=31
num_cat=0
split_feature=10 2 3 20 17 6 16 17 6 16 3 17 16 4 17 20 17 6 6 9 16 9 9 7 16 7 16 19 19 4
split_gain=9.24758 7.02969 5.79621 6.53453 6.39684 5.09187 6.82127 5.73141 7.90562 5.71262 5.53473 5.08054 5.60692 6.82587 5.46762 5.03875 4.86181 5.49599 6.86157 5.081 5.22477 5.07469 4.48805 5.67948 5.08656 4.40732 4.26128 4.23339 5.71568 4.21883
threshold=0.58750000000000002 0.45000000000000007 0.63125000000000009 0.047809500000000012 0.73358650000000014 382.50000000000006 -0.17024999999999998 0.96182300000000009 1741.5000000000002 -0.16184999999999997 0.23435000000000003 0.73700350000000014 -0.060049999999999992 1.50065 0.81151000000000006 0.20037150000000004 0.92953700000000017 676.50000000000011 832.50000000000011 0.29000000000000009 -0.048549999999999989 0.065000000000000016 0.090000000000000011 0.43735000000000007 -0.14424999999999996 0.34885000000000005 -0.044449999999999996 -0.017249999999999998 -0.06674999999999999 1.1093500000000003
decision_type=2 2 2 2 2 2 2 2 2 2 2 2 2 2 2 2 2 2 2 2 2 2 2 2 2 2 2 2 2 2
left_child=1 27 4 -4 -3 25 10 8 9 -8 -7 -11 13 -13 -15 -12 19 -18 21 -14 -21 -19 23 -2 -24 -6 -20 28 -1 -25
right_child=22 2 3 -5 5 6 7 -9 -10 11 15 12 16 14 -16 -17 17 18 26 20 -22 -23 24 29 -26 -27 -28 -29 -30 -31
leaf_value=-0.03319299778190777 -0.019589095381453564 -0.026788232799879266 0.016734810382465458 -0.0019494720648625078 0.060896399399200662 -0.051547839541204836 0.06085085197230377 0.0042252505408291287 -0.050466466612606779 0.061710639526942425 -0.0087219731619294204 -0.03685798593947176 -0.0040420972860060736 -0.076359595213423781 0.016829658769835758 -0.062428126649607556 0.059606540852865757 0.11185923046133668 0.056652716201761148 0.057121586806113483 -0.065669455395554521 -0.066574950138574826 -0.0036216142620619919 0.055469115092466742 0.0070856886092049145 0.0077761287542074849 0.0021855299798651568 -0.038095731135978902 -0.00068544311454357459 0.001126119876725263
leaf_weight=20.24312504766749 43.878831943723299 33.005039506725325 71.781979080304609 134.43365394073066 4.6622525485036048 11.466920949686026 3.1053742155199862 160.21437651681345 10.897244325527934 2.5786757058904177 50.427572838565538 30.372082697571386 48.287719933784501 1.8013996520112403 12.469241881419292 4.7814181612011444 5.68727250194934 0.44038165927486517 5.2236117498614538 1.0044196501403346 6.3004021329907109 4.1866864893236198 137.6341068085635 4.0066971651231134 571.43133893460981 24.03316761412043 11.489079543287511 19.78662853489368 40.725972810107578 32.877785628758829
leaf_count=56612 11290 115638 4011 80147 537 861 314 6679 5355 423 3031 5820 12522 931 1572 1171 219 71 223 147 1056 185 18090 139 70054 2223 986 1159 10576 2410
internal_value=-3.70185e-11 -0.00410096 -0.00234341 0.00455437 -0.00563277 -0.00388469 -0.00545528 -0.0022793 -0.00952413 -0.0061682 -0.0199385 -0.00777108 -0.00917896 -0.0234563 0.00506627 -0.0133732 -0.00146432 0.0159312 0.00429123 -0.00992136 -0.0487856 -0.0495925 0.00373531 -0.00743251 0.00500733 0.0164068 0.0192094 -0.0180004 -0.0114787 0.0070293
internal_weight=1509.23 719.406 638.65 206.216 432.434 399.429 370.734 304.058 143.844 132.946 66.6759 129.841 127.262 44.6427 14.2706 55.209 82.6196 27.027 21.3398 55.5925 7.30482 4.62707 789.829 80.7633 709.065 28.6954 16.7127 80.7557 60.9691 36.8845
internal_count=414452 312469 244122 84158 159964 44326 41566 36503 29824 24469 5063 24155 23732 8323 2503 4202 15409 1684 1465 13725 1203 256 101983 13839 88144 2760 1209 68347 67188 2549
is_linear=0
shrinkage=0.05


Tree=120
num_leaves=31
num_cat=0
split_feature=16 10 20 4 20 4 6 3 16 20 6 19 3 18 12 16 12 7 4 7 3 12 20 10 0 19 0 0 3 16
split_gain=8.42428 6.30185 8.05699 6.76728 5.63868 5.61853 5.04969 5.05546 4.6424 4.44468 9.37971 6.93644 6.48375 4.78888 6.69288 3.97025 3.95754 6.54378 3.90038 4.26906 3.89344 4.50823 4.83982 4.36363 5.21269 3.75976 4.74164 7.03449 5.01786 5.42839
threshold=-0.14584999999999998 0.58750000000000002 0.047809500000000012 1.0184500000000003 0.50079350000000011 0.98605000000000009 2197.5000000000005 0.63385000000000014 -0.13814999999999997 0.031696000000000009 1159.5000000000002 -0.052149999999999995 0.12325000000000001 -0.53949999999999998 0.19625000000000004 -0.13104999999999997 0.082550000000000026 0.39205000000000007 2.1330500000000003 0.46435000000000004 0.25805000000000006 0.088750000000000009 0.49193300000000001 0.71250000000000002 0.29575000000000001 -0.048449999999999993 1.0000000180025095e-35 0.1183 0.45685000000000003 -0.15624999999999997
decision_type=2 2 2 2 2 2 2 2 2 2 2 2 2 2 2 2 2 2 2 2 2 2 2 2 2 2 2 2 2 2
left_child=4 2 3 5 20 16 8 -8 -4 10 -3 -11 -13 18 -15 -5 -2 -18 19 -12 21 22 23 -1 -25 -22 28 -28 -27 -30
right_child=1 9 6 15 -6 -7 7 -9 -10 11 13 12 -14 14 -16 -17 17 -19 -20 -21 25 -23 -24 24 -26 26 27 -29 29 -31
leaf_value=-0.022723032960448294 -0.030037039484622993 -0.0085385550359071642 0.032571932895551985 -0.02201550281484543 -0.057484319157557286 -0.071684050459877427 -0.064641692715401558 -0.0062223847220606596 -0.0063050403425188167 -0.0068615275368914402 0.013795867525018572 -0.015603159944496309 0.014124154914757138 -0.0059691979193733646 0.061572380362689187 0.01043030439915564 -0.047958542093929898 0.046617575664382377 -0.058302937757364594 0.044772328410199395 -0.013020278389944469 -0.043155865379995481 0.08922034908549209 0.033976713017232506 -0.058361896341448984 0.030905714045019544 -0.044583096372881326 -0.0010167541155369222 -0.013857769529689784 0.060107676440360573
leaf_weight=29.595338772989635 9.6301210639912878 140.66656213462966 7.864030533303775 9.9473984894980259 5.5301732019916008 4.3006479293107978 7.3537707609002592 7.4601496757859422 326.15413806964602 57.372304415090184 70.450350163475377 19.653236071600986 274.99663463238221 54.404120819526725 3.9329987445962606 180.72889622271441 2.6705701634236885 5.8036549467869918 1.6780729468446214 13.207936181686817 76.062517134731934 13.923699166468394 1.1887825370540657 7.8094409886462 1.9003039351664481 22.625027507143386 10.09188678376813 113.15536805150532 17.424053956507127 2.8923536744259755
leaf_count=2700 422 6310 5435 518 48703 165 6446 3287 226486 54292 1729 1115 15528 1735 189 10109 136 262 93 273 18775 1313 198 298 66 603 651 5855 658 102
internal_value=1.96439e-10 0.00188144 -0.00197728 0.00568322 -0.00746026 -0.0203112 -0.00665664 -0.0352223 -0.00538973 0.00528872 0.000639246 0.00904426 0.0121413 0.00962497 -0.00141565 0.00873764 -0.0081077 0.0168128 0.0171725 0.0186864 -0.00652777 -0.0186133 -0.0101743 -0.0131805 0.015905 -0.00381297 0.000401098 -0.00458411 0.0147093 -0.00332765
internal_weight=1500.47 1198.28 561.913 213.081 302.199 22.405 348.832 14.8139 334.018 636.362 284.34 352.022 294.65 143.673 58.3371 190.676 18.1043 8.47423 85.3364 83.6583 296.669 54.4176 40.4939 39.3051 9.70974 242.251 166.189 123.247 42.9414 20.3164
internal_count=414452 334530 253266 11612 79922 985 241654 9733 231921 81264 10329 70935 16643 4019 1924 10627 820 398 2095 2002 31219 4575 3262 3064 364 26644 7869 6506 1363 760
is_linear=0
shrinkage=0.05


Tree=121
num_leaves=31
num_cat=0
split_feature=17 21 17 6 6 4 19 11 0 0 14 12 4 6 0 9 4 6 9 12 14 12 12 12 19 7 7 7 17 12
split_gain=9.38022 7.64853 7.26079 6.73721 4.66071 4.33611 5.3312 5.69905 4.93248 8.71676 10.4807 8.32452 7.07948 6.50848 6.1209 5.98508 5.40107 4.86251 4.86212 4.8045 6.14171 4.60314 4.36944 4.30801 4.17436 5.04792 4.7813 4.23329 4.37359 3.82636
threshold=0.5250180000000001 0.48581450000000004 0.95456050000000003 628.50000000000011 1069.5000000000002 1.4466500000000002 -0.044449999999999996 0.35835000000000006 0.67320000000000013 0.34500000000000003 0.68575000000000008 0.0021500000000000004 1.3785500000000004 232.50000000000003 0.40400000000000008 0.35500000000000004 1.04715 1885.5000000000002 0.14000000000000004 0.26195000000000007 0.79505000000000015 0.072550000000000017 0.0031500000000000005 0.18985000000000005 -0.029449999999999994 0.42895000000000005 0.43205000000000005 0.43385000000000007 0.9582210000000001 0.11655000000000001
decision_type=2 2 2 2 2 2 2 2 2 2 2 2 2 2 2 2 2 2 2 2 2 2 2 2 2 2 2 2 2 2
left_child=-1 2 4 -4 -2 8 7 -7 9 11 12 -3 21 -10 15 19 -16 -9 24 -12 -21 22 -11 -6 25 -13 -27 -28 -29 -23
right_child=1 5 3 -5 23 6 -8 17 13 10 14 18 -14 -15 16 -17 -18 -19 -20 20 -22 29 -24 -25 -26 26 27 28 -30 -31
leaf_value=-0.02573363906058998 0.0026692891555556283 0.046332245099223859 -0.0059194415937879122 0.012687684818111481 -0.020242236415841441 -0.014341803520072688 0.0061642348212129867 -0.0039676449999733942 0.05902651919512969 -0.062868757451776169 0.043227247291714441 -0.017896962960052283 -0.088998565025898022 -0.021593317143776589 -0.086584682071158381 -0.10108582022628002 0.0068356578329325738 0.039518618178369103 -0.013291367127373138 -0.061222302833661119 0.029105397751581698 -0.048618865129394555 0.012392934885883578 0.0049292405056756685 0.015803376389277594 0.061813893323296711 -0.065402508591789268 -0.042049621901129208 0.021340730352436166 -0.0010768854483991439
leaf_weight=34.593237820527975 210.37485941738328 6.9168750357021045 58.425788550986908 290.67429941019691 50.495172252010889 78.011582661803459 227.0673934679794 17.403082372597058 2.607924980407005 2.0734793976253085 33.961728541148659 39.251546377758586 2.6344351449997694 62.479336817742023 1.6749646649650483 0.82805496470427797 20.277824175085698 10.19359567873107 213.44686849242225 2.6843823344152025 6.2946920087988474 8.7178985057680638 27.579916150252757 25.623709778915327 29.88367866264889 3.9134966934934736 2.1216159941641335 3.3568731164168648 14.365122982824687 8.2254048640534148
leaf_count=193877 66354 577 3693 12511 29262 29147 12630 4089 183 90 2613 15090 154 4070 186 71 1857 732 22556 173 395 663 1776 8114 1022 402 213 1092 258 602
internal_value=2.08215e-11 0.00060908 0.00473236 0.00957357 -0.00116679 -0.00256383 0.00184762 -0.0074335 -0.00553887 -0.00358962 0.00818671 -0.00791107 -0.00925703 -0.018363 0.0212536 0.0320601 -0.000292173 0.0120952 -0.00913584 0.0346276 0.00210105 -0.00474869 0.00713035 -0.0117688 0.000412693 -0.00688678 0.0113043 0.0013429 0.00933343 -0.0255388
internal_weight=1496.16 1461.57 635.594 349.1 286.494 825.972 332.676 105.608 493.296 428.209 114.953 313.256 49.2311 65.0873 65.7216 43.7689 21.9528 27.5967 306.339 42.9408 8.97907 46.5967 29.6534 76.1189 92.8923 63.0087 23.7571 19.8436 17.722 16.9433
internal_count=414452 220575 119934 16204 103730 100641 46598 33968 54043 49790 8580 41210 3285 4253 5295 3252 2043 4821 40633 3181 568 3131 1866 37376 18077 17055 1965 1563 1350 1265
is_linear=0
shrinkage=0.05


Tree=122
num_leaves=31
num_cat=0
split_feature=10 3 10 16 21 10 20 0 0 21 12 0 0 4 12 12 6 4 4 12 20 4 16 4 9 4 4 6 6 20
split_gain=8.05476 7.16428 5.8187 5.77192 5.5635 6.10172 5.39053 5.05489 6.71091 4.56514 5.43191 4.40782 4.50485 4.33966 4.19815 4.40802 4.34515 4.17883 4.6251 4.15991 4.05382 4.24711 5.15185 3.98214 3.93661 3.78289 6.60574 4.66809 5.36292 5.73896
threshold=0.5375000000000002 0.76955000000000007 0.41250000000000003 -0.049149999999999992 0.48581450000000004 0.88750000000000007 0.055659000000000007 0.60600000000000009 0.34500000000000003 0.46178150000000007 0.17745000000000002 0.71975000000000011 0.69000000000000006 1.43415 0.028750000000000001 0.038550000000000008 838.50000000000011 1.3818500000000002 1.4560500000000001 0.38955000000000006 0.52952800000000011 1.2526500000000003 -0.046749999999999993 2.1612500000000003 0.31500000000000006 1.0971500000000003 1.14205 514.50000000000011 862.50000000000011 0.031696000000000009
decision_type=2 2 2 2 2 2 2 2 2 2 2 2 2 2 2 2 2 2 2 2 2 2 2 2 2 2 2 2 2 2
left_child=1 3 6 7 9 13 -3 8 25 10 -2 12 20 -6 16 -16 -11 -10 -19 -8 21 -5 -23 -12 -24 -1 -27 -28 -29 -30
right_child=4 2 -4 11 5 -7 19 -9 17 14 23 -13 -14 -15 15 -17 -18 18 -20 -21 -22 22 24 -25 -26 26 27 28 29 -31
leaf_value=-0.030236883261006271 0.0041256744150537398 0.019523023797253208 0.028086613328708113 0.014383199289161694 -0.0048734026962813058 0.08442500589216384 -0.0024507530975946246 -0.027239580517867019 0.01178036510240376 -0.091252341037981743 0.033549683287833025 -0.021818706933021736 0.057840758136619666 0.0041548951059686137 -0.057713655485407349 0.026558122324717593 0.07393563355646704 -0.047037655844484126 -0.0013911896796473065 -0.040644939264359636 -0.039166906373569302 0.048784334460950096 -0.0037043103567042795 -0.0067662986541081457 -0.049631418040799763 0.034515535583793208 -0.042536085111633926 0.0077286379415915417 -0.0038105569995987641 -0.034289317843999224
leaf_weight=33.432030172334407 362.47030508600801 22.900722549537022 25.537365501397971 51.625189880429389 304.50302218725437 2.102076553983351 33.627491422341109 45.837144528493354 48.530525154209272 0.42549076118757767 27.642446800644393 21.035951512141764 3.6044191763648987 236.4619485477906 1.8325722584791027 10.125941864839659 6.1832500517220979 7.1097917193419553 25.285608570954082 9.0469676720449552 5.9493712935327485 4.4532801646832914 79.81911762087384 7.8684045734717065 4.9554474646747613 7.4227361874713997 12.834179276914936 28.285653316881735 31.927923312527128 29.916201473482033
leaf_count=26167 62276 1234 8391 12310 46678 44 19929 6684 12632 259 4836 2180 255 35858 201 2003 322 2011 7427 7372 30106 1461 34125 4546 2108 4384 34284 19636 1369 23364
internal_value=-3.34031e-11 -0.00492756 0.00783891 -0.00755905 0.00273762 -0.000596655 -4.62794e-05 -0.012107 -0.0090207 0.00708462 0.00595403 -0.000381167 0.00261709 -0.000927031 0.0313184 0.013644 0.0633003 0.00249737 -0.0114092 -0.0105479 0.0012612 0.0029688 -0.0036353 0.0246166 -0.00638895 -0.0155018 -0.0110392 -0.0143232 -0.0103058 -0.0185542
internal_weight=1492.75 533.137 91.1125 442.025 959.615 543.067 65.5752 270.582 224.745 416.548 397.981 171.443 150.407 540.965 18.5673 11.9585 6.60874 80.9259 32.3954 42.6745 146.802 140.853 89.2278 35.5109 84.7746 143.819 110.387 102.964 90.1298 61.8441
internal_count=414452 257429 36926 220503 157023 82580 28535 137958 131274 74443 71658 82545 80365 82536 2785 2204 581 22070 9438 27301 80110 50004 37694 9382 36233 109204 83037 78653 44369 24733
is_linear=0
shrinkage=0.05


Tree=123
num_leaves=31
num_cat=0
split_feature=17 16 10 20 16 12 21 4 6 20 6 7 7 7 6 17 12 12 20 19 21 16 21 11 10 17 20 21 7 19
split_gain=8.9803 8.24835 7.71649 6.77757 5.90203 5.69398 5.15297 6.18727 5.9616 4.98515 4.44575 4.41415 4.68714 4.44275 4.41359 9.99464 5.15901 4.60055 5.09183 4.37777 4.28019 4.63167 4.54572 4.08456 4.06889 3.93813 5.96502 3.84905 4.56383 3.78767
threshold=0.5250180000000001 -0.052149999999999995 0.41250000000000003 0.33420600000000006 -0.053349999999999995 0.16675000000000004 0.48581450000000004 1.3518500000000002 808.50000000000011 0.70026750000000015 364.50000000000006 0.46875000000000006 0.42365000000000003 0.52205000000000013 1045.5000000000002 0.96879400000000004 0.14485000000000003 0.11955 0.043717000000000013 -0.013149999999999998 0.55515050000000021 -0.13534999999999997 0.64715950000000011 0.75000000000000011 0.21250000000000005 0.89890400000000004 0.25039700000000004 0.52116950000000017 0.45715000000000006 -0.10675
decision_type=2 2 2 2 2 2 2 2 2 2 2 2 2 2 2 2 2 2 2 2 2 2 2 2 2 2 2 2 2 2
left_child=3 2 5 -1 6 10 8 20 9 -4 -2 12 24 -13 16 -16 17 18 -10 -17 21 -8 25 -24 -7 26 -22 28 -23 -9
right_child=1 -3 4 -5 -6 11 7 29 14 -11 -12 13 -14 -15 15 19 -18 -19 -20 -21 22 27 23 -25 -26 -27 -28 -29 -30 -31
leaf_value=0.026000265161573617 0.041330292433453819 0.0049491809289240402 -0.0090171317081098098 -0.035189005215161107 -0.043915291192719141 0.039341871880891527 0.018597508870439386 -0.050942267723528972 -0.014469243331401378 0.071653998197621235 -0.037525089699972917 -0.034213540992770207 0.0074416217532561795 0.02903594994287495 -0.025888840726815795 0.011110275848636331 0.071817338439972886 -0.053704883527486182 0.042625994660455337 0.051192864304301526 0.056678933744154836 -0.033240116803877638 -0.0072957357027795752 -0.046931274095474665 -0.033776748356709879 7.8069768561368736e-05 -0.034287794205215431 -0.062243217661135143 0.050495633883869122 0.0030885057995536976
leaf_weight=5.380939491701155 1.9026147980547445 622.23231910461834 42.029986340662049 28.465219820152242 7.8183706044934516 2.2013524274584624 4.4221763954919906 3.277028084380162 5.2041398430010402 2.0064801710423117 29.517317214795639 21.155556239255024 45.554687258751073 3.1957742669619611 14.666222849967196 20.825804453052118 6.6184731900630132 1.859582388763555 15.64173020236194 10.123492614686254 8.1365349315674376 9.0150995457556764 202.3552281930879 6.7157576014305951 14.022162028692035 25.452868060900073 2.3148383975703828 8.979499505801412 1.9856335746444518 318.18300316665704
leaf_count=1107 659 108405 9535 192770 1361 464 736 7433 215 249 10732 1308 6299 269 7008 712 867 438 2628 379 858 1443 17580 432 5899 1198 2779 1079 103 29507
internal_value=3.40081e-11 0.000591292 -0.00265545 -0.025461 -0.000710319 -0.0145304 -0.00023443 -0.00214614 0.00925917 -0.00534143 -0.0327501 -0.00788384 -0.000777248 -0.0259129 0.0178389 0.00810995 0.032973 0.0216501 0.0283723 0.0242213 -0.00773558 -0.027705 -0.00574639 -0.0085689 -0.0238554 0.0106892 0.036531 -0.037953 -0.0181258 0.00253771
internal_weight=1491.26 1457.41 835.181 33.8462 717.632 117.549 709.814 590.838 118.976 44.0365 31.4199 86.1295 61.7782 24.3513 74.9394 45.6155 29.3239 22.7055 20.8459 30.9493 269.378 24.4024 244.975 209.071 16.2235 35.9042 10.4514 19.9802 11.0007 321.46
internal_count=414452 220575 112170 193877 86540 25630 85179 63148 22031 9784 11391 14239 12662 1577 12247 8099 4148 3281 2843 1091 26208 3361 22847 18012 6363 4835 3637 2625 1546 36940
is_linear=0
shrinkage=0.05


Tree=124
num_leaves=31
num_cat=0
split_feature=17 21 19 14 20 20 6 4 7 10 4 4 12 21 16 19 21 16 19 14 14 20 19 7 12 10 6 4 2 14
split_gain=8.10931 9.24642 6.09268 5.1936 4.51741 4.75607 6.48858 4.99252 4.5119 4.34639 6.16495 3.98615 4.09664 3.9154 3.78213 5.56454 4.44052 5.98396 4.69105 4.56444 4.69525 4.38178 4.35455 4.27023 4.24912 4.69808 4.87646 4.17149 4.08283 4.00768
threshold=0.91022800000000015 0.48581450000000004 -0.084749999999999978 0.86215000000000008 0.21076750000000002 0.23117400000000002 574.50000000000011 1.4719500000000003 0.41705000000000009 0.6583500000000001 1.6581500000000002 1.5342500000000003 0.0031500000000000005 0.69980250000000011 -0.19564999999999996 -0.050349999999999992 0.55515050000000021 -0.038149999999999996 -0.011649999999999999 0.67385000000000017 0.6694500000000001 0.15806150000000005 -0.0063499999999999989 0.43435000000000007 0.13755000000000003 0.43750000000000006 2053.5000000000005 2.3017500000000006 0.77500000000000013 0.74755000000000016
decision_type=2 2 2 2 2 2 2 2 2 2 2 2 2 2 2 2 2 2 2 2 2 2 2 2 2 2 2 2 2 2
left_child=2 8 -1 4 14 -6 7 -7 -2 -4 11 12 -11 -12 15 27 17 -16 -19 20 21 -18 -17 -22 25 26 -21 -3 -20 -26
right_child=1 3 9 -5 5 6 -8 -9 -10 10 13 -13 -14 -15 16 22 19 18 28 24 23 -23 -24 -25 29 -27 -28 -29 -30 -31
leaf_value=-0.032712661401616883 -0.0012348810681064532 -0.030816107422150643 -0.0073874878215592354 0.027383754847383618 0.058767427944752426 0.0048359846761899181 -0.039942658254185151 0.067704505504314477 0.010473216321796951 0.084261478699888037 -0.040179940723482015 0.052966493966501695 0.006519646314188123 0.032471617830474454 -0.022032910994665044 0.0038678877099784141 -0.0030061783392829177 0.035138573940990875 -0.081206197841469263 -0.04536019335587084 -0.078255803320445599 -0.05119042120144654 -0.02197905174568459 -0.007808735981865377 -0.023837041807193062 0.0080076163908164976 0.028788768043159843 0.053780685481870052 0.0082328414932021296 2.7847403218397503e-05
leaf_weight=20.896512673407869 108.43453202678484 35.362431058038055 285.69879404926814 15.09167644723493 5.6400746736690079 10.423005458334957 5.4271305366892184 4.5304611366300369 341.23078702051293 1.7779972336029448 8.9357296260523054 6.3525269332958478 36.111764509952991 2.3401667972220812 49.278729937881508 55.124242735095322 87.908342288305903 9.5828533500607573 1.9338252527522843 8.1318174510452064 4.4472998971323232 4.9858465904690084 23.134121348892222 4.166357771919138 23.359501594203721 242.88811577248225 3.0486456613507462 1.5198449979070563 3.7510101513435075 71.250522866405845
leaf_count=215646 8081 3196 129853 1040 258 566 391 225 17708 139 3568 839 6087 770 2320 1102 3073 528 37 754 188 218 1206 83 1151 10794 219 90 228 4094
internal_value=5.92146e-11 0.0021019 -0.00650487 -0.0016161 -0.00228336 0.0181324 0.00688714 0.0238833 0.00764987 -0.00489988 0.00790148 0.016313 0.0101677 -0.025102 -0.00312676 -0.0113187 -0.0012943 -0.013559 0.0137919 0.000464178 -0.00886687 -0.00559234 -0.00377278 -0.0441811 0.00318065 0.00654886 -0.0251415 -0.02733 -0.0221919 -0.00586447
internal_weight=1482.76 1120.65 362.113 670.986 655.894 26.0207 20.3806 14.9535 449.665 341.217 55.5182 44.2423 37.8898 11.2759 629.874 115.141 514.733 64.5464 15.2677 450.186 101.508 92.8942 78.2584 8.61366 348.679 254.069 11.1805 36.8823 5.68484 94.61
internal_count=414452 57550 356902 31761 30721 1440 1182 791 25789 141256 11403 7065 6226 4338 29281 5594 23687 3113 793 20574 3562 3291 2308 271 17012 11767 973 3286 265 5245
is_linear=0
shrinkage=0.05


Tree=125
num_leaves=31
num_cat=0
split_feature=17 16 20 11 19 2 21 16 14 2 0 7 7 7 0 14 19 21 12 16 14 19 20 16 20 17 20 17 16 14
split_gain=8.09498 8.42545 7.01227 4.65353 4.48101 3.51285 3.49195 5.57478 3.70683 3.72868 3.45518 5.73258 5.12375 5.06059 4.49044 4.89346 3.7696 5.38349 4.13786 4.1944 3.55149 3.49083 3.416 3.89332 3.32586 6.54628 5.05011 5.1368 5.10243 4.11418
threshold=0.64653400000000005 -0.052149999999999995 0.28597950000000011 0.81665000000000021 -0.079749999999999974 0.77500000000000013 0.55579500000000015 -0.043449999999999996 0.61025000000000007 0.77500000000000013 0.60600000000000009 0.50155000000000005 0.47275000000000006 0.48825000000000007 0.59750000000000003 0.78485000000000016 -0.032249999999999994 0.944554 0.17745000000000002 -0.055749999999999994 0.63335000000000008 -1.0000000180025095e-35 0.16285600000000003 -0.078249999999999986 0.29973250000000001 0.91022800000000015 0.077194000000000026 0.87997250000000016 -0.015149999999999999 0.70655000000000012
decision_type=2 2 2 2 2 2 2 2 2 2 2 2 2 2 2 2 2 2 2 2 2 2 2 2 2 2 2 2 2 2
left_child=2 3 5 4 -2 -1 7 8 -4 -10 12 16 -6 14 15 -14 -12 18 19 -18 -16 -15 23 -19 25 26 27 -3 -29 -26
right_child=1 24 6 -5 10 -7 -8 -9 9 -11 11 -13 13 21 20 -17 17 22 -20 -21 -22 -23 -24 -25 29 -27 -28 28 -30 -31
leaf_value=-0.030590411275603496 -0.015888105331775901 0.060074482175542954 0.07222858622575852 -0.060206405675897037 -0.0013869408008672177 0.03219331531088284 -0.052893736917222281 -0.038633450654762064 -0.042501125910368101 0.0057817578589996754 0.015789642821534177 0.002971822153687494 -0.0043487825596413938 -0.021154159039373299 -1.0733931907806133 0.033527390180435317 -0.013358139184825285 -0.079519992538343423 -0.044910611522274227 0.053365779926710259 0.061562596782008899 0.016579401262688354 0.0074994192210260484 0.065920913496522057 0.030387241994295697 0.0066309432034072973 -0.011671313732597133 0.025675724610196578 -0.074976330471610245 0.002465689368591996
leaf_weight=2.9537102961311321 56.475704412825507 5.2451980664191051 1.5680219282120322 3.485451182860742 569.40202386314968 9.0672972411957744 9.5797958865986157 19.646244581598811 5.5337382027423709 14.41390356547231 6.6583389160441575 51.165683594203074 15.445565100360907 13.921727493587241 0.0068995389156033529 19.039051773555911 31.92704372674779 7.6934374009715603 10.040372940051382 2.5428973900707268 7.0083891583990408 10.950519881102082 1.6776378044596629 0.48940757942818791 27.978774301327576 452.89952649701763 86.701452953547687 3.6745556135938386 1.9155076044698942 24.964918733715876
leaf_count=2087 34934 743 2109 308 38503 1282 119023 67281 33321 21372 731 4182 702 658 2 1153 1657 384 366 83 307 702 75 47 6584 24775 33784 494 309 16494
internal_value=6.96971e-11 0.000781372 -0.0175703 -0.00255722 -0.00230744 0.0167666 -0.0257049 -0.0193771 -0.00179387 -0.00761255 -0.00128203 -0.00937166 0.000145543 0.0132926 0.023981 0.0165628 -0.0197202 -0.0240688 -0.0166636 -0.00843582 0.0604464 -0.00454118 -0.057496 -0.0708213 0.00525178 0.0041005 -0.00764931 0.0245339 -0.00881401 0.0172212
internal_weight=1474.07 1411.31 62.7627 807.93 804.445 12.021 50.7417 41.1619 21.5157 19.9476 747.969 112.195 635.774 66.3722 41.4999 34.4846 61.0291 54.3708 44.5103 34.4699 7.01529 24.8722 9.86048 8.18284 603.38 550.436 97.5367 10.8353 5.59006 52.9437
internal_count=414452 167977 246475 84794 84486 3369 243106 124083 56802 54693 49552 7525 42027 3524 2164 1855 3343 2612 2106 1740 309 1360 506 431 83183 60105 35330 1546 803 23078
is_linear=0
shrinkage=0.05


Tree=126
num_leaves=31
num_cat=0
split_feature=16 20 10 20 12 16 4 19 12 10 12 2 12 9 20 10 12 20 12 4 14 4 20 18 3 9 21 4 20 20
split_gain=7.45526 5.85766 4.85816 5.14792 5.53889 4.3361 5.66851 4.12427 3.97542 3.79075 5.76459 5.31212 4.17568 3.71912 4.04502 3.63505 7.14857 3.52425 3.48467 3.43978 4.90909 4.98409 8.32427 3.98654 4.24342 3.43711 3.3544 3.34139 3.31302 3.72095
threshold=-0.14584999999999998 0.50079350000000011 0.61250000000000016 0.12546300000000002 0.29705000000000004 -0.034649999999999993 0.84515000000000007 -0.032249999999999994 0.060850000000000008 0.41250000000000003 0.40355000000000008 0.45000000000000007 0.11655000000000001 0.21500000000000005 0.99866300000000019 0.41250000000000003 0.26195000000000007 0.071714500000000014 0.0031500000000000005 0.72225000000000017 0.67385000000000017 1.2526500000000003 0.12287900000000002 -0.45869999999999994 0.34415000000000007 0.19000000000000003 0.19953700000000005 0.93015000000000014 0.24009800000000001 0.17659750000000002
decision_type=2 2 2 2 2 2 2 2 2 2 2 2 2 2 2 2 2 2 2 2 2 2 2 2 2 2 2 2 2 2
left_child=1 9 3 4 19 6 -5 17 18 11 -11 -1 -13 25 -15 -8 27 -6 -7 -2 21 -21 23 24 26 -10 -23 -17 29 -18
right_child=2 -3 -4 5 7 8 15 -9 13 10 -12 12 -14 14 -16 16 28 -19 -20 20 -22 22 -24 -25 -26 -27 -28 -29 -30 -31
leaf_value=-0.062968997017649769 0.031382564291288051 -0.059323865659351716 0.0052580437755448406 -0.060637967961686946 0.0099718942822706116 -0.064648386879244554 -0.024490487345607367 0.027282841044776969 -0.0058896804530979927 -0.0042954590241032504 0.075020029530524668 -0.051674540588668466 -0.006653091786009268 -0.038442664125755185 0.067847335093584385 0.038454830692049566 0.028449893102977047 -0.037627923151198304 0.017680659993959277 -0.0053957484779605588 0.0019849398774863932 0.031855991686475758 0.092912316414668461 -0.064098998476291441 0.053023774144307347 0.032912563532156568 -0.071632546223331137 -0.013329872315391908 0.061083391287783909 -0.094827393606696758
leaf_weight=5.9534533768346583 8.3638056387835586 5.2741024614822427 542.18581182344315 6.1728514047033505 19.314601076283001 1.3394140110142405 35.833992860799981 34.721857892021944 43.595528395965175 237.08894562771093 2.3131766276483168 5.9455300618710671 38.50326836690283 12.216137762523882 0.96588103586691509 3.2782877918339173 2.4262161931801516 4.8688875891839407 31.796891989460619 56.060262822826189 276.17214042653563 1.1082602494425384 1.16143719738102 10.32765769579373 1.744690359537344 6.5668335238997306 2.6680883634689962 62.556508722499302 5.4864604000279087 0.81864241718540132
leaf_count=1533 377 48703 63116 7270 1348 1408 49322 1393 40032 23542 90 1878 4176 13258 618 3164 159 1387 24903 2881 23939 79 41 440 113 3847 177 92591 2493 174
internal_value=9.15841e-11 -0.00710331 0.0017888 -0.00119893 0.00203475 -0.00752064 -0.0140099 0.0162414 0.000320046 -0.00615295 -0.00352909 -0.0186159 -0.0126752 -0.00702068 -0.0306545 -0.0114028 -0.00511327 0.000388572 0.0143528 -0.000305398 -0.00106427 -0.0125889 -0.0362953 -0.045764 -0.0114665 -0.000810018 -0.0412613 -0.0107512 0.0373973 -0.00265162
internal_weight=1466.83 295.078 1171.75 629.565 416.512 213.054 116.573 58.9053 96.4807 289.804 239.402 50.4023 44.4488 63.3444 13.182 110.4 74.5661 24.1835 33.1363 357.606 349.243 73.0704 17.0101 15.8487 5.52104 50.1624 3.77635 65.8348 8.73132 3.24486
internal_count=414452 79922 334530 271414 32175 239239 155173 4128 84066 31219 23632 7587 6054 57755 13876 147903 98581 2735 26311 28047 27670 3731 850 809 369 43879 256 95755 2826 333
is_linear=0
shrinkage=0.05


Tree=127
num_leaves=31
num_cat=0
split_feature=16 2 9 19 20 0 16 11 4 9 9 6 3 14 14 12 3 12 4 16 16 4 16 3 6 0 14 4 9 9
split_gain=7.43899 4.87456 7.28589 6.01352 4.15019 5.79999 3.46966 5.5481 4.35272 3.64333 3.58339 3.55326 3.50007 4.6135 5.3413 7.1973 3.40403 3.40263 3.16714 3.14725 3.40686 3.25783 3.76332 3.34304 3.11348 3.0493 8.16486 6.61727 3.93721 4.48436
threshold=-0.25634999999999991 0.77500000000000013 0.35500000000000004 -0.0099499999999999988 0.50079350000000011 0.8600000000000001 -0.049149999999999992 0.81665000000000021 0.92015000000000013 1.0000000180025095e-35 0.21500000000000005 148.50000000000003 0.87465000000000015 0.76965000000000006 0.79995000000000016 0.32145000000000007 0.61055000000000015 0.012250000000000002 0.60245000000000015 -0.058249999999999989 -0.075149999999999981 0.89765000000000017 -0.17474999999999999 0.026550000000000001 2053.5000000000005 1.0000000180025095e-35 0.74965000000000015 1.3038500000000004 0.11500000000000002 0.26500000000000007
decision_type=2 2 2 2 2 2 2 2 2 2 2 2 2 2 2 2 2 2 2 2 2 2 2 2 2 2 2 2 2 2
left_child=18 2 4 -4 -2 -6 7 8 10 12 19 -11 13 -8 -15 -16 -5 25 -1 20 21 22 -3 -24 -9 26 28 -27 -10 -30
right_child=1 6 3 16 5 -7 9 24 17 11 -12 -13 -14 14 15 -17 -18 -19 -20 -21 -22 -23 23 -25 -26 27 -28 -29 29 -31
leaf_value=-0.05341751570333652 -0.0018496297306101741 0.054312694464917335 -0.00012091007132428226 -0.08920908871966543 -0.050643669776110872 0.031077112563392989 -0.030803157256858185 -0.09724439247836987 -0.072168610695249977 -0.061094313834045344 -0.032849311023824622 0.0073787440848321652 -0.090935622304872954 0.05709004720566814 -0.046623094370319182 0.036911040576262731 0.02511256225848052 0.0027597397028187179 -0.012199971562013714 -0.049952479401549052 0.045827368089860737 -0.074803573243899524 -0.067908845878447768 0.0029822073628255545 0.041567410387853491 0.0044814474289182277 0.04272580993118999 -0.048273270625390406 0.028515549293646525 -0.043802387646665969
leaf_weight=4.9648955154625574 338.87134334124016 2.7345756089407613 4.4615023771918914 5.5961396998682158 9.3151032248806569 2.8310967510024048 11.894421569851607 2.1908390578801114 3.0684111765162951 1.9032191753949508 17.172931737179624 420.41748055382641 1.3227791555641477 4.4144818889881199 5.6583708557291157 4.7375435684825788 0.73688349733129133 485.35950051312511 76.045682006813649 2.9685229748906741 4.0813878275967008 1.534188029605503 2.1025993338535027 7.9547357515389194 0.49527572168881295 11.080121687074554 7.7265422371219747 12.824073488338398 4.4675253203549783 4.1209473456196974
leaf_count=3519 115178 1355 4038 140 110870 863 2906 286 317 2265 3118 58960 410 913 1610 538 31 79013 18386 399 632 430 390 2514 19 1711 540 2356 489 256
internal_value=-8.88302e-11 0.000863192 -0.00412318 -0.0445838 -0.00287893 -0.0315958 0.00263155 3.94819e-05 0.000378986 0.00591161 -0.0158414 0.00707017 -0.0115455 -0.00761308 0.0110112 -0.00855558 -0.0759071 0.00156177 -0.0147261 -0.00217762 0.0055269 -0.00595438 0.002303 -0.0118384 -0.0716498 -0.0118703 0.0028667 -0.0238203 -0.0235532 -0.00618427
internal_weight=1463.05 1382.04 361.812 10.7945 351.018 12.1462 1020.23 569.882 567.196 450.348 38.5489 422.321 28.0276 26.7048 14.8104 10.3959 6.33302 528.647 81.0106 21.376 18.4075 14.3261 12.7919 10.0573 2.68611 43.2876 19.3834 23.9042 11.6569 8.58847
internal_count=414452 392547 231120 4209 226911 111733 161427 93825 93520 67602 8838 61225 6377 5967 3061 2148 171 84682 21905 5720 5321 4689 4259 2904 305 5669 1602 4067 1062 745
is_linear=0
shrinkage=0.05


Tree=128
num_leaves=31
num_cat=0
split_feature=16 17 3 10 7 0 21 21 12 7 21 10 9 17 12 12 4 21 3 10 9 7 21 9 21 17 3 12 7 7
split_gain=7.59756 8.24207 5.90676 4.29006 6.21419 4.47967 4.38122 5.02409 4.11037 3.62723 3.58188 6.9603 5.70765 8.91723 6.04539 5.4907 4.57788 4.47351 4.12638 3.97762 3.87162 3.40604 3.85373 3.33673 3.46937 4.60044 3.54426 3.73209 4.97339 3.40055
threshold=-0.11234999999999999 0.72634700000000008 0.23925000000000005 0.43750000000000006 0.48095000000000004 0.34500000000000003 0.28611550000000008 0.97385500000000003 0.34785000000000005 0.52205000000000013 0.92344350000000019 0.5375000000000002 0.21500000000000005 0.9723035000000001 0.031050000000000005 0.12795000000000004 0.95955000000000013 0.91331150000000016 0.35525000000000007 0.88750000000000007 0.31500000000000006 0.40835000000000005 0.90026200000000012 0.19000000000000003 0.72756050000000017 0.92171950000000014 0.65035000000000009 0.084450000000000011 0.44085000000000008 0.39785000000000004
decision_type=2 2 2 2 2 2 2 2 2 2 2 2 2 2 2 2 2 2 2 2 2 2 2 2 2 2 2 2 2 2
left_child=2 -2 -1 4 5 6 -4 -8 10 -6 12 16 13 14 -5 -15 -12 19 21 -14 -13 -16 -23 24 26 -26 27 28 -20 -29
right_child=1 -3 3 8 9 -7 7 -9 -10 -11 11 20 17 15 18 -17 -18 -19 23 -21 -22 22 -24 -25 25 -27 -28 29 -30 -31
leaf_value=-0.018595608117590645 -0.015255168133180945 0.0034772156163304529 0.049809988712517642 -0.037029574363875765 -0.049815247833903537 0.012631894688812241 -0.029727330680259741 0.0153606475314023 0.041814711646594394 0.015927563805800956 0.058854634081749582 -0.0080046182027622807 -0.010134350529840574 0.038005538181230952 0.015345557739385358 -0.0026248585154599884 -0.043873732447174615 0.042114073942959719 -0.064614068169224284 0.098509933866688437 0.020757219684436334 -0.064451449701222893 0.054619774416219027 0.050494624241076917 0.047429043470793963 -0.0052941374643462758 0.035862005082768315 0.038873365475511554 0.056924413856323589 -0.064459101337955599
leaf_weight=72.414579879352232 62.524582696528569 965.15766139777793 2.3834906645465699 10.201141611296405 14.389987419972387 21.197371907690695 29.040966696883288 7.8480459624076948 5.7362719981388173 2.4561752928275373 1.1603273853390899 58.583525027123869 81.028881694217262 33.345459160758764 3.3925538695286814 11.077306479295656 16.591544078735524 4.5158750685336591 1.3049202714623809 0.85131162479592504 14.620385096706739 4.9026726996412435 0.78886920617969725 5.1943093049690097 8.6541951444501155 7.9275618575338731 2.9593303632505004 0.93176034302678079 2.3712357680706191 5.4720346586977939
leaf_count=23782 193019 101460 1488 5449 800 6150 22200 3236 446 211 892 7406 17222 1334 3504 509 5584 591 2240 11 1146 820 44 1755 5985 600 2552 1358 422 2236
internal_value=-2.75344e-11 0.00233753 -0.00556922 -0.00294111 -0.0133736 -0.00589177 -0.0158899 -0.020135 -7.68808e-05 -0.0402299 -0.000947933 -0.00907147 0.00304777 0.0112737 -0.00235698 0.0278739 -0.037159 -0.00633282 0.00570008 -0.00900477 -0.00226026 -0.0243102 -0.0479477 0.0135304 0.00704841 0.0222227 -0.0122483 -0.0263728 0.0137821 -0.0494241
internal_weight=1459.02 1027.68 431.342 358.928 77.316 60.4699 39.2725 36.889 281.611 16.8462 275.875 90.9558 184.919 98.5234 54.1006 44.4228 17.7519 86.3961 43.8994 81.8802 73.2039 9.0841 5.69154 34.8153 29.621 16.5818 13.0393 10.08 3.67616 6.4038
internal_count=414452 294479 119973 96191 34085 33074 26924 25436 62106 1011 61660 15028 46632 28808 26965 1843 6476 17824 21516 17233 8552 4368 864 17148 15393 6585 8808 6256 2662 3594
is_linear=0
shrinkage=0.05


Tree=129
num_leaves=31
num_cat=0
split_feature=17 16 20 10 7 0 9 10 12 6 6 0 6 16 6 14 20 20 20 9 21 19 19 0 21 12 9 16 16 7
split_gain=7.78754 7.51627 5.1021 3.58188 4.84077 3.96175 3.82022 4.57928 4.41722 3.79699 4.05028 3.76879 6.84141 3.67248 4.46968 3.52346 3.37874 6.20601 5.45157 4.38911 3.37717 3.29865 5.39696 4.98503 6.18002 6.08645 3.66953 3.51623 4.53635 3.43762
threshold=0.5250180000000001 -0.11234999999999999 0.33420600000000006 0.71250000000000002 0.43385000000000007 1.0000000180025095e-35 0.21500000000000005 0.36250000000000004 0.0031500000000000005 526.50000000000011 574.50000000000011 0.60600000000000009 1012.5000000000001 -0.22924999999999998 370.50000000000006 0.80415000000000014 0.088748500000000022 0.062631000000000006 0.17411250000000003 0.26500000000000007 0.88014100000000017 -1.0000000180025095e-35 -0.027449999999999999 0.065400000000000014 0.64715950000000011 0.0021500000000000004 0.14000000000000004 -0.11584999999999999 -0.11814999999999999 0.40185000000000004
decision_type=2 2 2 2 2 2 2 2 2 2 2 2 2 2 2 2 2 2 2 2 2 2 2 2 2 2 2 2 2 2
left_child=2 3 -1 4 21 16 7 11 -8 -9 -11 12 -6 14 -10 -13 17 -5 -18 -20 -12 22 23 24 26 -25 -2 28 -27 -26
right_child=1 -3 -4 5 6 -7 8 9 13 10 20 15 -14 -15 -16 -17 18 -19 19 -21 -22 -23 -24 25 29 27 -28 -29 -30 -31
leaf_value=0.021684511353300445 -0.059337474760831926 0.0028821604541455219 -0.033894193266860752 0.01143444819785725 0.035898529220259268 -0.010802712272569376 -0.077477287426030023 0.039982219378005182 0.11683597961464623 -0.059501908134371978 0.015698131570551891 -0.077196714676582567 -0.033037350191397058 -0.003047397430109755 -0.036238346292552757 -0.0095336211779447223 -0.041121535905114505 0.067430821840447117 -0.029815165114728162 0.059808081456743115 -0.0044570902581764042 -0.035886542891439055 0.0033788591784200957 0.081192183297803297 -0.020190420807965053 -0.01191623925648958 0.027750170426173604 -0.072531924035597564 0.068502342669835334 -0.055137758265146053
leaf_weight=4.9204932208240306 1.5372419270483977 1004.1480773640017 25.678872414034231 34.586983876273734 6.5503058341337255 28.148071851564964 2.4206526711877805 8.5626503378516627 0.49346530266120581 2.3614511180348918 47.553467687498596 4.0695849420408186 7.9883655119833747 56.886316937016545 14.190949834950514 3.6493179388480712 6.674682415523419 5.774073359250905 2.2233296324420735 3.5429820807794385 36.919090041817071 15.707056911182006 40.988651001651306 1.8275288892273227 11.116274744387285 45.245346578693891 5.6749382523553322 2.268488847133546 1.8243202889434531 19.174149975322052
leaf_count=1107 2065 171050 192770 1004 548 1614 92 558 28 163 5749 174 1202 5078 1160 212 331 134 573 329 2057 471 1342 221 3327 14272 2103 682 424 3612
internal_value=8.27121e-11 0.000536996 -0.0249569 -0.00509726 -0.0073658 0.00434706 -0.00214682 0.00345142 -0.0110486 0.00821613 0.0050837 -0.0169703 -0.00197873 -0.00880188 -0.0310943 -0.0452072 0.0124232 0.0194453 -0.0103579 0.0252518 0.00688921 -0.0142464 -0.0116249 -0.0185606 -0.0324083 -0.00841073 0.00918785 -0.0117297 -0.00879939 -0.0423124
internal_weight=1452.71 1422.11 30.5994 417.96 337.01 80.9501 191.646 117.654 73.9914 95.3967 86.834 22.2576 14.5387 71.5707 14.6844 7.7189 52.8021 40.3611 12.441 5.76631 84.4726 145.364 129.657 88.6683 37.5026 51.1657 7.21218 49.3382 47.0697 30.2904
internal_count=414452 220575 193877 49525 45540 3985 17021 10663 6358 8527 7969 2136 1750 6266 1188 386 2371 1138 1233 902 7806 28519 28048 26706 11107 15599 4168 15378 14696 6939
is_linear=0
shrinkage=0.05


Tree=130
num_leaves=31
num_cat=0
split_feature=17 10 12 18 21 20 20 4 21 12 4 18 0 3 3 6 19 21 20 6 7 6 0 3 20 0 19 10 3 12
split_gain=8.06362 5.09463 6.33297 4.97623 4.80704 4.55887 4.49773 4.8911 4.46186 4.48175 4.33862 4.0612 7.10217 4.916 3.91136 4.51611 3.77277 4.23487 3.33642 10.226 7.03141 6.51112 3.42812 3.32184 3.31387 3.31153 3.31004 4.09687 3.98498 4.1064
threshold=0.5250180000000001 0.48750000000000004 0.21555000000000005 -0.77449999999999986 0.68761600000000012 0.33420600000000006 0.066756000000000024 0.78205000000000013 0.11131750000000001 0.074250000000000024 0.88575000000000015 -0.16174999999999998 0.17920000000000005 0.81785000000000008 0.61295000000000011 1024.5000000000002 -0.049049999999999989 0.72756050000000017 0.031696000000000009 772.50000000000011 0.41325000000000006 352.50000000000006 0.34500000000000003 0.50805000000000011 0.15009900000000001 0.12950000000000003 -0.055749999999999994 0.83750000000000002 0.24425000000000002 0.11545000000000001
decision_type=2 2 2 2 2 2 2 2 2 2 2 2 2 2 2 2 2 2 2 2 2 2 2 2 2 2 2 2 2 2
left_child=5 2 8 -4 6 -1 -5 -8 9 25 -11 12 14 -13 15 -6 -14 -18 19 21 -20 -10 23 -23 -15 -2 27 -3 29 -28
right_child=1 26 3 4 11 -7 7 -9 18 10 -12 13 16 24 -16 -17 17 -19 20 -21 -22 22 -24 -25 -26 -27 28 -29 -30 -31
leaf_value=0.019077531912176239 -0.059540548747614934 -0.0044244940614984341 -0.042694299795630442 0.023994915723119566 0.044531528956218272 -0.033890005966584473 0.082364781012696175 -0.00015787817152431916 0.041862084508757169 0.080262564987203605 -0.021582985702002594 -0.047727581940084612 -0.016472011334969384 0.043564256159280848 -0.042513173979605801 -0.0694541461142653 -0.055706928217249319 0.034058884363290624 0.0011442711074551655 0.0090143772085084888 -0.027566092370638048 -0.079175100065404458 -0.014834210163598916 0.0038176151697490095 -0.065589591721043727 0.035410004612486619 -0.0075257049707621801 0.037915635051081781 0.0052501439318961103 0.014355850306873173
leaf_weight=4.8294308757899698 0.99149839009078533 209.53137895758437 5.8554609227530809 39.261038175005069 3.1834118061574364 25.576175094628979 1.8513490146533502 59.586481303194887 2.23285637883055 1.1457330009234272 11.977195833581616 10.681483141771876 6.5162616086163352 2.9692153037140083 10.925668816784762 1.1952268231461856 1.4174447916084343 17.983839993772563 29.869874292473469 41.041921824391466 74.554416673781816 8.217882836586794 4.6800055456901637 1.4130108616664063 0.9079722014521393 12.434655454011589 123.79583934532548 5.8734583044924866 700.98463976805033 25.932357471333489
leaf_count=1107 1436 76049 4481 2167 337 192770 156 17347 160 130 4826 676 1444 201 2237 212 68 429 21140 2167 32966 309 324 79 92 2088 5905 260 41608 1281
internal_value=2.65238e-10 0.000546674 -0.00467914 0.00256027 0.0042537 -0.025477 0.0107761 0.00232883 -0.0109117 0.00808814 -0.0126911 -0.00752103 0.000496726 -0.0302228 -0.0265112 0.0134171 0.0164449 0.0275007 -0.0140253 -0.00436293 -0.0193537 -0.0375495 -0.0499397 -0.0669987 0.0180023 0.0283981 0.00226666 -0.00327 0.00366857 -0.0037359
internal_weight=1447.42 1417.01 350.894 162.335 156.479 30.4056 100.699 61.4378 188.559 26.5491 13.1229 55.7805 41.2219 14.5587 15.3043 4.37864 25.9175 19.4013 162.01 57.5857 104.424 16.5438 14.3109 9.63089 3.87719 13.4262 1066.12 215.405 850.713 149.728
internal_count=414452 220575 95472 29847 25366 193877 19670 17503 65625 8480 4956 5696 4727 969 2786 549 1941 497 57145 3039 54106 872 712 388 293 3524 125103 76309 48794 7186
is_linear=0
shrinkage=0.05


Tree=131
num_leaves=31
num_cat=0
split_feature=10 19 3 10 19 21 0 0 19 20 4 4 6 10 19 6 6 4 7 20 0 9 4 4 7 3 18 4 3 4
split_gain=5.53241 5.73794 4.37025 4.71988 4.79106 4.09454 6.28946 7.43037 4.32313 4.0814 3.96094 5.2846 4.0886 4.02743 3.89918 3.52893 4.44008 4.03213 3.70684 3.52465 3.42451 3.34599 4.32008 3.26135 4.69082 3.74083 5.1733 5.21967 4.88784 4.91608
threshold=0.61250000000000016 -0.081249999999999975 0.70015000000000016 0.23750000000000002 -0.06724999999999999 0.28220200000000006 0.60600000000000009 0.34500000000000003 -0.076749999999999985 0.047809500000000012 1.4084500000000004 1.4310500000000002 250.50000000000003 0.48750000000000004 -0.023449999999999995 370.50000000000006 328.50000000000006 0.97765000000000013 0.41365000000000007 0.37523250000000002 0.74975000000000014 0.16500000000000001 0.87295000000000011 1.5592500000000002 0.44035000000000007 0.34115000000000006 -0.76049999999999984 1.1710500000000004 0.39795000000000008 1.2965500000000001
decision_type=2 2 2 2 2 2 2 2 2 2 2 2 2 2 2 2 2 2 2 2 2 2 2 2 2 2 2 2 2 2
left_child=1 -1 5 4 -4 8 7 15 -3 -5 12 -12 13 -8 -14 16 -7 18 21 -19 -16 22 -17 25 -25 26 -10 -28 29 -27
right_child=-2 2 3 9 -6 6 10 -9 23 -11 11 -13 14 -15 20 17 -18 19 -20 -21 -22 -23 -24 24 -26 28 27 -29 -30 -31
leaf_value=-0.020443976075955023 0.0033740758587818757 0.056873266011113345 0.079830990754850228 0.019843401247129248 -0.038378742128653609 -0.010296089089348044 -0.084388479847792824 0.0063342925053931328 0.066099827842568223 0.0018012481871998406 0.058059599203851057 -0.011869823906008067 0.0022429330436625843 0.074533464856452458 -0.053286707079759903 0.0068113845994359342 0.047231082721078954 -0.0071082942957015859 0.001584808904028354 -0.056105115334818635 -0.023648937590877869 -0.066405402070705374 -0.066382949190623361 -0.051869278467628177 -0.0023376016086536708 0.0096178991117648396 0.0014119569649357598 -0.033789740005106532 0.0046404886764830535 0.059519905025947409
leaf_weight=43.747078757936379 658.4334989138888 3.6324181808377025 0.94689311879574134 49.581224809911419 9.0456623681793626 7.3863245579977939 0.51779798478764805 124.13468414539102 2.3931167229056873 85.223797696760357 3.0404521354939815 24.246708344747731 7.4045141229034916 1.7326100916111498 18.088651618100812 5.259842579464026 6.1443548934630599 183.24777439620539 6.5260137481127449 3.7454771242937559 21.133564762530568 7.8994217166273293 3.2687525915471269 6.3675425416940952 19.171421312173834 10.536148840388707 35.103656299041177 15.043559912437557 65.215038036149508 9.2845194984620303
leaf_count=201634 79498 2709 584 2395 1325 3185 314 17041 167 23262 274 3416 1764 322 1236 983 1279 21368 510 16947 1795 1431 725 4557 4594 1868 3523 1628 13130 988
internal_value=-2.25044e-11 -0.00285161 -0.00180498 0.00597938 -0.0271772 -0.00371372 -0.00632536 -0.00347411 0.0029236 0.00843714 -0.0193384 -0.00407799 -0.0278581 0.037967 -0.0310351 -0.00892235 0.0158273 -0.0105174 -0.0302947 -0.0080897 -0.0373174 -0.0429587 -0.0212418 0.00172219 -0.0146872 0.00476835 -0.00572072 -0.00914813 0.0112491 0.0329933
internal_weight=1437.5 779.069 735.322 144.798 9.99256 590.524 423.777 347.613 166.747 134.805 76.1643 27.2872 48.8771 2.25041 46.6267 223.478 13.5307 209.947 22.954 186.993 39.2222 16.428 8.5286 163.115 25.539 137.576 52.5403 50.1472 85.0357 19.8207
internal_count=414452 334954 133320 27566 1909 105754 72590 63469 33164 25657 9121 3690 5431 636 4795 46428 4464 41964 3649 38315 3031 3139 1708 30455 9151 21304 5318 5151 15986 2856
is_linear=0
shrinkage=0.05


Tree=132
num_leaves=31
num_cat=0
split_feature=16 17 20 3 6 6 10 12 6 18 0 0 0 14 16 16 14 14 17 20 0 9 20 12 9 12 18 12 7 7
split_gain=7.28541 6.09688 4.82736 3.68015 3.34087 4.06572 3.86234 3.94262 3.60253 3.57397 3.17812 6.64976 5.85208 5.36076 4.44893 4.26862 5.22399 5.26517 5.11754 7.28467 6.49146 4.89221 4.38984 4.35982 4.29289 4.18637 5.1376 4.14971 4.34314 4.19591
threshold=-0.14584999999999998 0.79600750000000009 0.50079350000000011 0.82885000000000009 382.50000000000006 454.50000000000006 0.41250000000000003 0.16335000000000002 958.50000000000011 -0.89919999999999989 0.40400000000000008 0.38900000000000007 0.49300000000000005 0.76885000000000014 -0.043449999999999996 -0.0087499999999999991 0.67505000000000015 0.6694500000000001 0.97609950000000012 0.21921450000000003 0.84150000000000003 0.14000000000000004 0.052494000000000006 0.20515000000000003 0.090000000000000011 0.087050000000000002 -0.17739999999999997 0.13885000000000003 0.47005000000000002 0.48315000000000002
decision_type=2 2 2 2 2 2 2 2 2 2 2 2 2 2 2 2 2 2 2 2 2 2 2 2 2 2 2 2 2 2
left_child=2 -2 4 10 -1 9 7 -7 -9 -6 11 -3 14 27 -12 16 17 18 19 20 22 -20 -14 -17 -21 26 -18 28 -13 -30
right_child=1 3 -4 -5 5 6 -8 8 -10 -11 12 13 15 -15 -16 23 25 -19 21 24 -22 -23 -24 -25 -26 -27 -28 -29 29 -31
leaf_value=0.014239601756587745 -0.0095952329309251707 0.0023579355799245418 -0.057263016840413163 0.018250363537826615 0.082939212984310728 -0.046502545101971007 -0.0034195714379114729 0.0061754842072818394 -0.027310215411481004 -0.039327825291768016 -0.0043608202016387184 0.012809275031095699 0.010611990274005322 -0.0036001404287490748 -0.05303027411120817 0.0083733088933358527 -0.023738617588524007 -0.072262543678517518 0.05398633033709449 -0.085021452368177153 0.0097372125539447896 -0.011108939587792537 -0.072234939308270837 0.058683054887567455 0.026752196928370303 -0.0078886292952561228 0.014719325580271593 0.054910285609019706 0.071607088967870894 -0.028035552211696804
leaf_weight=18.422267694120819 107.02621737632398 692.15692474444313 4.7323533226726786 37.807587219542938 0.6254253195866103 10.539447403728444 202.92192286992258 15.418708550868812 16.766076179376341 13.475168201126506 9.095174044894522 38.732959133752956 1.8556977359112412 21.242181304754467 9.7067504887199885 28.914337927875522 10.063896059815304 4.1575464255147372 4.653981233481316 0.97531095062731576 4.3141858559101811 7.5993312857217461 11.556938306530354 5.0598831752067772 7.205537721834844 66.26327797625936 63.342997687543402 10.100320663073033 6.1626342387899049 1.2751209934358483
leaf_count=2276 247943 63596 48703 4925 84 3049 20675 1591 2326 1218 591 1823 37 1230 641 2281 740 140 272 51 112 743 314 338 213 4512 3452 358 171 47
internal_value=-1.16582e-10 0.00176932 -0.00718775 0.00293633 -0.00633584 -0.00779514 -0.00629639 -0.0199601 -0.0112683 -0.0339047 0.0023599 0.00391321 -0.00273259 0.0178011 -0.0294871 -0.000403317 -0.00344054 -0.0188304 -0.0130091 -0.0256014 -0.0436127 0.0136152 -0.0607727 0.0158661 0.0134267 0.00122243 0.00944684 0.02588 0.0195293 0.0545245
internal_weight=1432.17 1149.27 282.901 1042.24 278.169 259.747 245.646 42.7242 32.1848 14.1006 1004.43 769.67 234.765 77.5132 18.8019 215.963 181.989 42.3185 38.161 25.9077 17.7268 12.2533 13.4126 33.9742 8.18085 139.67 73.4069 56.271 46.1707 7.43776
internal_count=414452 334530 79922 86587 31219 28943 27641 6966 3917 1302 81662 67225 14437 3629 1232 13205 10586 1882 1742 727 463 1015 351 2619 264 8704 4192 2399 2041 218
is_linear=0
shrinkage=0.05


Tree=133
num_leaves=31
num_cat=0
split_feature=17 16 19 18 7 3 6 17 20 19 16 19 17 7 7 20 21 7 20 19 12 19 2 3 18 20 21 7 7 18
split_gain=8.06989 7.27832 4.60808 5.02497 4.94361 4.72227 6.00251 4.92994 4.18922 3.58714 4.65207 3.41332 3.19944 3.14666 6.37276 5.16524 4.2973 5.1281 3.9864 3.83236 3.7897 4.1607 3.86596 3.89414 3.41876 3.10439 3.04408 5.31064 3.93955 4.40796
threshold=0.91022800000000015 -0.056949999999999994 -0.10074999999999999 -0.76349999999999996 0.44185000000000008 0.76955000000000007 1609.5000000000002 0.54675800000000019 0.70026750000000015 -0.040149999999999991 -0.14114999999999997 -0.096749999999999989 0.89126800000000006 0.39325000000000004 0.38405000000000006 0.33262400000000009 0.23544800000000002 0.37505000000000005 0.099738000000000007 -0.034749999999999996 0.24885000000000004 -0.032249999999999994 0.45000000000000007 0.91075000000000006 -0.38894999999999996 0.45483650000000003 0.64715950000000011 0.36435000000000006 0.43025000000000008 -0.34639999999999993
decision_type=2 2 2 2 2 2 2 2 2 2 2 2 2 2 2 2 2 2 2 2 2 2 2 2 2 2 2 2 2 2
left_child=2 -2 -1 4 9 6 7 25 26 10 -4 -10 -13 14 16 20 17 -3 19 -16 -15 -22 -23 -24 -20 -5 27 -9 29 -28
right_child=1 13 3 5 -6 -7 -8 8 11 -11 -12 12 -14 15 18 -17 -18 -19 24 -21 21 22 23 -25 -26 -27 28 -29 -30 -31
leaf_value=-0.03902406185409648 -0.001543739217193177 -0.034562808710499382 0.050577720081554069 0.0018799318512807757 -0.055480316187943093 0.0074765321945411056 -0.047751945997336107 0.034292215518755262 0.41106506439292706 0.062318427069368292 -0.021279856423441223 0.034178425512985215 -0.14071357144351174 0.0057698443725022275 -0.0094077196873834507 0.049126759898660541 0.023095544443989681 0.03022189459354372 -0.047730362102710637 -0.070919031170009056 0.0009728760274406844 -0.082605777943137504 0.044783240715694249 -0.016688907607664002 0.066786364139706497 -0.046171117718041277 -0.052626203225376061 -0.0060948122075131506 -0.0061124321811007491 -0.011192206055059039
leaf_weight=10.664915174347696 602.20417395388267 9.6429848871202939 4.1416666993541176 4.533579086904413 1.8649416379766979 47.604973941671233 9.9327926819146324 8.5602836949346948 0.058528541595478489 5.622955236412964 4.9376110525183785 7.0730153979802699 0.27154110016999755 388.06921320919855 4.0276067498634793 7.5051453315591052 17.385423581308714 4.4707682580865358 1.1040902986060248 6.8199383761084382 14.961183792518566 0.68880525423446926 21.721860081875779 2.9229620237283589 1.590722745624588 12.999644112074291 12.884118740808846 165.62836832258063 34.46901185215529 12.79203541486231
leaf_count=167857 30444 714 1219 4430 3920 21547 13669 3115 78 291 8165 1482 14 20757 429 349 1115 387 327 182 1633 29 936 142 106 59028 7178 55248 6497 3164
internal_value=1.44196e-10 0.00211902 -0.00667116 -0.00563616 0.0212076 -0.00703993 -0.00960698 -0.00814562 -0.00628879 0.0309353 0.0114992 0.0307431 0.0277124 0.00670559 -0.00587595 0.00800573 0.0064558 -0.0140412 -0.0345593 -0.0480804 0.00728527 0.02188 0.034227 0.0374924 0.0198678 -0.0337465 -0.0074587 -0.00411004 -0.0171569 -0.0319835
internal_weight=1427.15 1083.11 344.04 333.375 16.5672 316.808 269.203 259.27 241.737 14.7022 9.07928 7.40309 7.34456 480.911 45.0415 435.869 31.4992 14.1138 13.5424 10.8475 428.364 40.2948 25.3336 24.6448 2.69481 17.5332 234.334 174.189 60.1452 25.6762
internal_count=414452 57550 356902 189045 13595 175450 153903 140234 76776 9675 9384 1574 1496 27106 3260 23846 2216 1101 1044 611 23497 2740 1107 1078 433 63458 75202 58363 16839 10342
is_linear=0
shrinkage=0.05


Tree=134
num_leaves=31
num_cat=0
split_feature=16 17 4 20 21 3 3 16 0 21 19 10 21 17 2 3 10 19 21 0 3 17 17 16 9 10 7 17 19 20
split_gain=7.12165 5.47278 5.59941 4.64878 4.90426 4.53822 4.35588 4.12595 3.81823 3.77749 4.52632 6.30203 5.37333 3.94415 3.73242 3.34052 3.52884 6.05029 3.32416 3.77828 6.70614 4.94865 4.46574 4.00888 3.70165 4.07764 3.57673 3.31881 3.26668 3.25048
threshold=-0.14584999999999998 0.83804350000000005 1.6533500000000003 0.50079350000000011 0.55579500000000015 0.73075000000000012 0.23925000000000005 -0.14114999999999997 1.0000000180025095e-35 0.72756050000000017 -0.031349999999999996 0.71250000000000002 0.85307600000000006 0.9178495000000001 0.45000000000000007 0.93425000000000014 0.61250000000000016 -0.023449999999999995 0.057307000000000004 0.34500000000000003 -0.15884999999999996 0.97609950000000012 0.93339000000000005 -0.013249999999999998 0.065000000000000016 0.48750000000000004 0.42365000000000003 0.81543950000000021 -1.0000000180025095e-35 0.027212000000000004
decision_type=2 2 2 2 2 2 2 2 2 2 2 2 2 2 2 2 2 2 2 2 2 2 2 2 2 2 2 2 2 2
left_child=3 2 7 4 -1 -4 27 -2 9 -8 11 -11 -12 -14 -9 16 -16 -18 19 20 -3 22 -22 -23 -21 -26 -24 -6 -19 -27
right_child=1 18 5 -5 6 -7 8 14 -10 10 12 -13 13 -15 15 -17 17 28 -20 24 21 23 26 -25 25 29 -28 -29 -30 -31
leaf_value=0.012382788773136175 0.057619351492737995 -2.2878254777002964 -0.050709628786902175 -0.059088726038634687 -0.07218815194881191 -0.0016464061408294718 -0.029286486462300351 -0.033520267479620211 -0.010453545236292891 -0.021679941090383296 0.058550317701567316 0.020492008849583784 -0.082931811755131507 0.015227191485380777 -0.0074526096490788209 0.06128013829243642 -0.033918867756113913 0.0539160572547479 0.0022435149483744136 0.05867659001466935 0.0048846752639128618 0.072710993333693297 -0.078741470374850353 0.0099825519803420359 -0.01463567562762226 -0.0016967808477904884 -0.010134434085738952 -0.019669637698098451 0.010224894491267515 0.040735998531454258
leaf_weight=31.071387017363122 2.7184427430429414 0.0031935326405790878 12.220891892538022 4.2398723244396015 3.2900789121376866 7.671985769044567 7.4909279003868496 10.289026953704477 141.72009357839624 19.582989107660069 8.1155911632231454 16.176549340431848 1.1095619321858965 13.174158362788146 95.388329102063608 2.0409239613925356 5.0232872315373269 7.2904728461762724 906.47971658792335 6.628852958625429 9.6385142047874997 2.8191711659601451 4.0213560979536842 26.385156704105611 7.4496464634551129 6.398331359925808 3.6007318418996874 35.103176132528461 10.354281095314946 15.318231048360756
leaf_count=6620 3017 5 44626 48703 1195 22980 1589 46661 15704 2888 129 669 50 255 127966 1592 14811 859 64116 374 2608 33 612 1068 556 1051 465 2120 431 699
internal_value=-7.06489e-11 0.00175514 -0.00704499 -0.0071295 -0.00633372 -0.0317877 -0.00870001 -0.00334713 -0.00583581 0.00413264 0.00843706 -0.00260261 0.0260614 0.00760218 -0.00461823 -0.00214212 -0.00323855 0.0144944 0.00311687 0.0127407 0.00333587 0.00349335 -0.0177316 0.0160379 0.0249497 0.0172843 -0.046331 -0.0241702 0.0282772 0.0282341
internal_weight=1422.81 1141.74 152.998 281.074 276.835 19.8929 245.763 133.105 207.37 65.6498 58.1588 35.7595 22.3993 14.2837 130.386 120.097 118.056 22.668 988.743 82.2632 46.4681 46.4649 17.2606 29.2043 35.7951 29.1662 7.62209 38.3933 17.6448 21.7166
internal_count=414452 334530 262943 79922 31219 67606 24599 195337 21284 5580 3991 3557 434 305 192320 145659 144067 16101 71587 7471 4791 4786 3685 1101 2680 2306 1077 3315 1290 1750
is_linear=0
shrinkage=0.05


Tree=135
num_leaves=31
num_cat=0
split_feature=16 20 2 4 21 11 16 10 16 16 6 9 9 3 20 16 21 21 10 20 6 3 20 4 16 21 14 10 4 18
split_gain=7.56629 4.61563 4.36431 3.99629 3.92743 3.91612 4.90941 4.47474 4.46712 4.93252 4.45452 4.99937 5.43526 4.63668 4.30682 4.29176 4.08823 3.86196 3.81976 3.91549 4.33963 4.07711 4.15216 4.00435 5.82553 5.22383 3.65595 5.81375 5.56882 6.50014
threshold=-0.14584999999999998 0.50079350000000011 0.77500000000000013 2.0834500000000005 0.55579500000000015 1.0000000180025095e-35 -0.14264999999999997 0.58750000000000002 -0.12694999999999998 -0.13674999999999995 1141.5000000000002 0.090000000000000011 0.35500000000000004 0.29355000000000003 0.18780950000000005 -0.029549999999999996 0.79973250000000007 0.21081850000000002 0.6583500000000001 0.088748500000000022 2020.5000000000002 0.62085000000000012 0.083702000000000013 2.0627500000000007 -0.014649999999999998 0.73354950000000019 0.7541500000000001 0.86250000000000016 1.76285 -0.64619999999999989
decision_type=2 2 2 2 2 2 2 2 2 2 2 2 2 2 2 2 2 2 2 2 2 2 2 2 2 2 2 2 2 2
left_child=1 4 3 5 -1 7 -7 8 9 -2 11 -9 -13 -12 -10 -8 -15 -17 19 21 23 22 -4 25 -25 -21 28 -28 -20 -30
right_child=2 -3 18 -5 -6 6 15 10 14 -11 13 12 -14 16 -16 17 -18 -19 26 20 -22 -23 -24 24 -26 -27 27 -29 29 -31
leaf_value=0.010224945849398558 -0.0020652846629086162 -0.0592724332535495 0.00072403588340411943 -0.038831017754054696 -0.0087090500469437157 0.060603679329877938 -0.02940820462988248 -0.043467553879156344 0.0015481286029553792 -0.079109502094392423 0.053576245471368369 0.0080585882807757397 -0.066843953917536003 0.021094435587156277 -0.020482356448645087 -0.021270114598699635 -0.030614429399493406 0.027857607464083469 0.0071175292717699434 -0.0011185208307167935 -0.048613597803304071 0.014949907624806306 0.050085282350451246 0.053165881314428093 -0.063384673526740265 -0.025326881829245054 0.014485024739219633 0.083982938540853314 -0.076802029556581011 -0.0048715338267938373
leaf_weight=30.853051795639658 4.0857981641204333 4.2202699483123061 229.48960645919942 7.7717910046917487 243.88354733337883 2.0411804352738718 31.172675098484206 5.8932734469735797 98.647367049953573 4.2263480632634565 8.9681545470257316 56.296831314722112 2.5308395297565758 21.550482213431227 28.620923464975704 8.2909300400394859 4.6466754460952862 7.7299792877765858 191.67451412971423 205.90880237278179 5.2287174754633261 76.320283520327848 4.3409022808045838 6.2695720599135711 1.2932873399959124 24.988629783526676 80.610253273380977 3.125903809152077 4.2021251287201293 12.435007873099947
leaf_count=6620 3918 48703 9806 8465 24599 260 19983 2786 20293 4409 637 16344 811 4315 105186 5704 569 3115 8591 79230 4303 4523 221 3837 1069 17503 6062 52 1126 1412
internal_value=1.10955e-10 -0.00737988 0.00180845 -0.00345658 -0.00658275 -0.00249093 -0.0153152 0.000190548 -0.00572566 -0.0412388 0.00822091 0.00043781 0.00483619 0.0225455 -0.00340623 -0.0185988 0.0119227 0.00243368 0.00362888 0.00118901 -0.00355384 0.00491553 0.00164039 -0.00256581 0.0332351 -0.00373845 0.00825585 0.0170794 0.004709 -0.0230394
internal_weight=1417.32 278.957 1138.36 292.473 274.737 284.701 49.2348 235.467 135.58 8.31215 99.8863 64.7209 58.8277 35.1653 127.268 47.1936 26.1972 16.0209 845.888 553.84 243.689 310.151 233.831 238.46 7.56286 230.897 292.048 83.7362 208.312 16.6371
internal_count=414452 79922 334530 196795 31219 188330 29062 159268 133806 8327 25462 19941 17155 5521 125479 28802 4884 8819 137735 120492 105942 14550 10027 101639 4906 96733 17243 6114 11129 2538
is_linear=0
shrinkage=0.05


Tree=136
num_leaves=31
num_cat=0
split_feature=17 21 6 17 6 21 20 19 6 11 12 21 9 13 0 9 17 14 20 19 0 7 20 9 19 18 7 20 17 12
split_gain=5.98914 4.91426 4.72364 4.04256 7.44663 4.40268 4.35926 4.26167 3.94581 3.8613 5.4359 5.76413 3.72254 5.87036 4.82906 4.45094 4.66999 7.41021 4.28975 4.26312 5.45649 3.70336 4.6485 3.58631 7.06794 5.36582 4.18491 4.1937 3.92819 3.52067
threshold=0.83804350000000005 0.5009880000000001 694.50000000000011 0.96879400000000004 1069.5000000000002 0.42888750000000003 0.15009900000000001 -0.068749999999999992 844.50000000000011 1.0000000180025095e-35 0.028750000000000001 0.28611550000000008 0.21500000000000005 1.0000000180025095e-35 0.40400000000000008 0.16500000000000001 0.87234800000000012 0.5061500000000001 0.99866300000000019 -0.037949999999999991 0.69000000000000006 0.43105000000000004 0.055659000000000007 0.26500000000000007 -0.0081499999999999993 -0.86819999999999986 0.47905000000000003 0.13136350000000002 0.9582210000000001 0.18135000000000004
decision_type=2 2 2 2 2 2 2 2 2 2 2 2 2 2 2 2 2 2 2 2 2 2 2 2 2 2 2 2 2 2
left_child=-1 2 12 4 5 8 9 -6 -4 -5 11 21 13 15 -14 18 17 -17 19 -2 -21 -11 -23 25 -25 -9 28 -28 -27 -12
right_child=1 -3 3 6 7 -7 -8 23 -10 10 29 -13 14 -15 -16 16 -18 -19 -20 20 -22 22 -24 24 -26 26 27 -29 -30 -31
leaf_value=-0.0084293165557978982 -0.032432865269522312 -0.0015959627353525005 -0.010035805634459775 0.01476473182599569 -0.044763795542810736 0.038422834154562609 0.067615861387623155 0.071282838775137455 0.016710571645892885 0.033857733522394483 -0.011965486255642251 0.057330617974545729 -0.0032026669771108118 -0.017584323529002282 -0.032034535244194549 -3.0300922532231471 0.041451080491704553 -0.031200563806911281 -0.13395120978870353 0.022790248621218472 -0.031360883092212209 -0.061095523640809668 0.063457195831770605 0.033701656285003191 -0.037672653714185128 -0.016520543950106381 0.020806833292831475 -0.041881046718560494 -0.059583575350627777 0.034583308308908142
leaf_weight=183.36798371294526 6.2185332116223391 677.27859512940995 21.735705923112619 174.1011337914706 7.657747091159762 13.647230822874915 3.4352253112447206 1.8731012387142971 37.718733449768479 3.6624175226606877 44.602915064031549 7.6048747516033464 59.077749703988502 20.919636798390002 19.256925248407697 0.0020617346745014356 17.443666890014811 2.332561402425199 0.56080898561049153 25.488567198648532 5.690584204363403 3.4614989444962703 0.95600152271799732 12.685914929650609 4.7737984266132107 30.428858688595938 12.072950851390486 3.4247043406794537 6.4115427880315101 4.4690947940616743
leaf_count=327284 2555 41913 3095 7430 8579 1215 119 95 4421 132 1551 205 3311 1752 1431 2 927 304 28 778 257 124 12 1153 179 4232 520 250 344 254
internal_value=-6.89349e-12 0.00125767 0.00476076 0.00767847 0.00129897 0.0128114 0.0116919 -0.00930975 0.00693247 0.0108876 0.000463842 0.0260875 -0.00257526 0.00510829 -0.0102904 0.0133305 0.0325627 -0.0338489 0.00330949 0.00536782 0.012907 -0.00331882 -0.0341408 -0.00552162 0.0141866 -0.011869 -0.0148449 0.00695393 -0.024015 -0.00772619
internal_weight=1412.36 1228.99 551.715 394.723 152.43 73.1017 242.293 79.3286 59.4544 238.858 64.7568 15.6848 156.991 78.6564 78.3347 57.7368 19.7783 2.33462 37.9585 37.3977 31.1792 8.07992 4.4175 71.6709 17.4597 54.2112 52.3381 15.4977 36.8404 49.072
internal_count=414452 87168 45255 33910 24083 8731 9827 15352 7516 9708 2278 473 11345 6603 4742 4851 1233 306 3618 3590 1035 268 136 6773 1332 5441 5346 770 4576 1805
is_linear=0
shrinkage=0.05


Tree=137
num_leaves=31
num_cat=0
split_feature=16 17 21 16 4 14 10 10 4 17 6 16 14 7 16 3 2 12 16 4 6 6 6 3 16 6 14 12 18 16
split_gain=7.0241 4.73688 4.82655 4.58325 5.32165 3.80638 5.04631 3.65066 3.88867 3.54365 4.27745 3.91564 3.63679 3.44332 3.44154 3.42145 3.40053 2.97469 2.94781 4.20189 3.04991 2.79516 3.85171 3.45817 2.96407 2.76286 3.97151 3.38229 2.85623 2.67697
threshold=-0.14584999999999998 0.79600750000000009 0.30019750000000006 -0.13394999999999999 1.4814500000000004 0.80875000000000008 0.63750000000000007 0.41250000000000003 0.60245000000000015 0.59311000000000014 250.50000000000003 -0.037649999999999996 0.53860000000000008 0.49795000000000006 -0.13244999999999998 0.82885000000000009 0.45000000000000007 0.027950000000000006 -0.020549999999999995 1.4782500000000003 766.50000000000011 292.50000000000006 568.50000000000011 0.42695000000000005 -0.051549999999999992 244.50000000000003 0.78765000000000007 0.010050000000000002 -0.77449999999999986 -0.0043499999999999988
decision_type=2 2 2 2 2 2 2 2 2 2 2 2 2 2 2 2 2 2 2 2 2 2 2 2 2 2 2 2 2 2
left_child=7 2 3 -2 9 6 -4 16 17 11 -11 12 -5 -6 -8 29 -1 -9 21 20 -20 -12 24 -24 -23 26 -17 -27 -29 -3
right_child=1 15 5 4 13 -7 14 8 -10 10 18 -13 -14 -15 -16 25 -18 -19 19 -21 -22 22 23 -25 -26 27 -28 28 -30 -31
leaf_value=-0.057739785582661345 0.089790627611149865 0.0013923940727575109 -0.043451924402729339 0.18299417480518662 -0.036720030429861918 -0.0015122700389387908 0.064140639843416683 0.05329733057652189 -0.0036356466372881174 0.071012283586319308 -0.08008400980866559 -0.037824940784885484 0.0095605900193598842 0.022096508660390146 -0.014929134727212447 0.28209366347554271 -0.014990402402446 -0.072353081450972662 0.0034329395548080011 0.095713955152578009 -0.050284462969297151 -0.043012512331531805 -0.063196384328210745 0.032454942796783279 0.083925491810618966 -1.3651360695123673 -0.10362937631384 -0.061270905006923962 0.022343163859712523 0.010384268213908804
leaf_weight=5.2116051096124911 1.4259422745935797 896.82501908107065 21.887220400713094 0.32739544268315324 12.898179207740666 16.924823779476696 1.8039897235057649 0.54970390544303827 225.42318847919137 3.3717733851635812 0.52665937913753147 7.0463067105245045 3.9383585700604726 3.0832206608829429 5.8028605151073398 0.07291669468395312 43.312779449873346 3.291395759727834 10.716537402948228 1.0103384729054603 3.5071561180770905 0.51589875669560559 1.294766046985387 3.4973749013802262 4.2352083766781998 0.0044082440435876382 0.78697372566421109 1.0517695990256459 35.314309445023355 91.187975656772778
leaf_count=4029 642 72582 108114 59 48230 33148 1118 732 54232 505 108 18779 8131 764 13899 2 17506 3423 3579 72 4574 444 2230 2649 898 4 47 862 4010 9080
internal_value=-8.95008e-11 0.00175243 -0.00842512 0.00127038 -0.000984877 -0.0204132 -0.0312593 -0.00712267 -0.00448567 0.00876194 0.0181105 -0.0149364 0.0228716 -0.0253728 0.00382252 0.00278299 -0.0195818 -0.0543711 0.0110613 -0.00281362 -0.00981224 0.0320517 0.0382401 0.00661136 0.0701419 0.0176627 -0.070921 0.019757 0.0199249 0.00222229
internal_weight=1406.85 1129.06 103.814 57.3951 55.9692 46.4189 29.4941 277.789 229.264 39.9878 28.6757 11.3121 4.26575 15.9814 7.60685 1025.24 48.5244 3.8411 25.3039 15.234 14.2237 10.0699 9.54325 4.79214 4.75111 37.2304 0.85989 36.3705 36.3661 988.013
internal_count=414452 334530 247943 91664 91022 156279 123131 79922 58387 42028 15059 26969 8190 48994 15017 86587 21535 4155 14554 8225 8153 6329 6221 4879 1342 4925 49 4876 4872 81662
is_linear=0
shrinkage=0.05


Tree=138
num_leaves=31
num_cat=0
split_feature=16 20 17 16 20 21 19 18 4 6 7 7 20 6 16 20 11 18 14 19 21 11 20 4 6 0 6 17 18 0
split_gain=7.12911 4.53201 4.50011 6.50311 3.75248 4.31216 3.40989 8.06078 7.53971 5.10134 4.6239 3.83061 3.20627 4.00302 3.1792 3.57169 6.18974 5.69441 5.20754 5.54871 9.6877 4.4189 4.19006 4.67375 4.45597 4.76762 4.088 5.21463 4.06235 3.91899
threshold=-0.14584999999999998 0.50079350000000011 0.91022800000000015 -0.13814999999999997 0.077194000000000026 0.53365700000000016 -0.057549999999999997 -0.59894999999999998 1.6095500000000003 1375.5000000000002 0.40385000000000004 0.46875000000000006 0.49193300000000001 274.50000000000006 -0.056949999999999994 0.031696000000000009 1.0000000180025095e-35 -0.66139999999999988 0.68065000000000009 -0.037949999999999991 0.29964800000000008 1.0000000180025095e-35 0.21076750000000002 1.6177500000000002 406.50000000000006 0.60600000000000009 1096.5000000000002 0.96182300000000009 -0.76049999999999984 0.33800000000000008
decision_type=2 2 2 2 2 2 2 2 2 2 2 2 2 2 2 2 2 2 2 2 2 2 2 2 2 2 2 2 2 2
left_child=1 12 3 -2 5 -5 11 8 10 -9 -8 -6 -1 -14 -4 16 -16 -18 22 20 29 -22 23 28 -24 -26 -23 -28 -17 -20
right_child=2 -3 14 4 6 -7 7 9 -10 -11 -12 -13 13 -15 15 18 17 -19 19 -21 21 26 24 -25 25 -27 27 -29 -30 -31
leaf_value=-0.0070437227843964979 0.040186115672461754 -0.058891701288482791 0.00013769935857517934 0.034048788897959349 -0.027635856344542964 -0.018602261481226009 -0.013194860419475452 -0.0056001822669578044 -0.060923581277999517 -0.036987204798643335 0.046264451330831721 0.042477993163369435 -0.072791993704314148 0.060823485946555414 0.0069724196244740563 0.036149062529419691 0.0060975971543263258 -0.024142717670686487 -0.041177264966007696 0.020197507674972314 0.0055038694138159552 0.081205774934061767 -0.0087969074063846599 -0.088841254089785382 0.070418200256852123 -0.026895492931132244 -0.075241690765401228 0.048763646156140414 -0.0082251561263585148 0.0092123707228309558
leaf_weight=269.55465116614903 8.1475767301529327 4.1724554663802556 377.76859775296657 12.027514653240816 27.529538462542522 5.7470242236740878 4.1255558480133976 181.57181513604684 2.3417324695037669 13.939498338565498 15.76131979555066 2.0963958990860183 0.67503340706161852 3.3051790911990793 157.65028274246492 5.7045221883381521 26.796211256223614 37.149695183570429 13.828336743896218 132.1681130775869 18.547518313018376 4.5779366488204669 5.6576542470120312 1.6676405039470399 5.9631836092157755 1.5953381160070419 1.1990605051396412 2.8938008149852976 53.80579016426055 5.3520250872679744
leaf_count=29925 6873 48703 19172 1815 215261 798 1445 45223 2347 6432 4100 3958 220 1074 8166 431 780 1650 4643 3633 3256 340 287 110 274 34 270 206 2265 761
internal_value=1.69226e-11 -0.0071748 0.00177014 -0.00381301 -0.00516507 0.0170252 -0.00675956 -0.00459416 0.023937 -0.007838 0.0339295 -0.0226744 -0.00638592 0.0381627 0.00356031 0.00628486 0.00165031 -0.0114707 0.0103448 0.0149753 9.96301e-05 0.0192786 -0.000769735 -0.006285 0.0247605 0.0498787 0.0487438 0.0124346 -0.00397155 -0.0271167
internal_weight=1403.32 277.707 1125.61 273.288 265.14 17.7745 247.366 217.74 22.2286 195.511 19.8869 29.6259 273.535 3.98021 852.326 474.557 221.596 63.9459 252.961 178.567 46.3987 27.2183 74.3941 61.178 13.2162 7.55852 8.6708 4.09286 59.5103 19.1804
internal_count=414452 79922 334530 288252 281379 2613 278766 59547 7892 51655 5545 219219 31219 1294 46278 27106 10596 2430 16510 13109 9476 4072 3401 2806 595 308 816 476 2696 5404
is_linear=0
shrinkage=0.05


Tree=139
num_leaves=31
num_cat=0
split_feature=16 2 17 20 4 6 10 2 6 4 16 10 0 4 16 20 20 0 0 0 21 17 4 6 17 16 21 21 21 21
split_gain=7.33067 4.3534 5.7992 4.19886 3.86251 3.54276 4.04907 3.78442 3.50449 3.42251 3.30644 3.25707 4.11241 4.72327 4.63105 3.83567 4.00301 3.80727 4.1378 5.3778 4.29332 4.1894 3.67491 4.20617 3.89575 3.81617 3.55775 7.29105 3.48505 8.28664
threshold=-0.14584999999999998 0.77500000000000013 0.72984300000000013 0.50079350000000011 2.0834500000000005 382.50000000000006 0.41250000000000003 0.45000000000000007 388.50000000000006 0.60245000000000015 -0.20204999999999998 0.6583500000000001 0.12950000000000003 2.0627500000000007 -0.014649999999999998 0.13136350000000002 0.12287900000000002 0.40400000000000008 0.59750000000000003 0.65620000000000012 0.38477600000000006 0.55031950000000007 1.4051500000000001 256.50000000000006 0.96513150000000014 -0.091549999999999979 0.27248900000000004 0.22241250000000004 0.61556300000000008 0.6411650000000001
decision_type=2 2 2 2 2 2 2 2 2 2 2 2 2 2 2 2 2 2 2 2 2 2 2 2 2 2 2 2 2 2
left_child=3 2 -2 5 -4 -1 7 -7 -8 10 -10 12 15 17 -15 16 -3 28 -19 26 21 -21 23 -22 -25 -26 27 -20 -14 -30
right_child=1 11 4 -5 -6 6 8 -9 9 -11 -12 -13 13 14 -16 -17 -18 18 19 20 22 -23 -24 24 25 -27 -28 -29 29 -31
leaf_value=0.014298096094273112 -0.032248836662757782 -0.0031488793134707006 -0.00075398247986362891 -0.057565218620743923 -0.037428825149261401 -0.061922243126768452 -0.089009531380402115 -0.016464158532564287 -0.082381628747465088 -0.0039393563810746195 0.078017468553158942 0.0078994629474677513 0.011207979408506147 0.057503666341615668 -0.024124783212245506 -0.020049969257273502 0.042057934398720097 -0.02111208337859373 0.019477139891478746 -0.042562844399862867 0.042937387083009239 0.010149074457224808 -0.00087259679163285509 -0.057635835608676182 0.038292157792682746 -0.033515319772958817 0.031772210605974342 -0.067171272468048424 -0.059487171626836144 0.0030023320546349688
leaf_weight=19.048827875472625 16.566527625653521 120.12322430528741 260.44636331969787 4.0860514616024366 7.3826512717660071 5.1805112967099367 1.238956558670451 39.395171148417376 2.3457659290015731 207.37452131122882 0.37227889371933898 290.36014493997232 162.86602104985968 7.4719434754829308 2.2640299001220665 34.899830561708768 5.1049802027773685 26.305079695806626 9.7693682306125975 4.1711057720062845 1.7580025743720877 39.14180915295151 18.05009975127814 11.111748940551935 2.5534962490442012 6.7181806596827283 19.329361820399754 3.230611945347845 5.7665545322392964 66.316073989763026
leaf_count=2276 136121 5448 58257 48703 2417 1467 82 5739 128 21473 54 17243 35171 2114 566 46892 498 3889 737 714 247 3099 2194 1093 270 636 1679 104 1244 13897
internal_value=1.50952e-10 0.00180408 -0.00354066 -0.00725215 -0.00176492 -0.00650446 -0.00805293 -0.0217472 -0.00516442 -0.00466997 -0.0604125 0.00361944 0.00134731 0.00413678 0.0385216 -0.00539124 -0.001306 0.003249 -0.0032103 0.000855071 -0.00584838 0.00507283 -0.0176178 -0.0312687 -0.0376687 -0.0137389 0.0181696 -0.00205577 0.00715674 -0.00199678
internal_weight=1400.75 1121.71 284.396 279.042 267.829 274.956 255.907 44.5757 211.332 210.093 2.71804 837.312 546.952 386.823 9.73597 160.128 125.228 377.088 142.139 115.834 83.5044 43.3129 40.1915 22.1414 20.3834 9.27168 32.3293 13 234.949 72.0826
internal_count=414452 334530 196795 79922 60674 31219 28943 7206 21737 21655 182 137735 120492 67654 2680 52838 5946 64974 14662 10773 8253 3813 4440 2246 1999 906 2520 841 50312 15141
is_linear=0
shrinkage=0.05


Tree=140
num_leaves=31
num_cat=0
split_feature=16 17 11 16 18 18 7 16 13 16 18 4 21 12 7 21 14 21 16 14 9 7 21 4 0 21 9 20 21 16
split_gain=6.43438 8.98466 3.64528 3.74143 2.91453 5.28881 3.80595 5.81636 7.40982 5.25408 4.00967 4.25941 3.72609 6.54227 3.4005 4.06766 4.1395 3.95387 3.76689 3.69506 3.34478 3.26006 3.41263 3.24954 4.00671 4.06312 7.52482 7.73266 6.10356 4.51884
threshold=-0.060049999999999992 0.59311000000000014 0.81665000000000021 -0.25634999999999991 -0.049499999999999995 -0.052149999999999995 0.44135000000000008 -0.072149999999999978 1.0000000180025095e-35 -0.075949999999999976 -0.061999999999999993 2.1072500000000005 0.46691000000000005 0.0056500000000000014 0.47135000000000005 0.94129950000000007 0.71835000000000016 0.83087750000000005 -0.14584999999999998 0.72095000000000009 0.16500000000000001 0.44035000000000007 0.99841250000000004 1.1616500000000001 0.51340000000000019 0.91683150000000013 0.26500000000000007 0.19245050000000002 0.90928700000000007 -0.063849999999999976
decision_type=2 2 2 2 2 2 2 2 2 2 2 2 2 2 2 2 2 2 2 2 2 2 2 2 2 2 2 2 2 2
left_child=2 -2 3 -1 5 6 21 9 12 14 11 -10 20 -14 15 16 -8 19 -16 -18 -9 23 -23 -5 25 26 27 -25 29 -28
right_child=1 -3 -4 4 -6 -7 7 8 10 -11 -12 -13 13 -15 18 -17 17 -19 -20 -21 -22 22 -24 24 -26 -27 28 -29 -30 -31
leaf_value=-0.013414674658149328 -0.031181635286695195 0.0045626820484854129 -0.057240596813254163 -0.011170050796219553 -0.0091785167915495319 0.048299255396192342 0.013316613520012281 -0.046050081686624507 0.02730253636734575 0.040792496453730225 -0.11284663640383177 -0.096077744742773113 0.065131172946258933 -0.054562482035236365 -0.0013829778662211455 0.018450889151164631 -0.066315784978965994 -0.022819289525852576 0.026176221070829054 0.0020830060936613986 0.034624251521295057 -0.053602607875242382 0.056762526296770491 0.015991786027920028 0.077623481130081648 -0.015068944236675229 -0.02413457937117329 -0.017333979723764624 0.086510838908581897 0.043358465030268037
leaf_weight=76.98804074626446 18.075409834661173 641.90070389790503 3.1093602700279908 98.292284085722372 110.19522969651689 5.5496216277258545 29.192129810672441 2.1231740930711593 12.015445507699038 10.946335408536923 0.59334688074886699 0.74275902018416751 1.2370660226611132 14.798436154397448 19.674315715628381 27.501968559125089 2.0507826258758532 30.819401936392069 33.530669059475258 53.10740153285883 3.2537686288023906 5.6088601969101992 0.80038331456307776 91.052479228218544 1.6481852740305374 39.003681062440705 35.671154164580003 21.520401492497854 1.4092036543131587 2.6652869321317203
leaf_count=21831 87786 104598 669 45845 12356 701 1860 755 365 1404 9 13 69 3006 1409 1252 110 2450 3138 11994 933 1216 29 11364 1399 14634 12542 69804 176 735
internal_value=-4.36326e-11 0.00358372 -0.00321747 -0.00298799 -0.00176246 -0.000262456 -0.000762214 0.00390046 -0.0150227 0.00708117 0.0142105 0.0201196 -0.0332508 -0.0453287 0.00519725 0.00117419 -0.00295141 -0.00847492 0.0159853 -0.000460063 0.00276867 -0.00454638 -0.0398203 -0.00377018 -9.48411e-07 -0.00066966 0.00301751 0.00962095 -0.0156856 -0.0194422
internal_weight=1395.08 659.976 735.101 731.992 655.004 544.809 539.259 241.587 34.764 206.823 13.3516 12.7582 21.4124 16.0355 195.877 142.672 115.17 85.9776 53.205 55.1582 5.37694 297.672 6.40924 291.263 192.97 191.322 152.319 112.573 39.7456 38.3364
internal_count=414452 192384 222068 221399 199568 187212 186511 28767 5150 23617 387 378 4763 3075 22213 17666 16414 14554 4547 12104 1688 157744 1245 156499 110654 109255 94621 81168 13453 13277
is_linear=0
shrinkage=0.05


Tree=141
num_leaves=31
num_cat=0
split_feature=10 3 20 21 17 12 20 18 4 12 12 0 4 20 0 18 17 11 0 10 12 18 11 17 3 2 6 18 18 18
split_gain=5.34986 5.59307 4.51445 3.52494 6.07005 3.31436 3.65192 3.65483 4.99523 3.20265 3.29765 3.74904 3.13212 4.86815 6.73835 4.79863 4.4204 3.41969 3.15803 3.10341 3.09249 3.38878 3.77049 3.08 3.77795 3.0331 3.02152 3.0148 3.13526 3.19472
threshold=0.48750000000000004 0.70015000000000016 0.047809500000000012 0.48581450000000004 0.80006550000000021 0.16335000000000002 0.077194000000000026 -0.59894999999999998 1.0853500000000003 0.014350000000000002 0.42235000000000006 0.78250000000000008 1.43415 0.18159550000000005 0.05340000000000001 -0.62649999999999995 0.83804350000000005 0.70000000000000007 0.34500000000000003 0.21250000000000005 0.15585000000000002 -0.68089999999999995 0.70000000000000007 0.54675800000000019 0.098850000000000007 0.45000000000000007 184.50000000000003 -0.73169999999999991 -0.6208499999999999 -0.63654999999999984
decision_type=2 2 2 2 2 2 2 2 2 2 2 2 2 2 2 2 2 2 2 2 2 2 2 2 2 2 2 2 2 2
left_child=1 -1 19 5 9 23 7 8 -7 -5 11 -11 26 15 -15 20 -16 -17 -19 -3 -14 22 -22 24 -2 -21 -6 -4 29 -29
right_child=3 2 27 4 12 6 -8 -9 -10 10 -12 -13 13 14 16 17 -18 18 -20 25 21 -23 -24 -25 -26 -27 -28 28 -30 -31
leaf_value=-0.0098512849725883797 0.099788921577615639 -0.05277494816986094 -0.056074732188936952 0.017761133825213566 0.059564008028175297 0.054804466287408107 0.0038827972374296869 0.044606965700614759 -0.028408245675875035 -0.051426677279124838 0.087052288395257471 0.021661973756439815 0.016776357598753757 -0.027026183057825677 -0.029642298539390446 -0.0014631977901421237 0.045941914335254852 -0.060562662435628127 0.03051234562167195 -0.036710479283592161 0.022956532753635097 -0.068646566014913549 -0.087172762750362565 0.0040754302536637858 -0.05122314800009356 0.023477125475753171 -0.003477269450216309 -0.0021969044496758607 -0.0048970870785727191 0.069172592673033578
leaf_weight=231.8309183590228 0.45874595311681687 1.5231943467588269 2.6405024780428894 3.1176012377777651 1.9120934249235677 2.8872058490233057 24.676523214128792 16.379159040472359 4.8048924847207672 13.356484912852574 0.51290605749090978 2.0198608582259121 60.888692281525437 4.9717850480883525 2.1645546477266207 146.56162986204049 18.189763845048219 4.4481559999221636 1.210945734157576 2.2217132907753685 4.5863389262995042 2.2376178896374759 0.93577461547829432 404.14953169530008 4.2617735543583422 36.188786120001623 319.17727390691107 3.265633175600442 65.903576127580095 3.016280473510732
leaf_count=139428 655 105 12254 8599 181 68 14598 1101 472 71613 22 539 3976 1438 701 8180 1249 264 95 298 697 250 75 54384 33678 2031 16677 7357 32050 1417
internal_value=1.54965e-10 -0.00538244 0.00364528 0.00178703 -0.000779867 0.0050757 0.0173992 0.0312554 0.00282539 -0.0285741 -0.0376654 -0.0418256 0.000151378 0.00439427 0.0251575 0.00201344 0.037904 -0.00293582 -0.0410743 0.0172201 0.0129879 -0.0167393 0.00429408 0.00360643 -0.0365476 0.0199958 -0.00310186 -0.00359944 -0.00167992 0.0320714
internal_weight=1390.5 346.591 114.76 1043.91 586.291 457.618 48.7478 24.0713 7.6921 19.0069 15.8893 15.3763 567.285 246.195 25.3261 220.869 20.3543 152.221 5.6591 39.9337 68.6484 7.75973 5.52211 408.87 4.72052 38.4105 321.089 74.826 72.1855 6.28191
internal_count=414452 194940 55512 219512 114556 104956 16239 1641 540 80773 72174 72152 33783 16925 3388 13537 1950 8539 359 2434 4998 1022 772 88717 34333 2329 16858 53078 40824 8774
is_linear=0
shrinkage=0.05


Tree=142
num_leaves=31
num_cat=0
split_feature=16 17 21 16 3 18 12 3 12 14 10 6 9 12 9 9 14 12 9 18 17 16 16 14 16 6 17 12 16 2
split_gain=6.37304 3.85594 5.01796 4.57078 3.90625 4.90414 4.53001 3.66759 3.65924 3.37519 4.01051 3.33159 3.28524 4.03652 3.76495 5.18685 10.1684 7.68597 5.5917 4.91791 5.89271 5.8111 5.09009 4.38652 4.05875 4.03207 4.34091 3.46458 5.69494 3.44711
threshold=-0.14584999999999998 0.79600750000000009 0.30019750000000006 -0.13394999999999999 0.38115000000000004 -0.36174999999999996 0.0078500000000000011 0.35795000000000005 0.004850000000000001 0.80875000000000008 0.63750000000000007 166.50000000000003 0.21500000000000005 0.0031500000000000005 0.16500000000000001 0.14000000000000004 0.6724500000000001 0.049550000000000004 0.11500000000000002 -0.78279999999999983 0.96182300000000009 -0.041249999999999995 -0.058249999999999989 0.84805000000000008 -0.12694999999999998 2443.5000000000005 0.98691650000000009 0.045750000000000006 -0.042349999999999992 0.77500000000000013
decision_type=2 2 2 2 2 2 2 2 2 2 2 2 2 2 2 2 2 2 2 2 2 2 2 2 2 2 2 2 2 2
left_child=-1 2 3 -2 5 7 8 -5 -6 10 -4 -7 14 -14 15 18 17 27 19 21 22 -3 -21 -24 -22 -16 -27 28 -17 -15
right_child=1 12 9 4 6 11 -8 -9 -10 -11 -12 -13 13 29 25 16 -18 -19 -20 20 24 -23 23 -25 -26 26 -28 -29 -30 -31
leaf_value=-0.0068084554064519812 0.079749563888890845 -0.062115349622015481 -0.042317069994750316 -0.061766105962512412 -0.072595453081603895 -0.071248454934613611 -0.014196251338524139 0.051931229890354529 0.093750374476889622 -0.0016861277332879819 0.0010580256657566594 0.038776441828832164 -0.029277559447756951 -0.0074440584819747586 0.013408140137446524 0.021025641917416012 0.0010558906061795797 -0.074819559331215271 0.01557244081123026 -0.02184293158599683 -0.024567851476094353 0.0081714866902077143 -0.0036139115162165504 0.034512839591504425 0.012017257495964917 -0.063876325327646519 0.0047422423561641457 0.066322689620629524 -0.072777792868301799 0.0027780393672747561
leaf_weight=275.33785454271037 1.8358023626660713 6.5070480333124578 20.450254634065008 2.7220036560343046 0.41060955187594972 0.72682352075071399 34.172799875342207 0.95923793945121349 1.6967335837614426 15.20270928541049 7.2073169955965559 12.892211765948103 11.919272468858251 110.11405331886817 157.51923701750025 3.5023962751074573 51.285837386058574 9.1180169828512572 91.797741458815835 35.259847486659055 8.0966190760018417 5.3655094089326649 49.069404737735567 8.9145029188475728 119.02794813257447 3.5300536165177601 6.6405079116229899 1.327378618341754 3.0074295813683452 328.55748718894915
leaf_count=79922 642 2033 108114 8420 1670 393 74143 1885 1110 33148 15017 3401 597 14601 11932 219 5994 609 7293 6236 398 2050 10582 1371 5604 819 183 45 240 15781
internal_value=9.09317e-11 0.00169062 -0.00776429 0.00217185 -0.000486162 0.0190642 -0.0098088 -0.0321395 0.0613384 -0.0206112 -0.0310139 0.0329046 0.00261011 -0.000567959 0.00516741 0.00248686 -0.0100416 -0.0436093 0.00512531 0.000995878 0.00268472 -0.0303509 -0.00686208 0.00224773 0.00968714 0.011438 -0.0190743 -0.00729835 -0.02231 0.000212118
internal_weight=1384.17 1108.84 98.2765 55.4162 53.5804 17.3003 36.2801 3.68124 2.10734 42.8603 27.6576 13.619 1010.56 450.591 559.969 392.28 68.2411 16.9552 324.039 232.241 220.368 11.8726 93.2438 57.9839 127.125 167.69 10.1706 7.8372 6.50983 438.672
internal_count=414452 334530 247943 91664 91022 14099 76923 10305 2780 156279 123131 3794 86587 30979 55608 42674 7107 1113 35567 28274 24191 4083 18189 11953 6002 12934 1002 504 459 30382
is_linear=0
shrinkage=0.05


Tree=143
num_leaves=31
num_cat=0
split_feature=16 17 16 19 19 20 3 16 20 20 11 19 3 14 3 19 6 0 20 4 6 6 16 0 9 20 20 6 4 9
split_gain=6.14467 3.55004 4.3626 3.52494 3.33768 3.56461 4.43592 3.13252 2.9801 2.92935 5.35946 5.28661 5.78685 4.271 5.29092 4.76003 4.12866 3.99679 3.80989 5.18448 4.13512 3.97548 3.78114 4.06981 4.44174 3.61633 3.52806 3.81374 3.80958 3.41926
threshold=-0.14584999999999998 0.91022800000000015 -0.14114999999999997 -0.075249999999999997 -0.073749999999999996 0.077194000000000026 0.65855000000000008 -0.056949999999999994 0.095372000000000012 0.031696000000000009 1.0000000180025095e-35 -0.031349999999999996 0.31405000000000005 0.68065000000000009 0.30395000000000005 -0.037949999999999991 1885.5000000000002 0.093200000000000019 0.021858500000000006 1.0539500000000002 1351.5000000000002 2053.5000000000005 -0.049749999999999996 0.12950000000000003 0.31500000000000006 0.071714500000000014 0.099738000000000007 538.50000000000011 1.0971500000000003 0.31500000000000006
decision_type=2 2 2 2 2 2 2 2 2 2 2 2 2 2 2 2 2 2 2 2 2 2 2 2 2 2 2 2 2 2
left_child=3 2 -2 -1 -4 6 -6 -3 -7 10 18 12 -12 15 17 26 22 -15 -9 -20 -21 -22 23 24 -16 -18 28 -28 -11 -17
right_child=1 7 4 -5 5 8 -8 9 -10 13 11 -13 -14 14 16 29 25 -19 19 20 21 -23 -24 -25 -26 -27 27 -29 -30 -31
leaf_value=-0.021159484289035822 0.042323544771316376 -0.00017300989412990714 -0.026622569709800061 -0.0044728092048475559 -0.0037678362522073263 -0.032364276976676584 0.047901626106545733 0.0096295976410173227 -0.0033380936319934947 0.02483304339738493 -0.038959525843806936 -0.024606147332081576 0.015277450725750763 -0.046880111848127987 -0.045268618306169392 -0.013411892522300788 0.0031232580256554988 0.079625114525184143 0.04431414164273717 -0.069449808464286736 0.010094301190840498 -0.052070113298524956 0.012726879112658469 0.056048687385512087 0.073347097063690303 -0.04606057038358656 -0.020084588978218899 0.058638543540122094 -0.039831266025154279 0.019551457673248132
leaf_weight=36.492561235907601 5.1118903886425633 372.17594199729547 15.752780248172142 238.41981991289879 9.285893693362711 9.2218740721000341 7.516117520935949 136.62572164130904 215.14238684837187 5.87204240360734 6.1572904009517542 32.465179485677254 24.435338816503645 0.72076316586753719 2.3808412840480737 45.977439317317476 15.632230479517604 4.6679968069365714 3.1286113974929348 4.0820684738937407 7.6243750652720319 3.8809834446292371 135.66426647168919 10.31124320163144 1.1806046034762401 4.9116061631975745 1.9288845648989061 7.6007728354670689 3.7209316065855091 9.4909694369416666
leaf_count=58738 4116 19172 188309 21184 1003 1129 431 7323 93264 417 199 1393 838 79 402 1113 1282 151 69 191 329 254 9500 504 40 1151 344 851 482 194
internal_value=-1.26548e-10 0.00166738 -0.00341412 -0.00668784 -0.00432415 -0.00286764 0.0193457 0.00325132 -0.00453113 0.00597183 0.0017411 -0.0105525 0.00436133 0.0096669 0.0139273 -0.000355452 0.0123819 0.0627047 0.00673144 -0.0144249 -0.0262147 -0.010875 0.0152693 0.0401327 -0.005948 -0.00863558 0.0211565 0.0427043 -0.000249009 -0.00777167
internal_weight=1377.58 1102.67 262.031 274.912 256.919 241.166 16.802 840.636 224.364 468.46 218.4 63.0578 30.5926 250.061 175.47 74.591 170.081 5.38876 155.342 18.716 15.5874 11.5054 149.537 13.8727 3.56145 20.5438 19.1226 9.52966 9.59297 55.4684
internal_count=414452 334530 288252 79922 284136 95827 1434 46278 94393 27106 10596 2430 1037 16510 13109 3401 12879 230 8166 843 774 583 10446 946 442 2433 2094 1195 899 1307
is_linear=0
shrinkage=0.05


Tree=144
num_leaves=31
num_cat=0
split_feature=16 10 12 12 18 4 20 6 21 10 3 16 16 9 10 12 20 6 12 4 12 0 4 4 4 0 6 21 2 4
split_gain=5.97625 4.89899 3.22403 4.34917 4.69477 5.90625 3.44146 3.91168 3.05606 2.99742 7.73231 4.52404 3.97699 3.77895 3.23812 3.60692 3.44216 4.20991 4.25332 3.28066 3.24573 3.36524 3.21853 5.32074 3.15403 4.01142 3.07023 3.20992 4.00815 7.11675
threshold=-0.11014999999999998 0.38750000000000007 0.18135000000000004 0.18755000000000002 -0.15714999999999998 1.4084500000000004 0.027212000000000004 1012.5000000000001 0.36332500000000006 0.81250000000000011 0.084250000000000005 -0.0033499999999999992 -0.056949999999999994 0.21500000000000005 0.61250000000000016 0.019250000000000003 0.071714500000000014 1909.5000000000002 0.37735000000000007 1.9592500000000002 0.038550000000000008 0.38900000000000007 1.0184500000000003 0.98605000000000009 1.97435 0.67320000000000013 148.50000000000003 0.62475300000000011 0.77500000000000013 1.1261500000000002
decision_type=2 2 2 2 2 2 2 2 2 2 2 2 2 2 2 2 2 2 2 2 2 2 2 2 2 2 2 2 2 2
left_child=1 2 -1 -4 6 8 -5 -8 -6 13 -11 12 -12 14 16 -16 22 26 19 -19 21 -17 23 -2 25 -14 -18 28 29 -28
right_child=9 -3 3 4 5 -7 7 -9 -10 10 11 -13 24 -15 15 20 17 18 -20 -21 -22 -23 -24 -25 -26 -27 27 -29 -30 -31
leaf_value=-0.039433809505795961 -0.00071401776698781327 -0.002900725439416019 0.068559220113497063 0.019552809120931387 0.043992067678060146 0.0040843462004079879 -0.0010586086767898197 -0.052901423991903097 -0.077586650063536766 -0.084680970730064406 0.0036269320887925604 -0.034558173311127767 0.056075641348507059 -0.0020796399732165775 0.024238244880595224 -0.023219422045504048 -0.08373335688911801 -0.06240240112074194 0.045663221220482678 0.058851117727849435 0.0095262066534621791 0.017615551049240827 0.0086499709053215659 -0.074951239847925052 -0.048398830406146919 -0.10502225163612773 0.024953671120336349 -0.016695990129742377 0.0067594398809671385 -0.026457479932869035
leaf_weight=14.23116847291419 12.161566899070634 357.47322149242939 1.617689913773346 10.089177319685399 0.55873359031830272 4.4939893097830463 11.572345743670214 5.3072054565627687 6.8995823821674094 1.7192863067184614 8.2273571520640925 2.8763327428991934 14.527594104074518 389.51942039898199 34.76691504461769 16.365880663683132 1.1297055317631919 6.6909102146571495 1.3065090233226326 0.60858309382433606 128.10682118169814 7.2939590266021233 159.7493563929803 3.0112392670234831 0.82917096343180752 0.39697830918521582 9.1612995476880297 27.409388960334695 107.38635670174995 25.379326185774062
leaf_count=11130 724 97355 353 486 40 427 9835 2822 755 72 439 163 463 89751 3489 2656 6432 8917 434 427 19266 461 10496 134 123 13 8917 33233 42500 62139
internal_value=2.53225e-11 -0.00503424 -0.0189593 -0.0117717 -0.0151105 -0.0411955 -0.00354995 -0.0173588 -0.0684787 0.00216491 0.0181151 0.0246956 0.0318026 0.00167482 0.00438039 0.00971161 0.00157115 -0.00330184 -0.037422 -0.0522931 0.00638383 -0.0106306 0.00655976 -0.0154474 0.0465173 0.0517906 -0.00157928 -0.0010312 0.00199403 -0.0128216
internal_weight=1370.87 412.243 54.7699 40.5387 38.921 11.9523 26.9687 16.8796 7.45832 958.624 28.5767 26.8574 23.9811 930.047 540.528 186.534 353.994 179.072 8.606 7.29949 151.767 23.6598 174.922 15.1728 15.7537 14.9246 170.466 169.336 141.927 34.5406
internal_count=414452 123203 25848 14718 14365 1222 13143 12657 795 291249 1273 1201 1038 289976 200225 25872 174353 162999 9778 9344 22383 3117 11354 858 599 476 153221 146789 113556 71056
is_linear=0
shrinkage=0.05


Tree=145
num_leaves=31
num_cat=0
split_feature=16 0 17 19 17 17 16 18 18 10 16 3 2 9 16 7 9 19 16 17 17 7 21 7 0 19 17 16 10 21
split_gain=6.74272 4.97825 4.75101 4.33158 3.81045 3.85197 3.63746 3.60677 3.56405 3.28861 7.8473 5.11206 4.09161 3.41654 4.58506 6.02304 3.40762 5.17355 4.10535 6.79032 4.93512 4.28657 3.36941 5.37263 6.7469 4.37829 6.33049 5.55061 4.1936 4.62379
threshold=-0.21624999999999997 0.69000000000000006 0.54675800000000019 -0.048449999999999993 0.86875800000000014 0.87612800000000013 -0.055749999999999994 -0.73864999999999992 -0.60919999999999985 0.81250000000000011 -0.0033499999999999992 0.12325000000000001 0.77500000000000013 0.21500000000000005 -0.054549999999999994 0.43335000000000007 0.24000000000000002 -0.072749999999999995 -0.049149999999999992 0.97609950000000012 0.9178495000000001 0.46535000000000004 0.25930850000000005 0.47725000000000006 0.065400000000000014 -0.011649999999999999 0.96879400000000004 -0.028549999999999996 0.63750000000000007 0.14334650000000002
decision_type=2 2 2 2 2 2 2 2 2 2 2 2 2 2 2 2 2 2 2 2 2 2 2 2 2 2 2 2 2 2
left_child=1 3 -2 7 8 -6 -4 -1 -5 13 11 -11 -13 14 15 -8 17 -15 19 20 -18 -21 25 24 -24 27 -27 -19 -29 -30
right_child=2 -3 6 4 5 -7 9 -9 -10 10 -12 12 -14 16 -16 -17 18 22 -20 21 -22 -23 23 -25 -26 26 -28 28 29 -31
leaf_value=-0.00079752463281239784 -0.019905785323694539 -0.045379034060032575 -0.0011303360823067723 0.032705163730438247 0.070435396241782994 0.00081395948119344019 -0.034892297666866239 -0.033083512150769268 -0.047633942343638817 -0.071136064812947847 -0.043146924467685553 -0.025581131841823902 0.05587883477445247 0.03467187761149839 0.0061240885297004256 0.078487473307824032 -0.037346489559064257 0.057963365475935717 0.0043179276448377865 -0.063904454486948134 0.044707915741317938 0.023962653600741735 0.0015026563426637329 0.016059271898517434 -0.066368983671773907 -0.015995060384964076 0.064405606028572704 -0.070682506183202196 0.032262641438311083 -0.073259818552702194
leaf_weight=13.232803661196266 26.363376333607448 9.8094480533977713 622.76173228836376 1.7135253005581015 2.0513454484171225 63.061424557801729 1.5714335864080329 24.979165211436115 7.1025625667999748 0.98421296275410597 3.5203250322856539 1.7427354459123279 13.350381484018726 5.1317764995021653 329.33272338897814 4.6006985786593759 2.941869895476203 1.6990825811499224 180.09296067309901 8.0814359346659312 4.8591875180281932 1.6758620044856805 5.3195527226225812 4.526113339674338 11.747999698818601 5.4710488913260615 4.4311966853151716 5.1917837550809072 2.9457784082896978 1.6030531164797137
leaf_count=7962 180951 1095 89568 187 56 1681 767 21896 1622 36 148 192 303 4214 72758 407 1622 290 23762 209 209 138 685 343 1251 274 307 1187 214 118
internal_value=1.84385e-10 -0.0112223 0.0010949 -0.00823444 -0.00116957 0.00300735 0.00154738 -0.0219029 -0.032019 0.00432287 0.0244682 0.0392733 0.046473 0.00364362 0.00692428 0.0496208 -0.000835805 -0.0127757 0.0020679 -0.0210103 0.0137642 -0.0488129 -0.0184468 -0.0323717 -0.045215 -0.00435763 0.0199838 -0.0254276 -0.0399738 -0.00492451
internal_weight=1371.9 121.95 1249.95 112.141 73.9289 65.1128 1223.58 38.212 8.81609 600.821 19.5977 16.0773 15.0931 581.224 335.505 6.17213 245.719 48.0674 197.651 17.5584 7.80106 9.7573 42.9356 21.5937 17.0676 21.3419 9.90225 11.4397 9.74062 4.54883
internal_count=414452 34499 379953 33404 3546 1737 199002 29858 1809 109434 679 531 495 108755 73932 1174 34823 8883 25940 2178 1831 347 4669 2279 1936 2390 581 1809 1519 332
is_linear=0
shrinkage=0.05


Tree=146
num_leaves=31
num_cat=0
split_feature=16 17 0 20 19 16 11 16 20 11 4 17 7 0 7 4 19 19 7 19 16 17 16 20 4 12 16 14 12 4
split_gain=6.15328 4.58903 4.34582 4.06174 4.01173 3.92461 4.36499 4.72222 3.14046 3.10338 3.15253 4.50106 3.64638 3.47839 3.01502 3.33483 2.97547 3.44924 2.92997 5.23396 4.70423 8.04807 4.41372 4.09945 5.25863 4.97312 4.80599 4.09457 3.67486 4.86592
threshold=-0.21624999999999997 0.54675800000000019 0.69000000000000006 0.33420600000000006 -0.048449999999999993 -0.060049999999999992 0.81665000000000021 -0.15454999999999997 0.70026750000000015 0.70000000000000007 1.2204500000000003 0.92171950000000014 0.44905000000000006 0.35770000000000007 0.5293500000000001 2.2600000000000002 -0.057549999999999997 -0.075249999999999997 0.44135000000000008 -1.0000000180025095e-35 -0.072149999999999978 0.99988500000000013 -0.075949999999999976 0.11155550000000002 1.2714500000000004 0.10675000000000003 -0.12694999999999998 0.75985000000000014 0.017850000000000001 1.09155
decision_type=2 2 2 2 2 2 2 2 2 2 2 2 2 2 2 2 2 2 2 2 2 2 2 2 2 2 2 2 2 2
left_child=2 3 4 -2 16 6 8 -8 18 10 12 -12 -6 -13 15 -4 17 -1 19 28 22 -22 -20 24 25 -21 -27 -26 -3 -30
right_child=1 5 14 -5 9 -7 7 -9 -10 -11 11 13 -14 -15 -16 -17 -18 -19 20 23 21 -23 -24 -25 27 26 -28 -29 29 -31
leaf_value=-0.029542511082446057 0.022375662200870387 -0.016999848201540293 -0.050862863143748473 -0.028937040908955949 -0.0028088751874555929 0.0042174311255473969 -0.25108736662914238 -0.04179058186733195 0.055122521691796905 -0.045078157183267978 -0.023382412418401641 0.0072902059630025233 -0.048589880682121514 0.042098702561633949 0.020428271174551638 -0.30317889107503376 -0.050953375587752016 0.0039414906034043141 0.0031757157874240183 0.038742700809016539 -0.027965699287686614 0.017766698240682353 0.033948870183991293 -0.041720480578777946 -0.049941547150447164 -0.087452506479954686 0.033506652015282197 0.052404569919302181 -0.012726762039156812 0.0045348942322036593
leaf_weight=17.203339139397826 4.7037966471765484 37.148982841654515 8.051889795907524 21.412005183141559 21.96330651286701 633.36896025083047 0.30997975727223126 2.0638320420080154 2.4660667456694219 3.8035310904415374 8.1526400182610796 23.269774112690357 5.4234211223920274 10.377948456702141 1.5823623404794478 0.13312066974685954 6.8593284980825073 13.909738140384887 241.55908386399665 7.3823612053565757 29.556448599824307 14.262394907003907 12.242535756679898 16.04986819660553 7.5006107647714071 1.8859175037287061 1.4545585111191028 1.1236487995392961 55.169534685178405 157.03370887700521
leaf_count=26370 1421 6510 860 179530 921 115324 44 258 1195 157 1401 536 169 362 220 15 1013 2475 20176 364 3707 838 1263 356 253 48 92 73 8708 39793
internal_value=2.42477e-10 0.00104376 -0.0107781 -0.019695 -0.00796365 0.00148749 -0.00145705 -0.0691212 -0.0011824 -0.00110645 0.00131088 0.00994994 -0.0118749 0.0180262 -0.0427522 -0.0549665 -0.0211446 -0.0145728 -0.00142083 -0.00504662 0.00204815 -0.0130805 0.00466011 -0.0230385 -0.00754046 0.0158374 -0.0347827 -0.0366069 -0.00249256 4.71327e-05
internal_weight=1367.42 1246.69 120.73 26.1158 110.963 1220.58 587.21 2.37381 584.836 72.9906 69.1871 41.8004 27.3867 33.6477 9.76737 8.18501 37.9724 31.1131 582.37 284.749 297.62 43.8188 253.802 35.397 19.3471 10.7228 3.34048 8.62426 249.352 212.203
internal_count=414452 379953 34499 180951 33404 199002 83678 302 83376 3546 3389 2299 1090 898 1095 875 29858 28845 82181 56197 25984 4545 21439 1186 830 504 140 326 55011 48501
is_linear=0
shrinkage=0.05


Tree=147
num_leaves=31
num_cat=0
split_feature=16 17 16 17 17 20 6 6 17 17 6 6 19 12 19 3 3 7 12 10 19 14 6 10 14 10 14 16 10 11
split_gain=5.73134 3.92237 3.52519 2.99671 5.14578 2.95319 4.274 4.6441 3.48316 2.76855 3.58253 4.2962 4.38233 4.26763 3.78227 3.69232 4.06665 3.75483 3.6942 3.5451 3.61354 4.9655 3.53663 3.41244 3.22951 3.53237 2.87566 3.43082 3.07728 2.71152
threshold=-0.14584999999999998 0.72634700000000008 -0.13104999999999997 0.73700350000000014 0.74772450000000013 0.28597950000000011 280.50000000000006 130.50000000000003 0.62876100000000001 0.93339000000000005 400.50000000000006 646.50000000000011 -0.0081499999999999993 0.023350000000000006 -0.036349999999999993 0.29355000000000003 0.33245000000000008 0.43735000000000007 0.088750000000000009 0.46250000000000008 -0.011649999999999999 0.63335000000000008 256.50000000000006 0.7875000000000002 0.62265000000000015 0.68750000000000011 0.79685000000000017 -0.23934999999999998 0.63750000000000007 0.70000000000000007
decision_type=2 2 2 2 2 2 2 2 2 2 2 2 2 2 2 2 2 2 2 2 2 2 2 2 2 2 2 2 2 2
left_child=9 2 -2 -3 -5 8 7 -7 -4 22 13 12 19 -11 15 18 17 -17 -13 -12 21 24 -1 -18 25 -21 27 -14 -29 -24
right_child=1 3 5 4 -6 6 -8 -9 -10 10 11 14 26 -15 -16 16 23 -19 -20 20 -22 -23 29 -25 -26 -27 -28 28 -30 -31
leaf_value=-0.066372270263911071 0.033100192711812464 0.03683073285537785 0.030072817950059502 -0.059361488994629612 0.0023329470395608482 -0.084725032320662585 -0.031431491003312564 0.01482202377773191 -0.01850466435046098 -0.060795823642510571 -0.04934550673833215 -0.01984019590058619 -0.012795155587467548 0.029402219185187584 0.0057387724573755156 0.045878752100813519 -0.013176459786372982 -0.027896287336694459 -0.082861681528343556 -0.043995874300992145 0.084341458201000835 -0.025543295253599642 -0.010934435510000007 0.042891618006518285 0.087198162473244897 0.057919991429798673 0.043895301762902621 -0.10259932226023404 -0.033901228207119431 -0.075324116261020591
leaf_weight=3.1844781491405447 4.2497473051697616 6.2593028504402346 7.1587689933693905 3.391069451067664 1022.9652729176206 1.3148870961019259 29.020363373177247 10.752510920518601 7.6159361338759481 1.4567964045745601 4.2548285821030758 11.002186610319766 3.2435812241383237 13.138701268380371 79.04101280496252 6.5824103685154096 48.389788985565247 2.3370280672097579 2.9484851953020543 1.7531575208413479 1.2285360805690242 9.9760845482305722 67.828072342458086 2.8750089854147509 1.871393069042824 1.6507332070614209 0.79112271721533112 4.099421309392711 2.7062285760275699 1.6753973948659666
leaf_count=27499 11482 4106 2059 4057 104281 8189 154969 37690 7697 96 218 708 143 626 2625 223 3546 31 316 99 10 511 41446 125 27 33 67 176 141 1256
internal_value=2.30645e-10 0.00161669 -0.0107992 0.00233946 0.00212911 -0.0141388 -0.0210326 0.00397518 0.00503252 -0.00649402 -0.00344815 -0.00533213 -0.0221256 0.0203994 -0.00187038 -0.0099831 -0.00461074 0.0265486 -0.0331598 -0.00865704 0.00184802 -0.00479703 -0.0148473 -0.0100321 0.0344362 0.00542872 -0.0478875 -0.0551131 -0.0752819 -0.0124866
internal_weight=1364.76 1092.73 60.1122 1032.62 1026.36 55.8625 41.0878 12.0674 14.7747 272.034 199.347 184.751 31.5751 14.5955 153.176 74.1349 60.1842 8.91944 13.9507 20.7347 16.4799 15.2514 72.6879 51.2648 5.27528 3.40389 10.8404 10.0492 6.80565 69.5035
internal_count=414452 334530 222086 112444 108338 210604 200848 45879 9756 79922 9721 8999 1425 722 7574 4949 3925 254 1024 898 680 670 70201 3671 159 132 527 460 317 42702
is_linear=0
shrinkage=0.05


Tree=148
num_leaves=31
num_cat=0
split_feature=16 17 10 10 16 11 3 12 12 4 9 11 16 16 18 10 9 4 17 10 21 16 20 3 3 17 20 3 17 18
split_gain=5.10872 8.93981 5.64404 5.12885 6.69843 5.12019 4.80867 4.76068 6.60211 4.66348 3.64473 6.66894 5.37355 5.91179 5.24507 4.39231 5.23023 3.58306 3.51131 4.28611 5.52603 4.70031 3.99366 4.85516 4.44568 3.82849 5.24371 3.49507 3.49176 3.47829
threshold=-0.060049999999999992 0.57481250000000006 0.38750000000000007 0.81250000000000011 -0.0033499999999999992 0.81665000000000021 0.11145000000000001 0.18135000000000004 0.18755000000000002 0.50225000000000009 0.21500000000000005 1.0000000180025095e-35 -0.031049999999999998 -0.021049999999999996 -0.60919999999999985 0.76250000000000007 0.24000000000000002 1.9592500000000002 0.93339000000000005 0.56250000000000011 0.5807635000000001 -0.0092499999999999978 0.14334650000000002 0.71635000000000015 0.19975000000000001 0.8951245000000001 0.16697650000000003 0.43745000000000006 0.99988500000000013 -0.11219999999999998
decision_type=2 2 2 2 2 2 2 2 2 2 2 2 2 2 2 2 2 2 2 2 2 2 2 2 2 2 2 2 2 2
left_child=2 -2 7 10 6 9 -5 27 -9 -4 -3 18 14 -14 -13 16 -15 -8 19 20 21 -12 -20 24 -24 26 -23 28 -1 -10
right_child=1 3 5 4 -6 -7 17 8 29 -11 11 12 13 15 -16 -17 -18 -19 22 -21 -22 25 23 -25 -26 -27 -28 -29 -30 -31
leaf_value=-0.040547900420251463 -0.034247200151041532 0.0066426490658961631 -0.047478128611186096 -0.069767936939681363 -0.036613193125013523 -0.059051806031073309 0.053061541079440958 0.071062882053286286 -0.0042873336973222502 -0.00050962038823802475 -0.046302273005742078 -0.00047847696421909138 0.025649553720248897 -0.060714231127869327 -0.044972456083744311 -0.049891473955949103 0.0073436442039949718 -0.050249861249443341 0.0054740926085407827 0.005402108210309728 0.048677239844257925 0.066824673854746233 -0.015998830855718276 -0.097272940780691819 0.060462091270583274 -0.072022656247623176 -0.024872400046087238 -0.062576071473977188 0.013994213586246102 -0.030252097832248043
leaf_weight=7.6947244781408717 15.536421094192859 350.77718572068306 5.3302255245974939 0.92441761852388182 3.2957596583864861 3.8094883954712477 15.45386145446173 2.5140950922665288 46.2012351799209 621.46198242106993 14.899793587383332 9.8688572290570864 12.815699943291291 3.3791402223264475 20.141692755930308 6.9314647882911222 17.151011499285005 0.88745655571756366 120.43856371520542 32.369914028828589 2.48186119502975 2.9721741770354138 2.4335605928790729 0.64594443500391285 8.6882557572025672 1.4277014471517757 3.2792179459765975 7.7205879273449218 4.7432684905106726 17.894126090362192
leaf_count=8099 83573 73374 4000 32 146 668 431 592 24646 171491 9248 1250 1119 663 1441 269 2098 100 6200 7756 1263 490 101 60 438 303 2029 10205 353 2014
internal_value=1.08305e-11 0.00322239 -0.0029054 0.00414458 0.0287065 -0.00126028 0.041175 -0.0148615 -0.00841857 -0.000909039 0.00331761 -0.00116963 -0.0143248 -0.0023913 -0.0303408 -0.0154773 -0.00385828 0.047451 0.00370625 -0.00661655 -0.0221405 -0.0299248 0.00819049 0.0359918 0.0437317 0.00185252 0.0187242 -0.0361509 -0.0197481 -0.0115362
internal_weight=1364.17 646.8 717.37 631.264 20.5615 630.602 17.2657 86.768 66.6095 626.792 610.702 259.925 70.2879 40.2773 30.0105 27.4616 20.5302 16.3413 189.637 57.4307 25.0607 22.5789 132.206 11.7678 11.1218 7.67909 6.25139 20.1586 12.438 64.0954
internal_count=414452 192384 222068 108811 709 176159 563 45909 27252 175491 108102 34728 6840 4149 2691 3030 2761 531 27888 21089 13333 12070 6799 599 539 2822 2519 18657 8452 26660
is_linear=0
shrinkage=0.05


Tree=149
num_leaves=31
num_cat=0
split_feature=16 17 10 11 6 6 12 3 12 12 14 14 10 20 17 14 17 17 17 4 12 10 14 12 19 19 4 4 4 11
split_gain=5.60463 5.23746 4.12907 3.89062 3.01984 3.07228 4.22704 2.84843 2.79435 3.74054 2.83583 3.09178 2.7742 2.99512 3.52552 2.77249 3.29217 2.74923 5.22716 3.09912 4.5833 2.95675 5.15028 3.32909 3.88985 4.29637 6.55548 3.2901 3.22839 3.03193
threshold=-0.11014999999999998 0.72634700000000008 0.38750000000000007 0.81665000000000021 130.50000000000003 280.50000000000006 0.28885000000000005 0.30735000000000007 0.18135000000000004 0.18755000000000002 0.68815000000000015 0.68575000000000008 0.71250000000000002 0.49193300000000001 0.57481250000000006 0.53860000000000008 0.5894815000000001 0.73700350000000014 0.74772450000000013 0.42675000000000007 0.13035000000000002 0.81250000000000011 0.78065000000000007 1.0000000180025095e-35 -0.022249999999999995 -1.0000000180025095e-35 1.5853500000000003 0.85965000000000014 1.6394500000000003 1.0000000180025095e-35
decision_type=2 2 2 2 2 2 2 2 2 2 2 2 2 2 2 2 2 2 2 2 2 2 2 2 2 2 2 2 2 2
left_child=2 4 8 7 -2 15 -7 12 10 -10 11 -1 13 -4 -15 -6 -17 -3 -19 20 -20 29 23 -23 28 27 -27 -26 -25 -21
right_child=1 17 3 -5 5 6 -8 -9 9 -11 -12 -13 -14 14 -16 16 -18 18 19 21 -22 22 -24 24 25 26 -28 -29 -30 -31
leaf_value=-0.027558635607387735 -0.085804858739981962 0.037671355015105649 -0.01664619016710174 -0.065526578960016568 0.12168718312612321 -0.031225469419051029 0.0023936936625896027 0.00028792727774777779 0.059884082754180591 -0.014431452285657599 -0.063481996063417728 0.081024174583953473 0.0056051307981707437 -0.057103432805715608 0.056439767028012268 -0.02141540144923253 0.036086926224177966 -0.061991819519091024 -0.077535018227639751 0.0042931872576075347 0.017826373780646637 -0.096243705285919232 0.058228555676959927 0.0034537100348344058 -0.12994353067714165 0.042679023788449386 -0.097085609969618722 0.06202403267147788 -0.066311074661284455 -0.0027789492515287785
leaf_weight=7.2575030045159661 1.4041431129471664 5.6728046283246831 71.594239975576329 2.467103907972386 0.55132577561744156 23.59540084835578 15.486358894872977 252.79474901097808 1.7727295462505015 37.755736131047115 5.8943463959741393 0.72068088150842857 22.60960769728058 0.89944873233270017 2.8496370655670944 5.1268796542021828 4.8380908880074003 3.1065614149761123 2.8797621669109494 665.95113484259343 2.2401698834000854 0.74795460980386153 6.4941220412438261 8.1110822412010801 0.23093893751502026 2.1312887202511726 1.3836458544683408 6.6602035922696814 2.0844122037869957 196.20027396830733
leaf_count=4414 7183 3713 6656 379 309 133028 17370 66049 353 14365 6611 105 2124 21183 964 30853 1892 3677 125 75372 84 6 201 322 6 119 47 98 145 16699
internal_value=-2.13654e-11 0.00209337 -0.00491608 -0.00295697 -0.0134956 -0.0114485 -0.0179037 -0.00251686 -0.0178744 -0.0110986 -0.0371813 -0.0177502 -0.0097554 -0.0143649 0.0291994 0.0125412 0.00650254 0.00297298 0.00275384 0.00297854 -0.0358107 0.00320169 0.0192383 0.00737818 0.0111402 0.0326456 -0.012339 0.0555907 -0.0108093 0.00268378
internal_weight=1361.51 954.897 406.616 353.215 51.0022 49.5981 39.0818 350.748 53.401 39.5285 13.8725 7.97818 97.9529 75.3433 3.74909 10.5163 9.96497 903.894 898.222 895.115 5.11993 889.995 27.8436 21.3495 20.6016 10.4061 3.51493 6.89114 10.1955 862.151
internal_count=414452 291249 123203 97355 190635 183452 150398 96976 25848 14718 11130 4519 30927 28803 22147 33054 32745 100614 96901 93224 209 93015 944 743 737 270 166 104 467 92071
is_linear=0
shrinkage=0.05


Tree=150
num_leaves=31
num_cat=0
split_feature=16 17 10 11 3 0 0 0 3 21 3 0 3 16 16 16 7 0 0 17 3 10 0 14 17 3 21 3 18 10
split_gain=5.67855 5.34794 3.85635 3.21448 3.02285 2.9325 6.22452 5.05421 4.61792 4.85881 4.78002 4.63774 3.80777 3.58389 4.16626 4.74281 4.73225 4.72121 3.35978 3.33703 3.86756 3.02286 3.55546 2.93485 2.91575 3.1033 3.19649 3.21509 2.89125 5.19239
threshold=-0.10394999999999999 0.76204950000000016 0.38750000000000007 0.81665000000000021 0.047950000000000007 0.40980000000000005 0.49300000000000005 0.38900000000000007 0.54725000000000013 0.84641050000000007 0.54025000000000012 0.74975000000000014 0.53385000000000016 -0.0092499999999999978 -0.016149999999999994 -0.019049999999999994 0.47905000000000003 0.71975000000000011 0.62900000000000011 0.77331250000000018 0.25385000000000008 0.56250000000000011 0.51340000000000019 0.70755000000000012 0.89126800000000006 0.52275000000000016 0.17411250000000003 0.26655000000000006 -0.76349999999999996 0.31250000000000006
decision_type=2 2 2 2 2 2 2 2 2 2 2 2 2 2 2 2 2 2 2 2 2 2 2 2 2 2 2 2 2 2
left_child=2 4 -1 -4 -2 7 19 28 10 -10 12 -11 13 14 15 16 -8 -16 -18 -7 -21 22 -15 -23 -20 26 -26 -28 29 -3
right_child=1 5 3 -5 -6 6 8 -9 9 11 -12 -13 -14 21 17 -17 18 -19 24 20 -22 23 -24 -25 25 -27 27 -29 -30 -31
leaf_value=-0.016909978988276161 0.054421648615412245 -0.082779764355969926 -0.0025016818100070323 -0.0574207150933451 -0.013756223172503287 0.11306096230916587 -0.020765494289746066 0.017207983028901377 0.015872374031971778 0.011053836892664377 -0.073822958893464727 -0.087548341825578344 0.064601787781582945 0.080880927755396667 -0.061859764784611741 0.040117994809747211 0.028777746028642151 0.004181976065474588 -0.048436652899092686 0.0274344269365525 -0.05996381524230926 0.044907465055880003 -0.017319366492667701 -0.0018759218320002489 -0.077295900161739164 -0.052412062824845819 0.066896289294986852 0.0029749267381821431 0.0018755991874605728 0.013584498669140133
leaf_weight=56.285459987012473 1.6706404609901699 1.4221808242109535 378.17998055686951 2.6833357882735518 60.586530280756392 0.34068918998491327 40.581483286133789 73.772667819844628 54.444998356082351 2.4607411605725238 2.4845137514230364 2.3139356933506861 2.0024725611783643 1.0190428613568681 7.2497538874649745 5.3922636261884227 9.6541785988592874 4.3179978817995561 3.3968903989662058 1.5025515429515497 8.0341951239006431 8.8771713127438243 9.6537601140719271 5.3863458693168687 1.1591511419064762 2.6092329900711766 2.1080157102042021 29.441225224992195 498.66544633132276 81.870641279969732
leaf_count=27804 1600 720 104465 414 194312 43 2030 4363 4636 172 140 176 150 25 369 275 400 276 326 71 662 654 779 447 130 111 209 1643 53201 13849
internal_value=1.52154e-11 0.00222453 -0.00469394 -0.00288861 -0.0119267 0.00324878 -0.00197987 0.00487886 -1.40045e-05 0.0116311 -0.00510971 -0.0367314 -0.00382465 -0.00487185 -0.00888711 -0.00541459 -0.00817482 -0.0372078 0.00238879 -0.0407009 -0.0461939 0.0121819 -0.00794317 0.0272406 -0.00419179 6.3736e-05 0.00424987 0.00724594 0.00331594 0.0119391
internal_weight=1359.57 922.419 437.149 380.863 62.2572 860.162 204.431 655.731 194.553 59.2197 135.333 4.77468 132.849 130.847 105.91 94.3424 88.9502 11.5678 48.3687 9.87744 9.53675 24.9363 10.6728 14.2635 38.7145 35.3176 32.7084 31.5492 581.958 83.2928
internal_count=414452 281769 132683 104879 195912 85857 13724 72133 12948 4984 7964 348 7824 7674 5769 5124 4849 645 2819 776 733 1905 804 1101 2419 2093 1982 1852 67770 14569
is_linear=0
shrinkage=0.05


Tree=151
num_leaves=31
num_cat=0
split_feature=10 20 6 13 3 3 6 3 6 6 4 13 14 3 10 20 2 14 0 19 18 18 21 4 19 18 19 6 11 0
split_gain=5.22776 4.28671 9.69984 7.37401 4.98893 5.79783 4.5332 4.37999 4.79253 5.15309 6.28844 4.45823 4.22069 4.12153 4.51614 4.06969 4.26169 3.87202 4.43242 4.56166 3.74588 4.97157 5.97871 5.56722 4.77111 3.88809 3.70564 4.54218 4.50635 3.97847
threshold=0.61250000000000016 0.021858500000000006 1762.5000000000002 1.0000000180025095e-35 0.43125000000000008 0.42055000000000003 1762.5000000000002 0.45035000000000008 1426.5000000000002 1555.5000000000002 1.4213500000000001 1.0000000180025095e-35 0.72615000000000007 0.76955000000000007 0.38750000000000007 0.077194000000000026 0.77500000000000013 0.72355000000000014 0.29575000000000001 -1.0000000180025095e-35 -0.63654999999999984 -0.13549999999999998 0.8501335000000001 1.6017500000000002 -0.076749999999999985 -0.020449999999999999 -0.031349999999999996 1609.5000000000002 0.35835000000000006 0.025200000000000004
decision_type=2 2 2 2 2 2 2 2 2 2 2 2 2 2 2 2 2 2 2 2 2 2 2 2 2 2 2 2 2 2
left_child=13 2 7 -4 5 17 15 8 -2 10 -10 -9 -7 14 20 16 -6 -3 -19 -20 -1 23 25 24 -22 -23 27 28 -18 -30
right_child=1 4 3 -5 6 12 -8 11 9 -11 -12 -13 -14 -15 -16 -17 26 18 19 -21 21 22 -24 -25 -26 -27 -28 -29 29 -31
leaf_value=-0.041108623302573991 0.0020404753818325763 0.0054650330873813394 -0.012662518067634704 0.030494538257261079 -0.0029948093277774247 -0.069063609069742224 -0.0068107439857842626 0.06145815316945117 -0.068883080393160934 0.0087828486398302437 0.057046326800597118 -0.018495852328515344 -0.00054763414538357841 0.0075213003121675963 -0.0023690457637631623 0.0093441344211265074 -0.016164765187850354 -0.045793485377881867 0.048887678618915104 -0.035884867654574978 -0.056444338185223625 -0.052968395472260649 -0.070761010164793567 -0.050949434476420724 0.0052874980799157388 -0.0056482934908505082 0.045638800539283771 0.063808297242377895 0.01147636721306124 0.089193398439278121
leaf_weight=11.090478453766648 123.37168687721299 193.91724196460757 13.758200246782506 35.275461368757533 9.8006367302950803 4.8489618568739825 22.988496086530631 1.7888844230328675 7.6096978338609897 5.6491931162599931 1.139847351296339 68.725713828610196 4.189917587670152 84.003139627413475 533.25454139055705 72.414802384336497 9.7178631568895124 8.1304711279192343 3.4471958265305602 2.940616021223831 3.3136546552910877 5.5526916283705594 6.1914143948379197 5.4439334962805779 56.466609773899108 19.892051310291777 26.727895614305453 4.3220436940900973 5.4911074352858114 2.3521148131549126
leaf_count=20036 4722 29231 363 996 1272 706 3222 54 166 172 21 3901 666 40083 233647 29484 365 2602 597 114 18715 1686 1029 6821 10561 2376 608 74 102 60
internal_value=-2.91778e-11 0.00333725 -0.00162253 0.0183852 0.00677458 0.00190028 0.0136662 -0.00633268 -0.0011454 -0.0284427 -0.0524776 -0.0164675 -0.0373034 -0.00289272 -0.00425704 0.0172644 0.0270834 0.00360036 -0.0213056 0.00986281 -0.0135833 -0.0104317 -0.0266968 -0.00254254 0.00186567 -0.0159747 0.0331475 0.0178908 0.0065898 0.034783
internal_weight=1353.82 628.608 257.319 49.0337 371.289 217.474 153.815 208.285 137.77 14.3987 8.74955 70.5146 9.03888 725.209 641.205 130.826 58.4117 208.436 14.5183 6.38781 107.951 96.8604 31.6362 65.2242 59.7803 25.4447 48.611 21.8831 17.5611 7.84322
internal_count=414452 79498 10395 1359 69103 33916 35187 9036 5081 359 187 3955 1372 334954 294871 31965 2481 32544 3313 711 61224 41188 5091 36097 29276 4062 1209 601 527 162
is_linear=0
shrinkage=0.05


Tree=152
num_leaves=31
num_cat=0
split_feature=10 9 2 14 3 3 10 3 18 12 14 3 17 6 14 3 18 12 11 21 12 17 19 18 3 12 14 18 9 14
split_gain=5.04258 5.20837 5.57591 4.91069 4.38893 4.13183 4.21392 3.87878 3.85996 5.49551 4.54404 4.57561 4.27624 4.15632 4.15512 3.64643 3.62128 3.61085 3.59077 4.19455 4.00447 4.14815 3.72141 3.70168 5.49434 7.14274 5.61647 5.28014 4.49281 3.91845
threshold=0.61250000000000016 0.21500000000000005 0.77500000000000013 0.65225000000000011 0.33245000000000008 0.76955000000000007 0.38750000000000007 0.24425000000000002 -0.12774999999999997 0.11545000000000001 0.73795000000000011 0.38605000000000006 0.9798285000000001 376.50000000000006 0.68425000000000014 0.38845000000000007 -0.16174999999999998 0.0021500000000000004 0.81665000000000021 0.69980250000000011 0.012250000000000002 0.93339000000000005 -0.085249999999999979 -0.60919999999999985 0.38845000000000007 0.14485000000000003 0.69835000000000014 -0.33259999999999995 0.35500000000000004 0.64845000000000008
decision_type=2 2 2 2 2 2 2 2 2 2 2 2 2 2 2 2 2 2 2 2 2 2 2 2 2 2 2 2 2 2
left_child=5 3 4 15 -3 6 7 -1 9 10 11 13 -10 -6 -11 -2 -12 -5 20 -20 21 -4 -22 24 -24 26 -26 29 -29 -25
right_child=1 2 18 17 8 -7 -8 -9 12 14 16 -13 -14 -15 -16 -17 -18 -19 19 -21 22 -23 23 27 25 -27 -28 28 -30 -31
leaf_value=-0.047247942567439472 -0.0027292008596789138 0.0028551107970027742 0.030311537323875194 0.058530787957593915 0.17918755521212151 0.0075897026563306437 -0.002403804838804128 -0.010619109892032561 -0.0073245690892724041 0.085197636178659719 -0.055156701168564783 0.018431599639810139 -0.054861911450363135 -0.049679125898561299 0.004789480743472822 -0.090221466200962497 0.12455369686223575 0.011114318505106125 0.0070839543939246411 -0.091697695597139833 -0.03511101425746814 -0.024295092200279877 0.0017905521440824098 0.011799788828067483 -0.060020728960305185 -0.023275891682809621 0.036947623413436791 0.0079983665544518488 0.054868846153768962 -0.013496492453188947
leaf_weight=7.8004449710272743 54.613365784212988 31.947347799537511 4.1578163904085867 4.0940876880936221 0.20633697519770322 83.858051982878692 533.7190655589294 98.40368189250745 7.4217696478272055 2.0265542703748434 9.2527750016399715 8.3242452350762033 13.04746114815498 5.1398695383718405 7.754250133683172 1.2174285205239801 0.28907911797159691 207.9885169333337 2.1397301456761388 2.1590119737543318 5.5201587931458098 21.263965239447089 46.314764403545269 20.490643968976201 1.5504636031760117 6.4135204689700904 40.49447427371706 59.35968042413856 5.594696405914191 60.535425513401606
leaf_count=3811 7549 6950 956 471 321 40083 233647 57413 682 363 4065 2174 304 1191 4715 235 36 30044 135 75 5721 647 1481 746 124 704 1574 4597 373 3265
internal_value=-8.17513e-11 0.00327341 -0.000642988 0.00855647 -0.0118072 -0.00284618 -0.00421374 -0.0133094 -0.0205689 -0.0099867 -0.0232329 -0.00475054 -0.0376257 -0.040846 0.0214498 -0.00463703 -0.0497122 0.0120297 0.00281191 -0.0425284 0.00352928 -0.015364 0.00547955 0.00641024 0.0141049 0.0258744 0.0333718 0.00141474 0.0120354 -0.00709933
internal_weight=1353.1 629.317 361.404 267.913 85.4097 723.781 639.923 106.204 53.4623 32.9931 23.2123 13.6705 20.4692 5.34621 9.7808 55.8308 9.54185 212.083 275.994 4.29874 271.696 25.4218 246.274 240.754 94.7732 48.4585 42.0449 145.98 64.9544 81.0261
internal_count=414452 79498 41199 38299 20801 334954 294871 61224 13851 12865 7787 3686 986 1512 5078 7784 4101 30515 20398 210 20188 1603 18585 12864 3883 2402 1698 8981 4970 4011
is_linear=0
shrinkage=0.05


Tree=153
num_leaves=31
num_cat=0
split_feature=16 0 0 16 0 14 9 0 0 4 10 11 19 18 10 10 21 17 9 4 21 21 0 3 14 14 9 21 18 9
split_gain=5.46672 5.34166 5.78551 5.42668 4.18039 4.37387 3.97746 4.04666 3.86716 5.23516 3.80218 3.74389 3.62807 3.57408 3.19066 3.13558 3.47699 3.28875 3.77844 3.12301 5.98353 4.99719 3.07226 3.5363 3.05544 3.05068 3.04996 5.57353 4.11795 4.6678
threshold=-0.094249999999999987 0.40980000000000005 0.59750000000000003 -0.072149999999999978 0.60600000000000009 0.54935000000000012 0.21500000000000005 0.51340000000000019 0.27600000000000008 1.7380500000000001 0.56250000000000011 0.81665000000000021 -0.040149999999999991 -0.023099999999999999 0.38750000000000007 0.58750000000000002 0.8501335000000001 0.94079950000000012 0.29000000000000009 1.5040500000000001 0.25039700000000004 0.060791000000000005 0.46920000000000001 0.25385000000000008 0.84945000000000015 0.62835000000000008 0.29000000000000009 0.51326350000000009 -0.85309999999999986 1.0000000180025095e-35
decision_type=2 2 2 2 2 2 2 2 2 2 2 2 2 2 2 2 2 2 2 2 2 2 2 2 2 2 2 2 2 2
left_child=11 8 3 12 -4 -6 7 22 13 24 -11 14 -3 26 -1 16 17 19 -19 20 -7 -21 23 -5 -10 -13 28 -28 29 -2
right_child=1 2 4 6 5 15 -8 -9 9 10 -12 25 -14 -15 -16 -17 -18 18 -20 21 -22 -23 -24 -25 -26 -27 27 -29 -30 -31
leaf_value=-0.014746752521215115 -0.0697560781390099 -0.074560499283808743 0.014148158447750973 0.060570486249189565 -0.062948144270219719 -0.0053188097334110895 -0.051495561702600536 -0.043555519576240924 0.0054386733895844938 0.0032072674281605966 0.043147340140621583 0.048131526231136437 0.045310668782678303 -0.053759938061401495 -0.0023906938920549192 0.0050748636008937807 -0.062762896874626703 0.010805192721316579 -0.053366034378900563 -0.062356660984673962 -0.048732157866514546 0.017554908772672021 0.028224751392549971 -0.047997979928282489 0.031383488729397016 -0.086987136696979619 0.0025078180193093607 -0.027462118434904204 0.0021319736145520339 0.020873710387325901
leaf_weight=59.646201711415074 1.4667628051791428 0.74748413107613476 37.180438269811702 0.94080740837717325 3.1493061847627351 17.696047140915425 13.014438000755034 7.4245353290830272 172.3183984106638 8.7158529215806784 18.837048739690545 0.51201773075592827 4.0585782503189867 2.8594091886367883 421.16970533373387 61.511004774945036 3.0053404290706558 26.514074527552228 2.5111366828859891 2.365250103553989 14.391788674510734 11.316413232052808 5.9862204372386714 3.6988650613066056 12.14779664517698 2.2687076915785838 48.110424062359471 22.89581049362107 317.44984267663062 45.266180894876584
leaf_count=31117 2832 745 3720 77 189 1662 1872 1744 37606 5943 3083 98 395 445 117277 5169 472 2651 255 408 2953 2329 1091 1158 3409 350 13030 5141 142295 24936
internal_value=9.7199e-11 0.00237896 -0.00444283 -0.022776 -0.000782045 -0.00467865 -0.0304253 -0.0152336 0.00464054 0.0101837 0.030513 -0.00425805 0.0266672 0.00195758 -0.00392349 -0.00336139 -0.0100313 -0.00791253 0.00525337 -0.0162618 -0.0247902 0.00374001 0.00455554 -0.0259831 0.00714724 -0.0621076 0.00232367 -0.00715592 0.00417195 0.0180292
internal_weight=1349.18 865.579 215.512 35.8709 179.641 142.46 31.0649 18.0504 650.068 212.019 27.5529 483.597 4.80606 438.048 480.816 139.311 77.8001 74.7947 29.0252 45.7695 32.0878 13.6817 10.6259 4.63967 184.466 2.78073 435.189 71.0062 364.183 46.7329
internal_count=414452 265610 26890 7082 19808 16088 5942 4070 238720 50041 9026 148842 1140 188679 148394 15899 10730 10258 2906 7352 4615 2737 2326 1235 41015 448 188234 18171 170063 27768
is_linear=0
shrinkage=0.05


Tree=154
num_leaves=31
num_cat=0
split_feature=10 16 17 0 16 18 6 19 6 6 16 16 19 7 14 21 7 21 16 19 20 17 11 9 16 21 20 0 16 18
split_gain=5.54449 4.72949 6.57704 6.23417 5.67227 3.56696 4.31371 3.31866 3.75981 6.15455 4.16498 4.27251 3.16594 4.10322 6.87756 4.76383 4.21386 4.05799 3.73059 3.63512 7.61766 8.51491 5.72333 5.00936 5.21121 7.12637 4.95745 4.91399 4.57038 4.30825
threshold=0.61250000000000016 -0.060649999999999989 0.57481250000000006 0.12950000000000003 -0.047949999999999993 -0.85559999999999981 2197.5000000000005 -0.10224999999999999 394.50000000000006 508.50000000000006 -0.072849999999999984 -0.074449999999999975 -1.0000000180025095e-35 0.45635000000000003 0.54935000000000012 0.040202000000000009 0.44905000000000006 0.944554 -0.0048499999999999993 -0.019749999999999997 0.040202000000000009 0.96513150000000014 0.58335000000000015 0.31500000000000006 -0.096949999999999995 0.5239370000000001 0.66622100000000006 0.67320000000000013 -0.12694999999999998 -0.46119999999999994
decision_type=2 2 2 2 2 2 2 2 2 2 2 2 2 2 2 2 2 2 2 2 2 2 2 2 2 2 2 2 2 2
left_child=1 7 -3 4 -4 -6 -7 -1 -9 -10 11 -11 19 15 -15 -14 18 -16 -17 -2 23 26 27 29 -25 -26 28 -23 -22 -21
right_child=12 2 3 -5 5 6 -8 8 9 10 -12 -13 13 14 17 16 -18 -19 -20 20 21 22 -24 24 25 -27 -28 -29 -30 -31
leaf_value=-0.034224419537347915 0.0024629073892110769 -0.033929795176631319 -0.046080800931752111 0.0061429981968274929 0.025390757354313034 -0.0062103203017156794 -0.067175287505823994 0.010016972449294149 -0.030875189868207316 -0.0044137597681262021 -0.021036511674210591 0.037709681714261742 0.029869982474510337 -0.24762005384303226 0.0098797231187714041 -0.008079206195497967 -0.053404135321764946 -0.032791398417196908 -0.05996441156635815 0.026597463157238949 -0.026488233932702773 0.05865705988636806 0.001619079298427335 0.035488526626228006 -0.0082180120710556043 -0.08245565607379822 0.081552345587817654 -0.017896993821658755 0.012899020561151298 -0.003930746757095949
leaf_weight=10.72645154098859 333.30696313415308 12.744708276966319 9.8502947574424962 261.12578463909108 8.2658253407769262 44.30173229988759 3.1049055025528096 33.291576613086818 26.187162989240619 266.36978914744304 38.47005901314003 6.1588949541408047 6.1809403235174605 0.26792572012345672 64.384387458957349 51.242436606758929 6.7660684523252703 6.0994713404047607 3.715630342523581 18.073677643667907 9.1207641662604129 24.220721152503305 7.1477388471503209 2.9460672933491905 8.0784250976284948 5.3892043186351648 2.2330070398274975 2.2948360877562655 38.26290832464656 32.051265442714794
leaf_count=88236 67813 71972 5536 49662 6670 22170 1747 16301 9708 51064 10670 1218 520 28 4661 1690 258 611 78 342 373 275 116 82 136 63 234 61 1582 575
internal_value=5.61106e-11 -0.00298494 0.00130803 0.00268288 -0.0111066 -0.00491851 -0.0102032 -0.00680706 -0.00601324 -0.00759596 -0.00563577 -0.00346181 0.00345932 -0.00320049 0.00522596 -0.0119802 -0.016171 0.00618709 -0.0115871 0.00537068 0.0118397 0.0219175 0.0413275 -0.000773668 -0.0247481 -0.0379249 0.00874843 0.0520316 0.00531747 0.00707689
internal_weight=1342.38 720.597 339.393 326.649 65.5228 55.6725 47.4066 381.204 370.477 337.186 310.999 272.529 621.782 138.657 70.7518 67.9051 61.7241 70.4839 54.9581 483.126 149.819 83.28 33.6633 66.5386 16.4137 13.4676 49.6167 26.5156 47.3837 50.1249
internal_count=414452 334954 157757 85785 36123 30587 23917 177197 88961 72660 62952 52282 79498 7846 5300 2546 2026 5272 1768 71652 3839 2641 452 1198 281 199 2189 336 1955 917
is_linear=0
shrinkage=0.05


Tree=155
num_leaves=31
num_cat=0
split_feature=10 19 19 20 19 17 17 3 14 9 6 3 3 14 6 3 3 10 14 0 17 12 17 9 0 19 0 0 7 7
split_gain=5.8166 4.87777 5.4594 7.44454 5.3955 4.81296 5.64365 4.7935 6.2507 4.84253 4.73572 6.22421 4.45639 6.21118 5.50093 4.30041 3.95568 5.09249 4.60855 4.30077 3.74212 4.40634 3.68553 3.66608 3.7353 6.66859 5.70402 3.58971 3.52029 6.49721
threshold=0.61250000000000016 -1.0000000180025095e-35 -0.019749999999999997 0.49193300000000001 -0.018549999999999994 0.99421400000000004 0.96513150000000014 0.38365000000000005 0.69185000000000008 0.35500000000000004 526.50000000000011 0.35255000000000009 0.47445000000000004 0.76065000000000016 1078.5000000000002 0.24425000000000002 0.70015000000000016 0.38750000000000007 0.82415000000000016 0.12950000000000003 0.95109350000000015 0.21295000000000003 0.94427700000000014 0.29000000000000009 0.093200000000000019 -0.0099499999999999988 0.40400000000000008 1.0000000180025095e-35 0.44295000000000007 0.42525000000000007
decision_type=2 2 2 2 2 2 2 2 2 2 2 2 2 2 2 2 2 2 2 2 2 2 2 2 2 2 2 2 2 2
left_child=16 2 7 4 22 6 15 8 -2 -10 11 -3 14 -14 -7 -6 17 28 23 -18 -9 -22 -4 -19 -25 26 -26 -15 29 -1
right_child=1 10 3 -5 5 12 -8 20 9 -11 -12 -13 13 27 -16 -17 19 18 -20 -21 21 -23 -24 24 25 -27 -28 -29 -30 -31
leaf_value=-0.023359040439099393 0.00079350690487247104 0.00045433836493977402 -0.040280029698369177 0.070208879009299341 -0.025659479880500713 -0.0079665710906700257 0.031206999315727207 -0.0071361642550716552 -0.0190280099169781 -0.096358609468291376 0.001200064281014167 -0.038532769358173069 -0.063397503055022078 0.036376894323461216 0.03194024340275415 0.012477022078604771 -0.016380077778307908 -0.0010186366025829261 -0.049617011725702181 0.008332872699251653 0.012989143648805032 -0.035055732295390732 0.055087552102347975 -0.044397127182601935 0.021071789215535552 -0.026516012960689957 -0.068416495479185685 -0.028667872946038897 -0.0309285165362654 0.012705560394354385
leaf_weight=31.16035648085716 124.62354716145757 20.531766123737043 1.1290698805569253 5.6277227037289768 9.2561950205636077 24.336225289967842 36.128487924055662 33.657596504512583 27.616913516057256 2.1846059610606963 100.0719327156653 20.417470859751234 6.3820891869836478 3.9950858408119512 13.38481260233675 36.705706053762697 20.752195252057049 444.3490864131922 5.2462758419130742 116.08704698474344 140.81421753805625 4.9396611597912843 9.8602521929424238 8.9239035619676752 18.201678271990776 24.456409581078788 1.9737904215917286 4.5222106421133503 27.869284774864013 20.840851285307394
leaf_count=37183 21146 1125 115 584 308 458 441 34412 5635 223 5367 1354 135 107 251 1200 27793 190686 8612 39344 5960 437 115 6215 10851 1591 1335 125 5524 5820
internal_value=7.51065e-11 0.00352409 0.00590327 0.0137811 0.0116015 0.00885338 0.0164201 0.00233227 -0.0041257 -0.0246967 -0.00466115 -0.0189848 -0.00295102 -0.0261032 0.00619384 0.00479677 -0.0030655 -0.00486114 -0.00299933 0.00458506 0.00789084 0.0113609 0.0452893 -0.00250813 -0.0148664 -0.00896185 0.012317 0.00184174 -0.0165898 -0.0089052
internal_weight=1346.05 626.186 485.164 151.328 145.7 134.711 82.0904 333.837 154.425 29.8015 141.021 40.9492 52.6204 14.8994 37.721 45.9619 719.861 583.022 503.151 136.839 179.411 145.754 10.9893 497.905 53.5558 44.6319 20.1755 8.5173 79.8705 52.0012
internal_count=414452 79498 71652 3839 3255 3025 1949 67813 27004 5858 7846 2479 1076 367 709 1508 334954 267817 219290 67137 40809 6397 230 210678 19992 13777 12186 232 48527 43003
is_linear=0
shrinkage=0.05


Tree=156
num_leaves=31
num_cat=0
split_feature=16 0 10 0 3 3 3 3 16 16 10 0 0 14 16 7 11 7 7 14 14 0 21 12 19 21 20 7 10 21
split_gain=5.20657 3.76781 3.30459 3.30315 4.59663 4.64829 3.96135 3.84995 4.13868 3.8336 4.89125 3.9058 3.66848 5.30099 3.35654 3.26626 3.20188 3.45112 3.20048 2.98052 2.97604 2.95553 2.94236 2.80427 2.79508 2.79273 4.59742 4.56218 4.56434 3.07917
threshold=-0.21624999999999997 0.8600000000000001 0.61250000000000016 0.12950000000000003 0.46545000000000009 0.49745000000000006 0.46335000000000004 0.70015000000000016 -0.063249999999999987 -0.072849999999999984 0.48750000000000004 0.27600000000000008 0.40400000000000008 0.53860000000000008 -0.015149999999999999 0.5293500000000001 0.27500000000000008 0.42245000000000005 0.43735000000000007 0.64265000000000005 0.82415000000000016 0.74975000000000014 0.14334650000000002 0.05605000000000001 -0.048449999999999993 0.11131750000000001 0.13136350000000002 0.41145000000000004 0.33750000000000008 0.99841250000000004
decision_type=2 2 2 2 2 2 2 2 2 2 2 2 2 2 2 2 2 2 2 2 2 2 2 2 2 2 2 2 2 2
left_child=1 24 3 4 6 -6 -2 8 9 20 -11 -12 13 -10 -15 -3 17 21 -19 -13 -5 -14 23 -18 -1 27 -27 28 -16 -28
right_child=2 15 -4 7 5 -7 -8 -9 12 10 11 19 16 14 25 -17 22 18 -20 -21 -22 -23 -24 -25 -26 26 29 -29 -30 -31
leaf_value=-0.019588485002371283 -0.001647308040565474 -0.07489383936718734 0.0037070274125254364 -0.00399972123926932 -0.053494601009832693 -0.012942066159581857 0.078377137607605507 0.0088155079036305924 0.077026647701388826 -0.057389172189005813 0.04052308250183418 -0.089830203824870516 -0.02039204577613354 0.012059572766959042 0.074605136280129866 0.021662749986115972 0.056010924407890066 0.034956492370574327 -0.0027365242684781899 -0.01269119895564943 -0.068076569702575224 -0.10215255246739502 -0.085872805341456693 -0.055087598463208126 -0.0026133297156539729 -0.048556502868488456 0.0094768419770060036 0.018292559513080814 -0.04566447521876954 1.0348483767481029
leaf_weight=36.398479937634534 78.682002969970426 3.830087099561637 576.01830944814685 152.12627862992986 8.0483127809843591 57.918752517351948 1.5774626752031498 107.50026531066811 2.737789060666727 8.2911805139524422 3.1094584267052587 1.4485954851872964 5.694115034003743 87.360350770558171 0.90818410795316395 1.1355039615809799 1.0211220511255299 6.1146345607323829 71.293819668881952 9.2376719754631704 1.8339197178590882 1.3715632308928887 2.286547946515384 1.279967288924581 72.653913465573169 7.9047709134902089 5.5368569854772431 17.04382795855372 6.0047327949280316 0.0073313861719269671
leaf_count=30098 49537 357 72463 57945 8152 73973 511 37980 214 4507 1603 212 1847 40657 581 184 113 1149 9519 1930 2044 132 540 131 3860 741 4081 4722 4659 10
internal_value=2.42468e-10 -0.0102187 0.000953168 -0.00150107 -0.00811143 -0.0178897 -7.44646e-05 0.000431707 -0.00186384 -0.0075576 -0.0270379 -0.00879692 0.00276464 0.00820343 0.00669322 -0.0528138 -0.00502172 -0.00281239 0.000240916 -0.0231479 -0.00476298 -0.0362631 -0.045703 -0.00578697 -0.00827914 -0.0058398 -0.0240739 0.00439657 -0.0298641 0.0108327
internal_weight=1336.38 114.018 1222.36 646.34 146.227 65.9671 80.2595 500.113 392.613 176.047 22.0869 13.7957 216.566 127.504 124.766 4.96559 89.0618 84.4741 77.4085 10.6863 153.96 7.06568 4.58764 2.30109 109.052 37.4057 13.449 23.9567 6.91292 5.54419
internal_count=414452 34499 379953 307490 132173 82125 50048 175317 137337 68241 8252 3745 69096 55665 55451 541 13431 12647 10668 2142 59989 1979 784 244 33958 14794 4832 9962 5240 4091
is_linear=0
shrinkage=0.05


Tree=157
num_leaves=31
num_cat=0
split_feature=16 19 7 12 6 6 19 20 18 12 18 6 2 18 19 14 20 7 16 19 4 20 7 19 16 11 6 6 20 14
split_gain=5.00579 2.92642 4.96248 4.99509 3.17137 3.21684 4.98987 6.10066 4.12912 6.30283 4.93767 3.44191 3.12138 2.96573 2.90395 3.06003 2.77157 2.72697 2.71751 3.89191 4.6188 3.8588 3.52537 4.92212 3.44029 3.22287 4.8109 3.12745 3.29598 3.83733
threshold=-0.14584999999999998 -1.0000000180025095e-35 0.38785000000000008 0.13995000000000005 172.50000000000003 454.50000000000006 -0.023449999999999995 0.071714500000000014 -0.36989999999999995 0.021750000000000002 -0.64049999999999996 460.50000000000006 0.45000000000000007 -0.22339999999999996 -0.0063499999999999989 0.52505000000000013 0.24499800000000002 0.37995000000000007 -0.030549999999999997 -0.0043499999999999988 1.2859500000000004 0.077194000000000026 0.44845000000000007 -0.0081499999999999993 -0.028049999999999995 0.75000000000000011 850.50000000000011 1012.5000000000001 0.021858500000000006 0.67505000000000015
decision_type=2 2 2 2 2 2 2 2 2 2 2 2 2 2 2 2 2 2 2 2 2 2 2 2 2 2 2 2 2 2
left_child=-1 4 3 12 -2 6 13 8 10 -10 -8 -7 16 -6 15 -9 -3 -14 -13 22 -21 -22 23 24 -20 -26 -27 -24 29 -29
right_child=1 2 -4 -5 5 11 7 14 9 -11 -12 18 17 -15 -16 -17 -18 -19 19 20 21 -23 27 -25 25 26 -28 28 -30 -31
leaf_value=-0.0061635243263595679 -0.058982267667030422 -0.012149775278475258 -0.0011130557893081813 -0.069857954236341821 -0.0063457109980730913 -0.052042276076257769 0.044075356470791437 -0.087148900918838368 -0.11127432682013082 0.031664018313312718 -0.084506137706523654 0.00029762777172316499 -0.039113695513105236 0.028688802126103793 0.056047170968951746 0.027837011138813313 0.10628281095964059 0.017737827195717901 0.030031335467048267 0.061320367601588391 0.03717993044973248 -0.028942431000054416 0.030668065965078276 -0.039253681729563936 -0.0025403170378967012 -0.039165158087656859 0.064115031834262023 -0.087047060992888003 -0.00090310864990677782 0.028010850126953188
leaf_weight=264.26828891938521 2.0504016481942235 1.0006932682085796 274.96817456426334 5.1729944216122012 33.079631922800559 2.9151969806711113 1.0244210753589871 0.59663690789602952 0.87531543662771394 6.4849660009358558 2.7533696126774885 476.89499364798201 7.1607197418943542 7.3900698285797253 11.412245433512 19.136099877579909 0.97561151813715685 2.9900558317326613 10.232731402660191 6.9848503226821768 4.8329032627807447 4.06008733463932 19.621747417500501 7.5734405899056574 96.383978975481568 1.5466520946454227 4.1609652048625776 0.7520874747424412 38.959907466039567 19.873343405211926
leaf_count=79922 19534 28 17107 117 75399 1708 25 25 19 131 50 138776 303 8893 392 1673 11 122 4302 190 118 304 5706 236 49299 342 363 15 8882 460
internal_value=6.0005e-11 0.00151962 -0.00274728 -0.0287217 0.00311926 0.00328303 0.0126018 0.0246135 -0.00714531 0.0146652 -0.0496388 0.00217312 -0.0111744 5.18528e-05 0.0359711 0.0243603 0.046315 -0.0223673 0.00240156 0.00706869 0.0308916 0.00699182 0.00516891 -0.00023873 0.00239184 -0.000378487 0.0361281 0.0133546 0.00765318 0.0238154
internal_weight=1336.13 1071.86 292.268 17.3001 779.596 777.546 82.7528 42.2831 11.1381 7.36028 3.77779 694.793 12.1271 40.4697 31.145 19.7327 1.9763 10.1508 691.878 214.983 15.8778 8.89299 199.105 119.898 112.324 102.092 5.70762 79.2071 59.5853 20.6254
internal_count=414452 334530 17688 581 316842 297308 86607 2315 225 150 75 210701 464 84292 2090 1698 39 425 208993 70217 612 422 69605 54542 54306 50004 705 15063 9357 475
is_linear=0
shrinkage=0.05


Tree=158
num_leaves=31
num_cat=0
split_feature=10 21 9 9 3 7 3 21 7 14 12 3 10 9 20 0 17 17 3 20 19 0 6 4 0 21 9 20 21 17
split_gain=4.78095 5.35395 4.03241 5.28173 4.48982 3.89383 4.78475 5.13986 4.23522 3.75011 3.70665 3.59382 5.56997 4.80064 5.62184 4.6256 3.60385 3.56245 3.70386 3.53329 4.3759 5.56111 3.96334 3.7329 3.53081 3.43836 3.41752 3.56789 4.00832 3.39962
threshold=0.58750000000000002 0.48581450000000004 0.21500000000000005 0.24000000000000002 0.25805000000000006 0.44845000000000007 0.61825000000000008 0.59956900000000013 0.35325000000000006 0.59415000000000007 0.033250000000000009 0.57895000000000008 0.31250000000000006 0.065000000000000016 0.53862750000000015 0.11280000000000001 0.56774750000000007 0.57481250000000006 0.098850000000000007 0.44208400000000003 -0.0043499999999999988 0.38900000000000007 424.50000000000006 1.4466500000000002 0.67320000000000013 0.53071700000000011 0.29000000000000009 0.047809500000000012 0.36867650000000002 0.78453650000000008
decision_type=2 2 2 2 2 2 2 2 2 2 2 2 2 2 2 2 2 2 2 2 2 2 2 2 2 2 2 2 2 2
left_child=11 9 4 5 25 8 7 -7 -4 -2 -9 12 -1 -13 15 16 -15 18 -14 24 22 -22 -21 -23 -19 -3 27 -26 -29 -28
right_child=1 2 3 -5 -6 6 -8 10 -10 -11 -12 13 17 14 -16 -17 -18 19 -20 20 21 23 -24 -25 26 -27 29 28 -30 -31
leaf_value=-0.036206738574932527 -0.0094893918719559031 0.032276459450950638 0.049514519217700004 -0.0017232795231804394 0.0080256682081102006 -0.053048728508738791 -0.048965684358514575 -0.039152282088305235 -0.03774928546410785 0.009638997614069833 0.044791929489741707 0.012428307533156885 0.050521962926518185 0.046438754138891356 -0.053202241475756584 0.002359542348919527 -0.027642922740777606 -0.0030573643671184345 -0.05309357050921213 0.066905363087905192 -0.094587658675965955 0.029915987676154627 -0.013130348391688737 -0.067407986453077814 0.0073965620861897279 -0.019454989126328384 0.041049624959594529 -0.0015675382641449566 -0.035266854876638672 -0.064674338977407847
leaf_weight=14.771228578047042 28.26703003984403 3.6593225654112329 1.4717072078166236 185.62788096182646 154.34096368126632 2.2682007606672405 3.9708734865425859 1.5788400976325627 25.175121852329198 273.91538105745065 7.8706153320226804 72.469770869531203 0.99602603414757496 1.7785895983462321 5.4121168714152637 128.58290256633552 21.325009165638448 298.52582718493863 6.4321251456532309 5.7459998040064901 1.4801220292647466 5.5042172145585937 2.1165712041953384 1.2000590188545173 16.077409829772591 26.279215015056025 0.87803230825374967 15.36400326601324 20.729031173769727 5.6739809967912151
leaf_count=8439 2257 487 1422 19693 21057 135 519 120 4437 45501 384 39358 5875 3160 39117 30894 13331 63147 92418 3414 55 273 8098 95 1820 5971 94 1093 1430 358
internal_value=-2.44251e-11 0.0027941 -0.000911745 -0.00535787 0.00458834 -0.0212945 -0.00153213 0.0145421 -0.0329297 0.00784967 0.0307663 -0.00319355 -0.00608205 0.00178268 -0.00312816 -0.00134154 -0.0219399 -0.00491328 -0.0392 -0.00423102 0.0187211 -0.00687048 0.0453601 0.0124951 -0.00526198 -0.013132 -0.0164695 -0.0121949 -0.0209218 -0.0505063
internal_weight=1339.49 714.425 412.243 227.963 184.28 42.3354 15.6885 11.7177 26.6468 302.182 9.44946 625.063 395.495 229.568 157.099 151.687 23.1036 380.723 7.42815 373.295 16.047 8.1844 7.86257 6.70428 357.248 29.9385 58.7225 52.1704 36.093 6.55201
internal_count=414452 101983 54225 26710 27515 7017 1158 639 5859 47758 504 312469 186609 125860 86502 47385 16491 178170 98293 79877 11935 423 11512 368 67942 6458 4795 4343 2523 452
is_linear=0
shrinkage=0.05


Tree=159
num_leaves=31
num_cat=0
split_feature=10 19 12 12 21 10 10 12 17 6 10 6 4 17 18 10 2 9 21 7 21 9 9 18 10 12 4 18 19 21
split_gain=4.82925 3.07459 3.48911 3.24871 5.75989 5.49612 3.74303 5.34573 3.72799 5.36152 3.33663 3.62737 4.57425 4.05977 5.03157 3.59884 3.33193 3.64115 3.90353 3.2812 3.03876 3.10355 5.21456 5.20291 4.56608 4.74409 4.57892 3.40536 3.9974 3.32033
threshold=0.61250000000000016 -0.078749999999999987 1.0000000180025095e-35 0.24245000000000003 0.96178150000000018 0.41250000000000003 0.33750000000000008 0.14615000000000003 0.9178495000000001 1702.5000000000002 0.38750000000000007 730.50000000000011 1.4751500000000004 0.9582210000000001 -0.63654999999999984 0.26250000000000007 0.45000000000000007 0.14000000000000004 0.60039550000000008 0.46535000000000004 0.48581450000000004 0.21500000000000005 0.24000000000000002 -0.60919999999999985 0.76250000000000007 0.019250000000000003 2.0435500000000002 -0.71749999999999992 -0.049049999999999989 0.64715950000000011
decision_type=2 2 2 2 2 2 2 2 2 2 2 2 2 2 2 2 2 2 2 2 2 2 2 2 2 2 2 2 2 2
left_child=1 2 -1 4 8 -5 -6 -8 9 -3 11 15 13 -13 -15 -10 -7 -18 -19 -20 -2 -22 29 24 25 -24 -26 -27 -29 -23
right_child=20 3 -4 5 6 16 7 -9 10 -11 -12 12 -14 14 -16 -17 17 18 19 -21 21 22 23 -25 26 27 -28 28 -30 -31
leaf_value=0.075495123308354811 0.0073111331840940569 -0.007167626882820112 -0.017654527894876943 -0.0018628999996400633 -0.072973972890678501 -0.030129999040449149 -0.027066899349599702 0.022650305973784549 0.035787727533672709 -0.059354645332812143 0.0019288171050077471 -0.048105679314296372 -0.043563739548497508 -0.084885063245263445 0.039136895819192601 -0.06315595479140787 0.037991542910795803 0.027351622113520185 -0.04648391555314417 0.01043437079398794 0.0054963183754233105 -0.041488044490852319 -0.035309981780671587 -0.0071273143069754174 0.034637202527330553 -0.0035792878331654741 -0.083022062645491224 -0.010324233143793216 0.046831898757909524 -0.010048234626041763
leaf_weight=1.0290381242992896 262.91564212787671 142.12650561269493 43.566984008610348 104.2862572791671 3.3448998685480538 3.2380314615766101 28.45853872083444 6.6748357089018091 1.0884731076657796 5.0980965187977736 313.85169247033002 2.2196892611391403 5.2593328624643609 0.90555495244916784 8.4387991151015687 5.9033754745320266 20.158616700157836 12.838459965089898 4.4262308430907051 5.9166811134405179 157.21446591041411 12.702404717617581 7.2175997223434925 100.13500890141074 20.621658839131218 20.824997517318025 0.86143875036304862 4.5235273361973887 9.449244216344594 24.780356594719365
leaf_count=2497 37185 79041 205705 17052 206 386 2350 472 25 7524 14913 267 512 27 265 259 1462 1297 417 277 20558 1597 909 8500 866 3746 206 1645 256 4030
internal_value=5.63589e-11 -0.00279038 -0.0155051 -0.00194939 -0.0038128 0.00451506 -0.0224331 -0.0176213 -0.0023352 -0.00897476 0.000559687 -0.0174836 -0.00490363 0.012679 0.027118 -0.0477527 0.018795 0.0224504 0.00893567 -0.0139237 0.00322869 0.000233306 -0.00388084 -2.75213e-05 0.0111686 0.00158114 0.0299192 0.00923293 0.0283282 -0.0207028
internal_weight=1340.08 718.83 44.596 674.234 523.37 150.864 38.4783 35.1334 484.892 147.225 337.667 23.8152 16.8234 11.564 9.34435 6.99185 46.578 43.34 23.1814 10.3429 621.246 358.331 201.116 163.633 63.4985 42.0154 21.4831 34.7978 13.9728 37.4828
internal_count=414452 334954 208202 126752 105861 20891 3028 2822 102833 86565 16268 1355 1071 559 292 284 3839 3453 1991 694 79498 42313 21755 16128 7628 6556 1072 5647 1901 5627
is_linear=0
shrinkage=0.05


Tree=160
num_leaves=31
num_cat=0
split_feature=16 6 7 17 6 17 4 16 21 3 21 7 3 18 18 10 4 19 3 7 16 3 10 19 6 20 17 20 20 20
split_gain=5.17668 5.09814 4.50746 3.66264 3.85327 4.49262 4.38862 3.37692 5.67034 4.89855 4.54434 3.27143 2.99335 2.91146 5.84821 3.68518 2.84858 2.781 5.38782 3.68157 2.77453 2.73659 4.08264 2.94765 2.98574 2.72925 2.64352 2.6346 2.63594 4.62181
threshold=-0.12694999999999998 124.50000000000001 0.28495000000000004 0.79600750000000009 250.50000000000003 0.58231350000000004 0.63855000000000006 -0.13244999999999998 0.55579500000000015 0.43325000000000008 0.54587550000000007 0.33705000000000007 0.71315000000000006 -0.58939999999999981 -0.63654999999999984 0.23750000000000002 1.5239500000000004 -0.0043499999999999988 0.51005000000000011 0.49455000000000005 -0.053949999999999991 0.26235000000000003 0.71250000000000002 -0.076249999999999998 10716.000000000002 0.50079350000000011 0.72634700000000008 0.49193300000000001 0.31281550000000008 0.29973250000000001
decision_type=2 2 2 2 2 2 2 2 2 2 2 2 2 2 2 2 2 2 2 2 2 2 2 2 2 2 2 2 2 2
left_child=2 -2 -1 4 5 -3 -6 8 10 -9 17 -8 20 14 -14 -15 -7 19 -19 -4 -13 22 -10 24 -23 -20 -22 28 29 -28
right_child=1 3 7 -5 6 16 11 9 21 -11 -12 12 13 15 -16 -17 -18 18 25 -21 26 23 -24 -25 -26 -27 27 -29 -30 -31
leaf_value=0.088327507970933847 -0.078768417980684458 -0.018913081698152038 0.019943023739281626 0.0028383394564618029 0.064424370686281582 0.061864640239743224 0.065536605432237216 -0.049138130150067488 -0.025925328191602218 0.0026674748331937865 0.058076463534092161 -0.040026106522635531 -0.052856795112279989 -0.0596504250838241 0.071601274539391788 0.00033472726391796799 -0.029904113041443126 -0.043997204165286893 0.030653672818262145 -0.083160588547645076 -0.028766679433625028 -0.024332600601122509 0.0094130516352427824 -0.0028704523731435793 0.082142625453065679 -0.073801133988489712 -0.011479179433956811 0.051728213224657919 -0.049414718484492678 0.075405191202473243
leaf_weight=1.2762318435839564 1.9609157261813823 4.3676962594373645 24.245777633985657 923.50449354965872 1.8229705325286421 5.2666184177683135 1.2653722021265128 10.46002168056714 37.202440021666234 8.093872609319531 4.8019159603974222 15.635146152138356 1.3367801433624915 3.0709295809510904 3.2113956206217154 15.402027333234626 1.0073752051978315 6.6136159847428626 5.9655693649838213 0.89787894496657727 15.648488016568029 23.585805649801447 10.474235219238606 193.12398627118 0.67731594990982458 0.69858671557449259 8.6681077840466951 2.1480635558386885 2.9784429298388195 1.8588660151499414
leaf_count=4114 6819 28699 14518 82021 1312 1447 2323 2605 17094 3778 658 70786 16075 1628 3649 17966 669 385 251 138 68001 39835 1077 16022 121 53 7473 618 3547 770
internal_value=1.31834e-10 0.00177387 -0.00545569 0.00193068 -0.00808541 0.0200237 -0.0121804 -0.00582189 -0.00457508 -0.0265387 0.0122173 -0.0141411 -0.0155823 -0.000814238 0.0350211 -0.00963716 0.0471299 0.00648585 -0.0120254 0.0162612 -0.0228256 -0.00731338 -0.0181617 -0.00493415 -0.0213603 0.0197039 -0.014234 0.000293989 -0.00788673 0.00386297
internal_weight=1337.27 1009.15 328.117 1007.19 83.6883 10.6417 73.0466 326.841 308.287 18.5539 43.2233 71.2236 69.9582 23.0211 4.54818 18.473 6.27399 38.4214 13.2778 25.1437 46.9371 265.064 47.6767 217.387 24.2631 6.66416 31.302 15.6535 13.5054 10.527
internal_count=414452 313803 100649 306984 224963 30815 194148 96535 90152 6383 16003 192836 190513 39318 19724 19594 2116 15345 689 14656 151195 74149 18171 55978 39956 304 80409 12408 11790 8243
is_linear=0
shrinkage=0.05


Tree=161
num_leaves=31
num_cat=0
split_feature=16 0 17 19 7 16 4 16 0 7 12 7 7 6 20 19 12 7 2 17 20 20 11 18 16 16 7 11 4 20
split_gain=5.36963 4.62677 4.30424 3.02692 4.62521 4.66276 4.62419 6.77251 4.91122 5.6864 6.5564 4.14682 3.96606 3.83603 5.58421 7.90245 5.36745 3.74614 3.47766 3.36235 6.85379 3.79982 3.35691 6.52768 3.23481 3.18843 3.17509 3.72408 5.44289 4.04956
threshold=-0.21624999999999997 0.8600000000000001 0.35899200000000003 -1.0000000180025095e-35 0.45635000000000003 -0.15804999999999997 1.76285 -0.10804999999999999 0.60600000000000009 0.37995000000000007 0.013650000000000001 0.44295000000000007 0.43385000000000007 454.50000000000006 0.066756000000000024 -0.0099499999999999988 0.011550000000000001 0.45635000000000003 0.45000000000000007 0.82298500000000008 0.29973250000000001 0.11155550000000002 0.81665000000000021 -0.31979999999999992 -0.030549999999999997 -0.18464999999999995 0.44845000000000007 0.75000000000000011 1.7827500000000003 0.13136350000000002
decision_type=2 2 2 2 2 2 2 2 2 2 2 2 2 2 2 2 2 2 2 2 2 2 2 2 2 2 2 2 2 2
left_child=1 -1 -2 13 5 -5 8 -8 9 10 -7 12 -10 14 16 17 -4 -16 -17 20 21 -6 23 -21 -15 -22 27 -26 29 -29
right_child=2 -3 3 4 19 6 7 -9 11 -11 -12 -13 -14 24 15 18 -18 -19 -20 22 25 -23 -24 -25 26 -27 -28 28 -30 -31
leaf_value=-0.0081847876729149831 -0.036354326910063205 -0.055804155192347188 -0.070966688058211852 -0.044348689394895446 0.045334950599048102 0.064766277545562898 0.072645699791479931 -0.063709496929404016 -0.029406719975973834 0.0050911699338541064 -0.044340409458357447 -0.052993960200281645 0.026151085852950312 -0.0003635304090725028 0.0057406360657811994 -0.045034066778754205 0.0017313207521021891 0.078185886134441274 0.052471140031432918 0.050443108898202332 0.08069743540842117 -0.050275818337533654 -0.055572486730745933 0.0033957828182350001 -0.0001414283143264395 0.00090354542417072975 0.014310319977137585 0.066194201100032365 -0.090910233559832285 -0.068600636154694722
leaf_weight=107.11973774112062 7.6770298736200848 5.3559899488384408 2.7765703636679282 9.2755053859941636 1.1435825615189994 1.5703690179483363 1.0549923879734704 6.6552961130983013 8.7147869370539883 78.98458795041563 11.176242191030722 8.7068838902016505 5.0874753966932067 578.33421254469158 40.043845346473972 0.96239622089342702 29.674565106245609 1.8676775426476968 18.364614217925237 7.7477835846366352 1.3646471670508642 11.382403880947093 2.2690440315054721 152.31108888576205 122.250556875597 15.155666888509584 85.328557612589748 5.5886977819700396 0.73760940255283447 0.61889023023604739
leaf_count=33958 103336 541 88 357 99 37 40 240 480 3075 337 409 195 143346 45900 61 989 514 581 234 43 776 65 11049 50686 1832 14437 197 130 420
internal_value=-2.03015e-12 -0.0104524 0.000966152 0.0012031 -0.00294404 -0.010174 -0.00757467 -0.0450521 -0.00504525 9.01739e-05 -0.0308986 -0.0259736 -0.00892827 0.00271218 0.01228 0.021166 -0.00448884 0.00896897 0.0476158 0.00201356 -0.013654 -0.0415469 0.00481705 0.00567315 0.00158159 0.00749486 0.00682541 0.00188193 0.0374974 0.0527553
internal_weight=1329.3 112.476 1216.83 1209.15 322.6 131.226 121.951 7.71029 114.24 91.7312 12.7466 22.5091 13.8023 886.548 93.6897 61.2385 32.4511 41.9115 19.327 191.374 29.0463 12.526 162.328 160.059 792.859 16.5203 214.524 129.196 6.9452 6.20759
internal_count=414452 34499 379953 276617 19268 5170 4813 280 4533 3449 374 1084 675 257349 48133 47056 1077 46414 642 14098 2750 875 11348 11283 209216 1875 65870 51433 747 617
is_linear=0
shrinkage=0.05


Tree=162
num_leaves=31
num_cat=0
split_feature=17 16 2 17 10 10 10 3 17 16 21 16 10 3 17 18 17 6 21 0 18 12 11 19 19 16 17 17 10 9
split_gain=5.04753 4.96239 2.774 3.91795 3.65631 5.94793 5.01006 3.85832 3.15376 3.06212 7.34626 2.99049 2.87913 3.25291 4.23222 5.77631 5.73937 3.96913 3.6193 4.31059 3.22631 3.18971 3.0369 4.85252 4.86346 3.80618 3.24302 4.45467 3.22194 3.11382
threshold=0.35899200000000003 -0.14584999999999998 0.77500000000000013 0.72984300000000013 0.73750000000000016 0.76250000000000007 0.7875000000000002 0.066850000000000007 0.41649200000000003 -0.032549999999999989 0.052911500000000007 -0.060049999999999992 0.61250000000000016 0.38845000000000007 0.99421400000000004 -0.72899999999999987 0.95456050000000003 1012.5000000000001 0.047809500000000012 0.27600000000000008 -0.83819999999999995 0.0064500000000000009 0.58335000000000015 -0.065749999999999989 -0.085249999999999979 -0.11014999999999998 0.97609950000000012 0.98340450000000013 0.68750000000000011 0.26500000000000007
decision_type=2 2 2 2 2 2 2 2 2 2 2 2 2 2 2 2 2 2 2 2 2 2 2 2 2 2 2 2 2 2
left_child=-1 -2 3 -3 -5 9 7 -7 11 -6 -11 -4 -10 -14 16 20 -15 -18 19 -17 -16 -22 25 24 -24 28 -25 -28 -19 -27
right_child=1 2 8 4 5 6 -8 -9 12 10 -12 -13 13 14 15 18 17 22 -20 -21 21 -23 23 26 -26 29 27 -29 -30 -31
leaf_value=-0.038887426409362755 -0.0059580831458768153 -0.031448046077465375 0.073545579307537107 0.00058054237736242394 -0.078540590382051287 -0.085362986143684774 -0.03172145705029375 0.035575977856957576 -5.5159240958479018e-06 -0.094648112447118127 0.037145971346999596 -0.0047406881238931525 0.0013101231272701326 0.00355968244209094 0.0060433084923546439 -0.076648477252847083 0.04121365802721557 0.091164879896555098 -0.0039045426302633593 0.041277159146340607 -0.064120651740032772 0.050026071098863291 0.06997245776022458 0.078040233816255827 -0.065081728905792849 -0.012721436632334349 -0.070195188032698669 0.04752875751083302 0.0010410565866209105 0.020458211464796698
leaf_weight=8.2922908676287062 259.01773005674931 11.28577856059246 3.0730418130356156 233.98535680260966 4.8976384939542186 0.72105260459647791 7.1063424134190418 7.7237443996282309 393.98724204861162 1.8843295911046896 2.4091884180998022 2.0228398661889733 187.10795527806761 51.921710976394934 14.260999258374797 3.5203025051705472 25.518177716698119 2.3796698837540999 49.089149407895093 0.99366195096388299 0.65351959504187007 9.6372197355376539 1.0050871210405605 5.7182299890555424 1.9794183415360738 15.948557857773272 1.0244655869901178 3.7268838846357539 1.7002492924220858 12.703552455699535
leaf_count=121869 41998 85287 3919 58213 599 35 834 640 72727 76 277 4285 9070 9104 380 91 772 49 2710 307 17 228 27 64 57 436 26 55 47 253
internal_value=-1.24902e-10 0.000244848 0.00176346 -0.00261021 -0.0013523 -0.019631 -0.000784186 0.0252497 0.00326218 -0.0515191 -0.0206955 0.0424694 0.00300697 0.00605896 0.0104625 0.00135514 0.01622 0.0253875 -0.00784434 -0.0506894 0.0214401 0.0427771 0.0166434 0.0366415 -0.0195997 0.00842342 0.0526739 0.0221456 0.053607 0.0019895
internal_weight=1325.3 1317 1057.99 270.013 258.728 24.7423 15.5511 8.4448 787.972 9.19116 4.29352 5.09588 782.876 388.889 201.781 78.1549 123.626 71.7043 53.6031 4.51396 24.5517 10.2907 46.1861 13.4541 2.98451 32.732 10.4696 4.75135 4.07992 28.6521
internal_count=414452 292583 250585 145961 60674 2461 1509 675 104624 952 353 8204 96420 23693 14623 3733 10890 1786 3108 398 625 245 1014 229 84 785 145 81 96 689
is_linear=0
shrinkage=0.05


Tree=163
num_leaves=31
num_cat=0
split_feature=16 17 20 12 19 20 6 6 11 19 19 17 16 19 12 6 6 12 7 11 12 9 16 12 18 12 20 20 12 6
split_gain=4.89897 3.34817 3.72143 3.42042 2.7841 2.6368 7.72823 4.47374 4.63843 4.94974 4.06899 3.90252 5.17081 3.79369 3.49741 3.45796 3.43057 3.29634 7.69322 4.6873 4.86183 5.11996 4.37885 4.25455 3.55181 3.36654 3.25996 3.33487 3.76228 3.25988
threshold=-0.21624999999999997 0.9178495000000001 0.37480150000000007 0.14365000000000003 -0.10824999999999999 0.031696000000000009 622.50000000000011 556.50000000000011 0.35835000000000006 -1.0000000180025095e-35 -0.013149999999999998 0.96879400000000004 -0.18204999999999996 -0.055149999999999998 0.080150000000000013 550.50000000000011 478.50000000000006 0.10125000000000002 0.39535000000000003 0.70000000000000007 0.090450000000000016 0.29000000000000009 -0.026049999999999997 0.0056500000000000014 -0.7589999999999999 0.072550000000000017 0.071714500000000014 0.17411250000000003 0.043450000000000009 736.50000000000011
decision_type=2 2 2 2 2 2 2 2 2 2 2 2 2 2 2 2 2 2 2 2 2 2 2 2 2 2 2 2 2 2
left_child=-1 4 5 -4 -2 6 10 8 9 13 -3 -9 -13 -7 26 -12 -11 19 24 20 21 -8 -20 -23 -19 29 -15 28 -28 -25
right_child=1 2 3 -5 -6 7 17 11 -10 16 15 12 -14 14 -16 -17 -18 18 22 -21 -22 23 -24 25 -26 -27 27 -29 -30 -31
leaf_value=-0.010002862283716982 -0.042234368166199819 -0.0042156861244781541 0.0095603367812790163 0.077831694869822887 -0.0030765089860728062 -0.012067689316737479 0.0027768733320842447 -0.0021503967831895624 -0.016534464033157791 -0.011290234809410014 -0.03262511553843464 -0.033321513141870693 0.0097727648558670922 -0.090133937747778434 0.057724813198619267 0.01162693974970334 0.036375258457455477 0.051497479241098987 0.0058446922480582374 0.023308486081581401 -0.02979946321954309 -0.071871828598300866 0.027574796875978958 0.042486606412739263 -0.081161947412651869 -0.042737081489989025 0.069223377729297236 -0.013454279481256598 0.00061107941628615458 -0.010666992227831788
leaf_weight=112.0100228665508 4.6109474004969675 44.757946712366902 4.5232936093298113 3.0864264019255643 292.02109290784944 3.7105561732478263 163.41050318233647 186.9251993558737 8.4100715875101724 12.807796691235128 32.24472844200659 7.243923444315441 178.09539717083862 0.61324266484007495 15.434076022042062 5.1148995905134589 5.3523313515215696 0.5950401966547364 120.38311212797635 18.022494157063193 15.950461239539434 3.2724403387692282 28.712914817972887 3.2482541057979715 3.318250335432821 7.283523276601044 5.5616261683608155 3.4639080781107614 3.118112295793253 25.761206737745852
leaf_count=34499 126251 1627 329 146 204103 987 6454 16657 551 456 3286 334 7350 19 335 659 181 39 5498 554 741 86 1587 118 87 228 138 183 98 871
internal_value=-1.69648e-10 0.000928228 0.00243136 0.0372505 -0.00368519 0.00213788 -0.000443252 0.00496673 0.0178241 0.0235962 -0.0143843 0.00294721 0.00808844 0.0354583 0.0417137 -0.0265666 0.00275821 0.00249246 0.00821311 -0.00120164 -0.00321937 -0.00113063 0.0100295 -0.0172691 -0.0609903 -0.0123457 0.0223426 0.0280225 0.0445751 -0.00471527
internal_weight=1319.06 1207.05 910.422 7.60972 296.632 902.812 472.076 430.736 58.4717 50.0616 82.1176 372.265 185.339 31.9015 28.191 37.3596 18.1601 389.958 153.009 236.949 218.926 202.976 149.096 39.5654 3.91329 36.293 12.7569 12.1436 8.67974 29.0095
internal_count=414452 379953 49599 475 330354 49124 21835 27289 2948 2397 5572 24341 7684 1760 773 3945 637 16263 7211 9052 8498 7757 7085 1303 126 1217 438 419 236 989
is_linear=0
shrinkage=0.05


Tree=164
num_leaves=31
num_cat=0
split_feature=16 17 20 20 3 12 18 10 18 18 6 11 0 0 19 9 16 11 3 17 20 20 12 18 3 16 4 16 20 9
split_gain=4.97274 2.97845 2.36813 2.50068 3.19554 3.81429 2.76925 5.3118 3.73099 2.86048 2.69681 2.53 2.49775 3.62667 3.56703 3.68552 4.50915 3.52959 3.33129 3.57694 4.56326 3.05731 3.73028 3.46209 3.82573 4.10632 3.4912 3.35208 3.34356 3.34314
threshold=-0.14584999999999998 0.92171950000000014 0.50079350000000011 0.49193300000000001 0.26235000000000003 0.10395000000000001 -0.29899999999999993 0.73750000000000016 -0.13179999999999997 -0.35099999999999992 274.50000000000006 0.58335000000000015 1.0000000180025095e-35 0.24500000000000002 -0.084749999999999978 0.14000000000000004 -0.33684999999999993 0.81665000000000021 0.68795000000000006 0.9723035000000001 0.021858500000000006 0.021858500000000006 0.25155000000000005 -0.43249999999999994 0.36595000000000005 -0.15624999999999997 1.8847500000000001 -0.15624999999999997 0.18159550000000005 0.065000000000000016
decision_type=2 2 2 2 2 2 2 2 2 2 2 2 2 2 2 2 2 2 2 2 2 2 2 2 2 2 2 2 2 2
left_child=2 -2 3 4 5 6 7 -1 -8 -9 -5 -11 14 21 -6 18 -17 -18 19 -16 -21 23 28 24 25 -14 -25 -26 -23 -24
right_child=1 -3 -4 10 12 -7 8 9 -10 11 -12 -13 13 -15 15 16 17 -19 -20 20 -22 22 29 26 27 -27 -28 -29 -30 -31
leaf_value=-0.031912864638459687 -0.0029210271889201613 0.0031113053020153819 -0.051266175971237275 -0.059582655037013849 -0.031608255562051761 -0.044516283602466331 0.036144024774723629 0.034777802114548055 -0.017955126591620501 -0.5162432558013953 0.053425750634436137 -0.064648730824347592 -0.066712662293278643 -0.0017155350311317446 -0.0033744454859506571 -0.061037732678161621 0.0074146775855655073 -0.11439582235616769 -0.056935468245605483 0.015329080130577441 0.08462092512830463 -0.053272364891098371 0.054351601427271468 -0.043231838336303008 0.033410914449666526 0.045638354565996651 0.061694521171356431 -0.068415791319030236 -0.0059601510139472551 -0.030259262451582187
leaf_weight=19.43665781314894 277.66947664212501 777.85885839368564 2.8828552070168589 0.63362124488753524 6.0742219734327128 10.544623617023261 6.2206166880832825 4.5376114093028264 6.5351826129448245 0.041152603400404497 3.1645990550846363 0.12589177209883928 2.7251154944387967 96.82522136652733 3.9030722900724859 2.7242290012363801 38.11549611047667 0.60412093320519389 1.0151617069423071 4.3250449353363347 5.2725941916578449 14.226937745926994 2.1701640442249746 7.1891425353824143 9.6435870993518602 1.1592397362692306 0.89102281149826001 0.88215550596942094 5.0632166641048562 2.5267498814814644
leaf_count=2484 292196 42334 48703 220 3236 869 336 199 480 9 1074 10 137 8427 801 141 2076 21 218 136 68 2823 544 193 568 12 19 51 5104 963
internal_value=-6.10817e-11 0.00152443 -0.00620165 -0.00569531 -0.00630039 -0.0179961 -0.010417 -0.020374 0.00842739 0.0272974 0.0345736 -0.175902 -0.00359818 -0.00722644 0.00478335 0.00873353 0.00113948 0.00551414 0.0304151 0.0369832 0.0533955 -0.0187072 -0.0311245 -0.00546347 0.00922643 -0.0331828 -0.0316613 0.0248769 -0.040854 0.00883438
internal_weight=1314.99 1055.53 259.459 256.576 252.778 47.4417 36.8971 24.1413 12.7558 4.70466 3.79822 0.167044 205.336 143.303 62.0339 55.9597 41.4438 38.7196 14.5159 13.5007 9.59764 46.4773 23.9871 22.4903 14.4101 3.88436 8.08017 10.5257 19.2902 4.69691
internal_count=414452 334530 79922 31219 29925 4387 3518 2702 816 218 1294 19 25538 18841 6697 3461 2238 2097 1223 1005 204 10414 9434 980 768 149 212 619 7927 1507
is_linear=0
shrinkage=0.05


Tree=165
num_leaves=31
num_cat=0
split_feature=16 17 21 4 16 21 21 14 21 17 4 0 11 16 17 0 3 19 18 3 18 16 19 9 14 18 11 17 19 18
split_gain=4.9918 3.32338 3.45797 4.34396 3.38369 3.1419 3.31409 3.32635 2.97671 2.87819 2.85992 2.80629 2.2961 2.52248 2.25906 2.54329 2.21285 3.11755 4.87504 4.46329 4.31234 4.01182 3.64752 4.9766 3.58999 3.53428 3.44143 4.3433 4.13024 5.02507
threshold=-0.14584999999999998 0.79600750000000009 0.30019750000000006 1.2118500000000003 -0.10904999999999999 0.36382650000000005 0.36867650000000002 0.80875000000000008 0.24509050000000002 0.61459350000000013 0.63855000000000006 0.84150000000000003 0.81665000000000021 -0.22924999999999998 0.79231650000000009 0.40400000000000008 0.36845000000000006 -0.037949999999999991 -0.62959999999999983 0.37615000000000004 -0.61269999999999991 -0.070749999999999993 -0.015949999999999995 0.14000000000000004 0.72735000000000005 -1.0000000180025095e-35 1.0000000180025095e-35 0.99048750000000008 -0.02845 -0.33259999999999995
decision_type=2 2 2 2 2 2 2 2 2 2 2 2 2 2 2 2 2 2 2 2 2 2 2 2 2 2 2 2 2 2
left_child=12 2 3 8 -5 -4 -7 11 9 -2 -11 -8 -1 -14 15 -10 -3 -18 21 22 -21 -19 -20 -24 -23 -25 -22 -28 -29 -30
right_child=1 16 5 4 -6 6 7 -9 14 10 -12 -13 13 -15 -16 -17 17 18 19 20 26 24 23 25 -26 -27 27 28 29 -31
leaf_value=-0.0058684531430121542 -0.027408051130264833 -0.00077511473972171913 -0.055300076951724279 0.041384833534774249 -0.015680536363105672 0.072886287668840505 -0.036218443913691459 0.0044447166962288667 0.07766534534284425 0.078009552029396759 0.0095866836276550932 0.020654762393385477 0.020799679810896841 -0.1016116716965389 -0.17294078003984548 -0.010624721764370714 -0.00079800643556611744 -0.0018672185458273234 0.07453195307838005 -0.059582928702105735 0.0069668796840917759 0.061388065808155839 -0.091060069550185502 -0.0052899034619223427 0.021274026161894003 0.071377387318610916 0.006166090422269851 0.02655743912897808 -0.046884211704934557 -0.0036083264761931837
leaf_weight=252.95959038743626 4.0699910597065836 354.56157742369248 5.1969287507936306 2.8549323943864264 28.828434749627093 1.0750920632035548 17.159974687178426 11.927739910249839 3.7414533340952394 1.8815690410810919 8.1083974400028165 2.4828085314479713 0.62942022895822436 1.2700152025397518 0.10789032941283938 1.0430588272481598 207.13313268101138 9.939685348159399 4.002335399040021 2.6370498184405724 289.0417019217299 8.7741078203253 0.96005781946587188 3.131182446013554 15.309251729500827 2.8912313010923754 36.385402322863229 4.2473508652183254 14.237884110509189 12.683648207013444
leaf_count=79688 8981 21581 16961 2359 73439 1072 109114 28259 2888 120 3560 873 98 136 24 293 45052 325 118 107 15538 203 46 80 584 103 1484 85 296 985
internal_value=-2.47622e-11 0.00151785 -0.00775708 0.000788149 -0.0105385 -0.0191911 -0.0134429 -0.0163827 0.0197233 0.00803434 0.0224738 -0.0290298 -0.0062797 -0.0610479 0.0533154 0.0584175 0.00236742 0.0041899 0.00674571 0.00508116 0.00412114 0.0248583 0.0364762 0.0146627 0.0358885 0.0315164 0.00459224 -0.00556803 -0.019266 -0.0264955
internal_weight=1309.27 1054.41 88.4783 50.6357 31.6834 37.8425 32.6456 31.5705 18.9524 14.06 9.98997 19.6428 254.859 1.89944 4.8924 4.78451 965.936 611.374 404.241 370.218 359.233 34.023 10.9848 6.98247 24.0834 6.02241 356.596 67.5543 31.1689 26.9215
internal_count=414452 334530 247943 91664 75798 156279 139318 138246 15866 12661 3680 109987 79922 234 3205 3181 86587 65006 19954 18842 18495 1112 347 229 787 183 18388 2850 1366 1281
is_linear=0
shrinkage=0.05


Tree=166
num_leaves=31
num_cat=0
split_feature=16 17 12 6 6 4 21 18 18 10 20 10 19 19 10 20 16 19 17 0 4 4 17 17 0 4 16 16 0 12
split_gain=4.85721 3.62271 2.69898 3.8524 3.95325 2.65211 2.3249 2.17809 3.46221 2.18654 3.10073 2.465 2.08376 2.91215 3.09215 2.05651 9.52939 5.50886 3.8124 3.35324 3.29307 3.4124 3.92998 2.99957 2.84984 3.24812 2.83199 2.91424 3.85286 2.68094
threshold=-0.10394999999999999 0.72634700000000008 0.28885000000000005 250.50000000000003 148.50000000000003 0.63855000000000006 0.25039700000000004 -0.55899999999999994 -0.64979999999999982 0.23750000000000002 0.20037150000000004 0.41250000000000003 -0.10174999999999999 -0.098749999999999991 0.5375000000000002 0.29973250000000001 -0.060049999999999992 -1.0000000180025095e-35 0.87612800000000013 0.15750000000000003 2.4591500000000006 0.95955000000000013 0.77718100000000012 0.75127350000000004 0.71975000000000011 1.8650500000000003 -0.051549999999999992 -0.029549999999999996 0.025200000000000004 0.031050000000000005
decision_type=2 2 2 2 2 2 2 2 2 2 2 2 2 2 2 2 2 2 2 2 2 2 2 2 2 2 2 2 2 2
left_child=12 2 3 4 -2 -5 -6 8 -4 -9 -11 -12 -1 14 -14 18 -17 19 24 26 21 22 -19 -21 25 -3 -18 29 -29 -28
right_child=1 15 7 5 6 -7 -8 9 -10 10 11 -13 13 -15 -16 16 17 20 -20 23 -22 -23 -24 -25 -26 -27 27 28 -30 -31
leaf_value=-0.025542661554231152 -0.062836843550976254 -0.0027302278815152393 -0.054118457725325558 0.05734849149925382 0.042704257512403004 -0.034086352865362275 -0.039683666981290021 -0.057974740498867319 0.056927590863630431 0.052406614312710792 -0.030025411933640628 0.034251406952532988 -0.064022668693663243 -0.004270355481686988 0.060193658136324352 -0.032303829448325307 -0.048592328583900335 0.053349297971628185 0.0032999149976245786 -0.054222901388816018 -0.23212560567197246 0.015056749672501294 -0.059154136530867735 0.059651163610555495 -0.035645164174932728 -0.05832965094304509 -0.059537086394863215 0.030643113272451949 -0.050883242561378765 0.077754528399237022
leaf_weight=11.395043025823552 1.471638700150893 62.697164107852132 0.87577573979263057 0.82313915235090718 4.9923993872610026 21.705808008292252 1.0335570498882587 1.7445030869254186 3.5357909186903402 2.387728658480226 5.5931665580634444 2.0340202763770776 0.59701451345483691 401.34793975903102 3.1154414458212614 9.9242826942286211 1.4008841120325985 0.99558014344075374 712.72848776557714 0.6058615083325084 0.14898179564624925 15.3697949165562 3.5234177988022566 12.70954653950548 8.6191803819674515 2.7416944663827953 0.39837740787424758 5.3706957353570077 1.9847479020404533 3.30999562629313
leaf_count=70542 8880 30628 7799 870 8844 133789 10014 1207 3891 182 7320 970 1814 59215 1112 3769 745 27 48053 1052 12 537 98 2621 649 3242 424 2188 2140 1818
internal_value=4.59073e-11 0.00208799 -0.0115448 -0.0204139 0.0106312 -0.0307456 0.0285733 0.00492332 0.0348829 -0.00631608 0.00268237 -0.0128841 -0.00445582 -0.00386261 0.0402179 0.0028355 0.0121162 0.0217377 0.00217799 0.0370227 0.00207236 0.00382667 -0.0343685 0.0544698 -0.00861934 -0.00505968 0.0183848 0.0268654 0.00864454 0.0630058
internal_weight=1305.18 888.726 46.1975 30.0265 7.4976 22.5289 6.02596 16.171 4.41157 11.7594 10.0149 7.62719 416.455 405.06 3.71246 842.529 55.7422 45.8179 786.787 25.7801 20.0378 19.8888 4.519 13.3154 74.058 65.4389 12.4647 11.0638 7.35544 3.70837
internal_count=414452 281769 183766 162397 27738 134659 18858 21369 11690 9679 8472 8290 132683 62141 2926 98003 15431 11662 82572 10988 674 662 125 3673 34519 33870 7315 6570 4328 2242
is_linear=0
shrinkage=0.05


Tree=167
num_leaves=31
num_cat=0
split_feature=16 10 16 21 21 21 20 9 20 19 14 6 6 21 0 6 7 14 6 6 17 21 14 10 2 0 20 16 4 4
split_gain=4.69112 2.71266 4.60867 4.71589 4.0502 3.78072 4.94824 3.10601 3.07155 2.95593 4.67095 2.50685 4.02045 2.49642 2.77804 2.40717 3.13037 3.38771 2.61149 2.3989 2.32207 2.78671 2.11209 3.11473 4.44039 3.95624 6.78594 4.49425 5.11496 4.35525
threshold=-0.14584999999999998 0.36250000000000004 -0.031549999999999995 0.55515050000000021 0.60039550000000008 0.057307000000000004 0.35429850000000007 1.0000000180025095e-35 0.11155550000000002 -1.0000000180025095e-35 0.56605000000000005 1375.5000000000002 1342.5000000000002 0.90026200000000012 0.21420000000000003 604.50000000000011 0.44085000000000008 0.80235000000000012 964.50000000000011 1105.5000000000002 0.99421400000000004 0.17411250000000003 0.74595000000000011 0.81250000000000011 0.77500000000000013 0.12950000000000003 0.071714500000000014 -0.00034999999999999994 1.14205 1.2029500000000002
decision_type=2 2 2 2 2 2 2 2 2 2 2 2 2 2 2 2 2 2 2 2 2 2 2 2 2 2 2 2 2 2
left_child=-1 2 3 11 8 -4 9 -6 -5 10 -7 12 19 -9 -15 -12 17 18 -17 -2 -11 -22 -3 25 -25 26 27 28 -24 -28
right_child=1 22 5 4 7 6 -8 13 -10 20 15 -13 -14 14 -16 16 -18 -19 -20 -21 21 -23 23 24 -26 -27 29 -29 -30 -31
leaf_value=-0.0060983594125415541 -0.019791463013089323 0.00053284233474881054 -0.02065910170147478 0.073144203424464788 0.019337922349026732 -1.3191771823064169 -0.055241090690967588 -0.030329059987892228 -0.0095095516479762887 0.0085272180036208341 0.073813946944665726 -0.063367062718685099 0.089892987001363001 -0.098151563626754895 0.046652467169425109 -0.034713987246219151 0.038252263406865245 -0.068096422348381605 0.066803979466256866 -0.065813644983187564 -0.11150245923880908 0.054400084237766079 0.075297832740299678 -0.06791597255207471 0.035378183571670503 0.0083997211813467507 0.032776937511988624 -0.054362045193816481 0.0045119795142383482 -0.029373047604966236
leaf_weight=253.90922909403594 14.041536556248454 627.90259110489274 9.3508055239431069 2.7905271654744892 6.1032271153373499 0.0063922384142703894 2.2187136504358014 14.341570141917204 1.8821335709293405 4.3306843085738391 2.9896533806193046 5.2807979059056143 0.74007597148670257 0.39313088839696719 2.1032412214130431 1.1013287013363418 11.701831664857307 1.6425236045204199 1.4913059465791318 3.5467182726131332 0.95733123157697242 0.34410052650491707 2.64637058644439 1.1243284480369737 13.941506436882719 210.5878452266175 3.1353795553376953 3.1052546016544502 71.603303369789501 27.921377818449628
leaf_count=79922 13855 139476 5305 160 3789 4 7275 9669 2451 257 586 2260 147 957 631 593 1765 1817 887 1447 45 86 80 186 362 72561 4163 222 4556 58938
internal_value=5.76797e-11 0.00147564 -0.00696047 -0.0166062 -0.00257824 0.00671296 0.0162691 -0.0112203 0.0398515 0.0227279 0.0321877 -0.0330138 -0.0242683 -0.0222967 0.0238486 0.0326441 0.024921 -0.0119137 0.02368 -0.029072 -0.00907243 -0.0676376 0.00224174 0.00545374 0.0276696 0.00440453 -0.00335607 0.00457024 0.00703489 -0.0230986
internal_weight=1303.23 1049.33 87.3576 51.223 27.6138 36.1347 26.7839 22.9412 4.67266 24.5652 18.933 23.6091 18.3283 16.8379 2.49637 18.9266 15.937 4.23516 2.59263 17.5883 5.63212 1.30143 961.968 334.065 15.0658 319 108.412 77.3549 74.2497 31.0568
internal_count=414452 334530 53986 35366 17657 18620 13315 15046 2611 6040 5652 17709 15449 11257 1588 5648 5062 3297 1480 15302 388 131 280544 141068 548 140520 67959 4858 4636 63101
is_linear=0
shrinkage=0.05


Tree=168
num_leaves=31
num_cat=0
split_feature=10 3 10 7 14 12 19 9 7 19 7 19 2 19 9 20 3 11 3 20 12 3 0 14 6 20 14 6 6 20
split_gain=3.59276 2.96262 3.6946 3.8858 3.66228 3.08209 2.82266 2.6203 2.52971 4.22089 3.64944 3.4679 3.25164 3.44954 3.05225 4.88437 5.28403 4.50046 3.44631 3.37373 3.96111 3.63635 4.217 3.57457 4.60241 3.1155 3.09709 3.0091 2.93713 4.13189
threshold=0.58750000000000002 0.70015000000000016 0.36250000000000004 0.44295000000000007 0.75245000000000006 0.012950000000000001 -0.050949999999999988 1.0000000180025095e-35 0.36785000000000007 -0.029449999999999994 0.37855000000000005 -0.027449999999999999 0.77500000000000013 -0.063749999999999987 0.21500000000000005 0.22263500000000003 0.23925000000000005 1.0000000180025095e-35 1.0000000180025095e-35 0.11155550000000002 0.053550000000000007 0.37095000000000006 0.28280000000000011 0.71225000000000016 1012.5000000000001 0.99866300000000019 0.62835000000000008 472.50000000000006 436.50000000000006 0.31281550000000008
decision_type=2 2 2 2 2 2 2 2 2 2 2 2 2 2 2 2 2 2 2 2 2 2 2 2 2 2 2 2 2 2
left_child=1 2 3 -1 -5 -3 -6 -2 9 12 -10 -11 -4 -14 18 16 17 -16 -12 27 23 -22 -23 24 26 -17 -21 -18 -20 -30
right_child=7 5 8 4 6 -7 -8 -9 10 11 14 -13 13 -15 15 25 19 -19 28 20 21 22 -24 -25 -26 -27 -28 -29 29 -31
leaf_value=-0.0067851858310924293 -0.020816284384333347 0.080863354982114166 -0.02368961539078257 -0.00094621338939073678 0.019925411875326704 0.0032638716251273316 -0.0549062179182013 0.0028568467587263241 -0.0346299490940912 0.086267578297384573 0.063152753052045027 0.019763731310625116 0.074918314317091381 -0.039276908653215592 -0.047493458538531236 -0.036862801888985323 -0.047211266052267171 0.035505792234367971 0.017129179589951363 -0.079694747294072554 -0.051083063207747484 -0.045396873786394898 0.035146015452506736 -0.0036679516079444266 -0.045102906619948264 0.089877120258247054 0.0830804477961683 -0.0040623869177880056 -0.00072965061313070255 -0.033180705100575664
leaf_weight=36.229499469056066 11.892722794741415 1.2930987153957847 8.2154303208596122 5.9114940252895876 1.3950319968522542 122.39985182341991 13.035026590943286 682.6415861303683 9.4294066078693941 2.6463856448244769 2.1425013138345994 7.560713477251765 2.0025214590983187 0.98738415321713446 11.187144112024724 17.695019564272233 4.2695070859804209 1.9124333284444208 21.58315911830789 0.30798277541180308 3.06767155634543 2.2482173103885525 5.8638415984423773 3.416386314545889 0.92389610051668558 0.4985482149006647 5.7115752244690157 75.339670695012956 225.43250413302826 10.255385632809007
leaf_count=31238 3118 624 36339 1032 1201 64629 1456 98865 12954 47 158 274 11931 735 697 33836 385 107 15106 13 572 2365 776 1469 414 246 344 5980 38811 48730
internal_value=7.65503e-11 -0.0028238 -0.00460431 -0.0166043 -0.0340928 0.0040751 -0.0476718 0.00245148 -0.00299831 0.0137466 -0.00389181 0.0370061 -0.00744076 0.0372066 -0.00315215 -0.00932805 -0.00549631 -0.0353762 9.20437e-07 -0.00162662 0.0159287 -0.00471187 0.0128239 0.0382027 0.0588043 -0.0333898 0.0747523 -0.0063765 -0.000524995 -0.00214168
internal_weight=1297.5 602.961 479.268 56.5711 20.3416 123.693 14.4301 694.534 422.697 21.4124 401.285 10.2071 11.2053 2.98991 391.855 132.442 114.248 13.0996 259.414 101.149 21.5396 11.1797 8.11206 10.3598 6.94345 18.1936 6.01956 79.6092 257.271 235.688
internal_count=414452 312469 247216 34927 3689 65253 2657 101983 212289 49326 162963 321 49005 12666 150009 47204 13122 804 102805 12318 5953 3713 3141 2240 771 34082 357 6365 102647 87541
is_linear=0
shrinkage=0.05


Tree=169
num_leaves=31
num_cat=0
split_feature=16 17 20 0 14 6 16 21 21 14 10 6 21 0 0 14 0 0 21 17 7 16 21 9 16 0 21 19 14 14
split_gain=4.93168 3.1416 2.59997 3.51584 3.16393 2.79722 2.69748 3.03785 2.062 5.59987 2.26625 4.65199 2.69546 3.43246 2.69181 5.50293 4.37484 4.15895 4.41876 3.99671 3.74451 3.45111 3.42621 3.60839 2.65558 2.67827 2.59103 2.57316 2.53388 5.40657
threshold=-0.096049999999999983 0.67950400000000011 0.28597950000000011 0.34500000000000003 0.67795000000000016 1438.5000000000002 -0.040649999999999992 0.28611550000000008 0.92344350000000019 0.56605000000000005 0.81250000000000011 2503.5000000000005 0.61925850000000016 0.9900000000000001 0.34500000000000003 0.67505000000000015 0.40980000000000005 0.28980000000000006 0.6252660000000001 0.98691650000000009 0.45715000000000006 -0.034649999999999993 0.77792650000000008 0.24000000000000002 -0.021049999999999996 0.8600000000000001 0.6801640000000001 -0.014549999999999999 0.68185000000000007 0.70455000000000012
decision_type=2 2 2 2 2 2 2 2 2 2 2 2 2 2 2 2 2 2 2 2 2 2 2 2 2 2 2 2 2 2
left_child=-1 2 3 -2 6 -5 7 -4 10 -10 12 -12 -3 14 17 22 19 18 21 26 27 -14 23 24 25 -16 -17 -19 -18 -30
right_child=1 8 4 5 -6 -7 -8 -9 9 -11 11 -13 13 -15 15 16 28 20 -20 -21 -22 -23 -24 -25 -26 -27 -28 -29 29 -31
leaf_value=-0.0042035326657001377 0.040392666878781597 0.0035894850773489778 0.082685914600934093 0.0029241505545539188 -0.031065811859852362 -0.090257741079411147 -0.024847384553060608 -0.014348632124091818 -0.06527439517118698 0.026687784785293323 0.01002002117861233 0.081631362330460172 -0.082021136307473874 0.076719539423088526 -0.075696365447840794 0.03982562515938199 0.059906183659127504 0.017021898838439849 -0.0038834562797207695 0.053350909115908229 -0.077473736531316506 0.059717702145381239 0.018271401631954971 0.0082200184376820876 -0.31996615575461268 0.041124124610966505 -0.0093209644278850114 -0.052067846240516913 -0.065978436368403004 0.0029127157105703159
leaf_weight=452.92247159010708 4.6640049780523878 594.91596785086961 1.8823263200581553 2.8133848911750197 18.816637992446431 1.1284155022394768 2.9290279240789259 1.411380735241323 1.8161645147588412 18.699297909519601 20.668497438285161 2.547367336745082 2.9597327895585299 1.3187866466651019 4.7632722965281573 4.2664899999717836 1.6081063523597574 3.0168841556908319 89.351990941750159 9.0582929238153138 4.0137612243561307 0.50234996613016747 2.7598591843484428 2.1347096865010826 0.10302382023655621 0.5469733710924628 7.2202075242998944 2.4356921148864767 3.1936925580739652 26.308467503167321
leaf_count=145676 3352 89633 1321 712 135649 92 7090 11176 93 1566 826 52 495 89 252 437 47 598 11322 287 178 71 192 119 10 37 861 59 215 1945
internal_value=-1.03953e-10 0.00227232 -0.0126964 0.0110123 -0.0208449 -0.0237509 0.0100618 0.0411058 0.00289856 0.0185467 0.00248892 0.0178776 0.00201914 -0.00362361 -0.00426872 0.00395518 0.0106114 -0.00925089 -0.00603094 0.0285171 -0.0408214 -0.0614548 -0.0294008 -0.0468318 -0.0685413 -0.0636635 0.00893349 -0.0138408 -0.00121343 -0.00454495
internal_weight=1290.78 837.855 33.6452 8.60581 25.0394 3.9418 6.22273 3.29371 804.21 20.5155 783.694 23.2159 760.478 165.562 164.244 61.9631 51.6553 102.28 92.8141 20.545 9.46634 3.46208 10.3078 7.54798 5.41327 5.31025 11.4867 5.45258 31.1103 29.5022
internal_count=414452 268776 159392 4156 155236 804 19587 12497 109384 1659 107725 878 106847 17214 17125 4402 3792 12723 11888 1585 835 566 610 418 299 289 1298 657 2207 2160
is_linear=0
shrinkage=0.05


Tree=170
num_leaves=31
num_cat=0
split_feature=16 0 0 10 3 17 11 0 16 16 3 20 17 3 9 9 12 0 18 9 16 3 10 17 21 11 14 3 16 3
split_gain=5.01312 2.99939 4.24838 5.01776 4.3381 4.91751 4.06697 5.57937 3.33814 3.82717 4.46645 4.33854 3.05759 3.74286 4.52951 5.66044 3.65532 3.62895 3.23824 3.13283 3.06967 3.00035 2.90207 3.254 2.79682 2.75507 2.72972 4.28966 3.9753 3.78029
threshold=-0.096049999999999983 0.40400000000000008 0.38900000000000007 0.48750000000000004 0.30395000000000005 0.93717950000000017 1.0000000180025095e-35 0.88500000000000012 -0.076749999999999985 -0.040149999999999991 0.40025000000000005 0.39943800000000007 0.76204950000000016 0.50805000000000011 0.29000000000000009 0.16500000000000001 0.039450000000000006 0.8600000000000001 -0.18919999999999998 0.35500000000000004 -0.093349999999999975 0.14435000000000003 0.5375000000000002 0.88751050000000009 0.88014100000000017 0.81665000000000021 0.64845000000000008 0.37865000000000004 -0.092449999999999991 0.26235000000000003
decision_type=2 2 2 2 2 2 2 2 2 2 2 2 2 2 2 2 2 2 2 2 2 2 2 2 2 2 2 2 2 2
left_child=25 2 -2 4 -4 -6 12 8 -8 11 -11 -10 -3 14 15 16 -14 19 -17 -16 -15 -9 -12 -24 -18 -1 28 -28 -20 -30
right_child=1 6 3 -5 5 -7 7 21 9 10 22 -13 13 20 17 18 24 -19 26 -21 -22 -23 23 -25 -26 -27 27 -29 29 -31
leaf_value=-0.0039376463008748879 0.0026295011332321942 -0.018398508741043047 -0.091056886270952417 0.024056882487762329 -0.030495234525791448 0.026996443067615439 0.023873459777803453 -0.070311270107403165 -0.073590874792449579 -0.046339911691840908 -0.055916536063422 0.051175722121409042 0.0078337392066691342 0.077161592331796647 -0.054090347988404376 -0.020190282241919717 -0.029274932226859191 0.017064610271548483 -0.35286096630906 0.0405408677352187 0.010201865670821542 0.047122342257005227 -0.060419651696897163 0.032764223915859557 0.057459697230115181 -0.055920232416707905 0.043385344824679095 0.0059991006740903472 0.0083564010957659068 -0.092237522201115849
leaf_weight=450.46027979589246 556.4193170219836 19.785260637639908 1.4311889202706449 49.229794421638076 6.9963933801545846 7.9410421967173761 2.8367228779727638 0.62802523469144844 7.3079013756434978 8.2533264671956221 1.6057080319574177 0.77019957600259648 12.335716434279218 1.762463086966817 9.2394600570300973 6.6427260868022122 22.729486379555855 3.0448938494382665 0.081952206324784949 0.96603974789945901 59.317303198757941 4.0609930146324587 1.1072460925128096 6.0882292946438383 0.96906266089990722 2.5634326373142349 15.359221779163819 15.330961243991508 8.2096849868739792 1.0538320760842896
leaf_count=145233 228607 13451 370 5297 5102 312 461 21 554 595 477 555 843 94 473 540 1643 333 8 94 5389 433 420 327 67 443 740 1038 440 92
internal_value=-1.0372e-11 0.00230558 0.00404832 0.016083 -0.00789904 6.85015e-05 -0.00286903 -0.0190799 -0.0275417 -0.033345 -0.0199166 -0.0616951 0.000124951 0.00245866 -0.00369963 0.000648197 -0.0142389 -0.03084 0.0121406 -0.0451327 0.012134 0.0313938 0.00486197 0.018425 -0.0257282 -0.00423179 0.0175049 0.0247094 -0.00615455 -0.00308732
internal_weight=1284.53 831.504 622.018 65.5984 16.3686 14.9374 209.486 32.6584 27.9693 25.1326 17.0545 8.0781 176.828 157.043 95.963 82.7126 36.0343 13.2504 46.6784 10.2055 61.0798 4.68902 8.80118 7.19548 23.6985 453.024 40.0357 30.6902 9.34547 9.26352
internal_count=414452 268776 239688 11081 5784 5414 29088 3843 3389 2928 1819 1109 25245 11794 6311 5411 2553 900 2858 567 5483 454 1224 747 1710 145676 2318 1778 540 532
is_linear=0
shrinkage=0.05


Tree=171
num_leaves=31
num_cat=0
split_feature=16 17 11 16 16 19 20 14 4 16 21 20 3 7 16 16 21 0 7 2 17 3 17 14 0 19 2 21 21 16
split_gain=5.44978 2.74543 2.41901 2.64137 2.36045 2.30071 2.27321 2.93882 2.51023 2.31126 2.77135 2.21841 3.99959 3.52254 3.52855 3.79931 3.00401 3.15946 2.3446 2.41081 2.31881 3.02625 5.23111 3.77906 2.66878 2.51528 2.69706 2.0432 2.86189 3.35975
threshold=-0.096049999999999983 0.67950400000000011 0.81665000000000021 -0.10394999999999999 -0.25634999999999991 -0.11885 0.28597950000000011 0.67795000000000016 1.4528500000000004 -0.040649999999999992 0.38477600000000006 0.45951650000000005 -0.032549999999999989 0.38595000000000007 -0.005749999999999999 -0.064549999999999982 0.22241250000000004 0.44120000000000004 0.40185000000000004 0.45000000000000007 0.81543950000000021 0.16365000000000005 0.75127350000000004 0.64845000000000008 0.14350000000000004 -0.052149999999999995 0.77500000000000013 0.92344350000000019 0.92872050000000017 -0.079049999999999995
decision_type=2 2 2 2 2 2 2 2 2 2 2 2 2 2 2 2 2 2 2 2 2 2 2 2 2 2 2 2 2 2
left_child=2 6 4 -4 -1 -6 8 9 -2 10 -8 20 -13 14 15 -14 17 -15 -18 -20 21 22 -3 -23 -25 -26 -27 -22 -29 -30
right_child=1 11 3 -5 5 -7 7 -9 -10 -11 -12 12 13 16 -16 -17 18 -19 19 -21 27 23 -24 24 25 26 -28 28 29 -31
leaf_value=-0.012650578957676803 -0.02062027785654677 -0.065026616598265877 -0.039481741794261296 -0.2469878996769507 -0.051706174108965698 -0.0022874320057511494 0.061914445567264477 -0.02930107620320831 0.036682436243802019 -0.022208015373477157 -0.052983603142944397 -0.10436630908348046 -0.088678644756989014 0.086956208859567743 -0.060053780149297277 0.039550072078983277 -0.067596650356067392 0.019703534924734697 -0.085900484534663424 0.031552399193428934 0.0027705213017537784 -0.075028634788460641 0.06304635152143799 -0.032666888794199975 0.040089091000094654 -0.042097916679614177 0.001814994956089042 0.076923627845069703 -0.011296813209543118 0.034321375019173699
leaf_weight=68.831780466320822 3.3870970369067654 1.0649438386160444 2.4232550337623029 0.16371957596675102 2.3698176870414036 380.44604338096627 2.6444178421118072 18.439452909420993 4.386032567562097 2.8765552684494677 0.65475776831920018 0.64036561061857611 0.69229098731557304 4.2046370484626987 2.1876646479750006 3.4887670516573053 0.79066935704145169 2.986975229183372 0.46948700739312688 6.2931054687476262 716.66452912274428 2.3562025976762007 3.1723329841252053 9.1070182408249121 3.2365853391349928 4.3998455954460978 17.032530531760131 1.953609739983224 7.6214468983557753 8.5799806975452348
leaf_count=21831 2102 521 414 29 45737 77665 2450 135649 2054 7090 10047 107 449 785 543 1303 524 202 184 1457 63821 1902 488 21936 8538 2699 2763 63 444 655
internal_value=6.19836e-11 0.00241116 -0.00440224 -0.052614 -0.00412609 -0.00259336 -0.0118591 -0.0193028 0.0117131 0.01055 0.0391117 0.00299111 0.0187386 0.0224723 -0.00860266 0.0183182 0.0358945 0.0590234 0.0138731 0.0233983 0.00254919 -0.00911791 0.0308581 -0.013806 -0.00953508 -0.000995527 -0.00719987 0.00319016 0.0197553 0.0128617
internal_weight=1283.57 829.331 454.235 2.58697 451.648 382.816 32.3883 24.6152 7.77313 6.17573 3.29918 796.943 21.754 21.1136 6.36872 4.18106 14.7449 7.19161 7.55326 6.76259 775.189 40.3695 4.23728 36.1322 33.776 24.669 21.4324 734.82 18.155 16.2014
internal_count=414452 268776 145676 443 145233 123402 159392 155236 4156 19587 12497 109384 5554 5447 2295 1752 3152 987 2165 1641 103830 38847 1009 37838 35936 14000 5462 64983 1162 1099
is_linear=0
shrinkage=0.05


Tree=172
num_leaves=31
num_cat=0
split_feature=16 17 11 14 17 18 19 4 19 6 10 10 6 19 19 16 0 9 11 10 4 4 4 9 9 6 18 3 4 2
split_gain=5.56913 2.62592 2.44322 2.41598 2.16161 3.35976 2.57461 5.14078 3.80077 3.25688 4.57561 4.29358 3.79422 2.79654 4.29797 2.74423 2.66879 2.38924 2.51192 2.36815 2.34424 3.33534 3.64845 3.27477 2.71514 2.5844 2.36159 2.34942 2.32915 2.3004
threshold=-0.096049999999999983 0.72634700000000008 0.81665000000000021 0.62835000000000008 0.89126800000000006 -0.89919999999999989 -0.038749999999999993 0.94975000000000009 -0.04374999999999999 1990.5000000000002 0.63750000000000007 0.71250000000000002 2503.5000000000005 -0.065249999999999989 -0.067749999999999991 -0.33684999999999993 0.94000000000000006 0.14000000000000004 0.70000000000000007 0.63750000000000007 2.2221500000000005 1.4051500000000001 1.21635 0.065000000000000016 1.0000000180025095e-35 748.50000000000011 -0.90239999999999998 0.43535000000000007 1.30725 0.77500000000000013
decision_type=2 2 2 2 2 2 2 2 2 2 2 2 2 2 2 2 2 2 2 2 2 2 2 2 2 2 2 2 2 2
left_child=2 -2 4 -4 5 19 7 13 17 10 15 28 -11 14 -6 -10 -8 18 20 -1 21 22 24 -22 27 -23 -24 -9 -12 -28
right_child=1 -3 3 -5 6 -7 16 8 9 12 11 -13 -14 -15 -16 -17 -18 -19 -20 -21 23 25 26 -25 -26 -27 29 -29 -30 -31
leaf_value=-0.054227717860240582 -0.0099032303262813273 0.003088588677489958 0.048481887439529782 -0.074347527184421239 -0.033126260174106519 -0.013761034670818599 0.0014606769636236385 -0.080389820363542475 0.04446265926870524 0.062205035164008327 -0.054306913043844218 -0.048926589805210183 -0.043169005055460098 -0.061943194220990032 0.075827058011304821 -0.06551299868831463 -0.045921821447276134 -0.0068168659576681185 -0.056790402264205078 0.059661173216386289 -0.087687187958752605 0.031138342303158408 -0.085396288752935215 0.085105367232091167 0.010742545033366852 -0.019923469812154392 0.0031733218757784062 0.053787332012531268 0.063512649332058663 0.054114615793461898
leaf_weight=0.55590063689396574 40.92110331731169 785.11995166305269 0.48948111063339128 2.1982849163764513 5.5102006507586339 75.928184243784358 220.45370555895011 1.6536071977025151 0.60766920121386547 1.9916403947863721 0.51223945803940241 2.3829009627224877 1.4959049323806537 6.2318492201447935 1.0830694721662437 8.5258077284670453 3.0123978256297042 76.442551580585132 1.4415287980773417 2.551223548176722 0.32027174984977969 3.0731894308373731 0.37649395432526844 1.9062141019385308 7.6618639782245737 12.79588212571616 2.925171845120528 0.4064304649546101 2.3162225214764476 9.1434192734523094
leaf_count=6433 174405 94371 97 346 950 114566 7858 150 26 29 28 95 39 337 31 338 361 6726 158 2325 36 436 42 103 707 2118 878 77 62 324
internal_value=1.78352e-10 0.00244499 -0.00444866 -0.0519785 -0.00416559 -0.0116756 -0.00257117 -0.00766676 -0.00481264 -0.0263294 -0.0368654 0.000518879 0.0170072 -0.0379277 -0.0152286 -0.0581961 0.000821945 -0.00156503 0.00806145 0.0392851 0.0103834 0.00746437 0.0199919 0.0602498 -0.00295873 -0.0100349 0.0379205 -0.0539176 0.0421753 0.0417675
internal_weight=1280.03 826.041 453.993 2.68777 451.306 79.0353 372.27 148.804 135.979 17.8324 14.3448 5.21136 3.48755 12.8251 6.59327 9.13348 223.466 118.147 41.7041 3.10712 40.2625 38.0361 22.167 2.22649 9.7219 15.8691 12.4451 2.06004 2.82846 12.0686
internal_count=414452 268776 145676 443 145233 123324 21909 13690 12372 617 549 185 68 1318 981 364 8219 11755 5029 8758 4871 4732 2178 139 934 2554 1244 227 90 1202
is_linear=0
shrinkage=0.05


Tree=173
num_leaves=31
num_cat=0
split_feature=16 11 17 6 18 16 18 4 6 18 16 19 19 21 21 3 21 16 6 21 19 21 16 21 2 20 10 3 16 3
split_gain=4.96744 2.87441 2.74554 2.78131 2.1902 4.45753 3.69694 2.51305 3.05105 2.46071 2.36703 2.28089 2.1929 3.3265 2.15181 3.76347 2.67271 3.40476 3.05599 2.51521 2.90584 2.60508 3.62293 3.05178 2.51607 2.51193 2.30772 2.22143 2.14901 2.093
threshold=-0.096049999999999983 0.81665000000000021 0.67950400000000011 148.50000000000003 -0.049499999999999995 -0.10594999999999997 -0.020449999999999999 1.5106500000000003 1741.5000000000002 -0.052149999999999995 -0.12434999999999997 -0.10174999999999999 -0.098749999999999991 0.85307600000000006 0.92344350000000019 0.047950000000000007 0.92872050000000017 -0.079049999999999995 850.50000000000011 0.86687800000000015 -0.092749999999999985 0.85307600000000006 -0.053949999999999991 0.84217550000000008 0.45000000000000007 0.11086500000000001 0.51250000000000007 0.52495000000000014 -0.22924999999999998 0.40715000000000007
decision_type=2 2 2 2 2 2 2 2 2 2 2 2 2 2 2 2 2 2 2 2 2 2 2 2 2 2 2 2 2 2
left_child=1 4 3 -2 9 6 -6 -7 -9 11 -11 -1 13 -13 19 -16 -17 18 25 21 -21 23 27 -4 -22 -18 -20 -23 -3 -8
right_child=2 28 14 -5 5 7 29 8 -10 10 -12 12 -14 -15 15 16 17 -19 26 20 24 22 -24 -25 -26 -27 -28 -29 -30 -31
leaf_value=-0.024129690884815678 -0.076631035525289673 0.02739945260376235 0.0028838663926382159 -0.0087061486773127219 -0.06430632910629959 -0.061496966259770108 -0.016156048727119496 0.049130150981327718 -0.10538895837141407 -0.0053066846877466139 0.085330389845533927 0.067240770521943924 -0.0024079398791214215 -0.030478642717235507 -0.053836586499027055 0.077292120246417739 -0.076733499860764887 0.037636673526679126 0.064556370872258281 0.063769868377640523 0.022737222631967046 0.032593779094550294 0.092179143495184065 -0.037306741510940683 -0.028797560001810236 0.041032655162228544 -0.010912389749335142 -0.041416954790188372 -0.076897323567124476 0.0024949355177405689
leaf_weight=12.029777302624039 1.5860295841581571 0.63286909358805621 743.06370323820522 30.268970803336629 2.7443329124954507 6.3078001650688966 25.179380983549436 1.2012869772950123 0.43520303834156937 1.3367928275537226 1.5620298362423444 2.646164029145893 355.78635812775678 1.2981286077954335 1.6351432199212492 2.1807506180286991 2.0512825345358645 9.6385130899257039 1.6296443656760855 1.0847727964860521 2.8198936747285197 3.4660890079646833 1.9067007373711238 4.7535068709858015 14.793619597272709 0.58106347111015555 2.6767803984112106 1.4330576941692923 2.2492007805259382 37.361532082584233
leaf_count=75445 9482 98 105424 149910 422 635 3331 335 14 346 166 2260 57099 899 82 87 143 946 97 380 213 245 90 344 814 130 174 215 345 4281
internal_value=-1.42258e-10 -0.00422136 0.00230491 -0.0120881 -0.00390107 -0.0118097 -0.00750648 -0.0471731 0.00803782 -0.00235528 0.0435331 -0.0027131 -0.0019969 0.0350798 0.00288256 0.0189142 0.0252559 0.0184105 -0.00829623 0.00245979 -0.0156553 0.00290865 0.0337031 0.00262839 -0.0205469 -0.0507378 0.0176466 0.0109448 -0.053995 -0.00501407
internal_weight=1276.34 450.771 825.57 31.855 447.889 73.2295 65.2852 7.94429 1.63649 374.659 2.89882 371.76 359.731 3.94429 793.715 20.3932 18.758 16.5773 6.93877 773.321 18.6983 754.623 6.80585 747.817 17.6135 2.63235 4.30642 4.89915 2.88207 62.5409
internal_count=414452 145676 268776 159392 145233 9018 8034 984 349 136215 512 135703 60258 3159 109384 1659 1577 1490 544 107725 1407 106318 550 105768 1027 273 271 460 443 7612
is_linear=0
shrinkage=0.05


Tree=174
num_leaves=31
num_cat=0
split_feature=10 21 14 3 18 9 10 10 21 20 11 14 4 10 19 7 2 4 19 4 9 12 21 12 10 3 3 20 20 3
split_gain=3.55141 3.17475 3.28166 3.02056 2.8045 2.71863 2.53847 3.04445 2.95143 2.53467 2.23473 2.03972 2.12842 2.75038 2.0531 3.69088 3.93413 2.27481 2.22188 2.13378 2.20691 2.02167 2.01783 2.00016 2.01816 1.96834 4.99146 6.52489 6.11725 5.95593
threshold=0.58750000000000002 0.48581450000000004 0.59415000000000007 0.76955000000000007 -0.75119999999999987 1.0000000180025095e-35 0.41250000000000003 0.56250000000000011 0.45013100000000006 0.055659000000000007 0.70000000000000007 0.84945000000000015 2.0435500000000002 0.56250000000000011 -0.10525 0.34775000000000006 0.45000000000000007 0.60245000000000015 -0.10475 0.69785000000000008 0.24000000000000002 0.23945000000000002 0.03236300000000001 0.34785000000000005 0.16250000000000001 0.41605000000000009 0.46545000000000009 0.16697650000000003 0.15009900000000001 0.48495000000000005
decision_type=2 2 2 2 2 2 2 2 2 2 2 2 2 2 2 2 2 2 2 2 2 2 2 2 2 2 2 2 2 2
left_child=3 2 -2 11 -5 -4 9 8 -8 21 -10 12 14 -14 -1 16 18 -17 -16 20 -19 -6 -11 -24 -25 -21 27 28 -27 -28
right_child=1 -3 5 4 6 -7 7 -9 10 22 -12 -13 13 -15 15 17 -18 19 -20 25 -22 -23 23 24 -26 26 29 -29 -30 -31
leaf_value=-0.027803251650985229 -0.010396000478713903 -0.00048354403035767262 -0.03100927234447259 -0.043402885868702494 -0.081835582536751161 0.0087227592590066651 0.048657923843259843 -0.041381276799382319 0.015648896789208378 -0.058341717519631978 -0.097878691220076766 -0.038455486095507287 -0.041083701975956843 0.068589525489944805 0.10898455107703256 -0.034646589299239181 0.044727715430694218 0.040527324798944372 -0.052170602318249881 -0.0083332218488899167 -0.037153279414482564 0.020137660531862334 0.009200468076993951 0.091391288398995491 -0.02130145956071966 0.012961805118475975 -0.031502736460362356 -0.023300572281643905 0.071972697272694924 -0.0026729534049408712
leaf_weight=9.0172323473395846 26.4619692392871 393.93881905022897 4.3774946889817548 2.7013662624678991 0.50117700170091239 261.26304744374602 8.9082278264924124 1.8080303973959519 14.300008016536363 1.823414531689141 0.44702452734782205 4.3100378294644193 0.78430274035201764 2.1083805572123993 0.24216170544059457 6.1081907829224056 7.2696768538529568 4.8252416736770547 1.8313975741107222 185.89891486069098 1.1280807557924388 16.098519495976916 13.985219364751005 0.40984958980311503 12.959895726412467 45.047825436092808 19.577158027339578 11.339896798310063 4.8660860173913525 210.95008668793349
leaf_count=108232 2257 54225 1333 8461 34 44168 4745 723 2703 1998 24 5874 2302 743 40 927 3522 685 1830 42947 230 1009 8933 67 10323 3171 6773 12984 402 82787
internal_value=2.90349e-11 0.00244534 0.00639533 -0.00284703 0.00660334 0.00806801 0.0084995 0.0211545 0.0259342 0.00146039 0.0122076 -0.0042031 -0.00391419 0.0388535 -0.00415767 -0.00373046 0.0273998 -0.00432436 -0.03335 -0.00394139 0.0258078 0.0170589 -0.00741366 -0.00401892 -0.0178469 -0.00431216 -0.00175026 0.0109365 0.0187148 -0.00512128
internal_weight=1275.29 686.041 292.103 589.247 73.9427 265.641 71.2414 25.4633 23.6553 45.7781 14.747 515.305 510.995 2.89268 508.102 499.085 9.34324 489.741 2.07356 483.633 5.95332 16.5997 29.1784 27.355 13.3697 477.68 291.781 61.2538 49.9139 230.527
internal_count=414452 101983 47758 312469 39020 45501 30559 8195 7472 22364 2727 273449 267575 3045 264530 156298 5392 150906 1870 149979 915 1043 21321 19323 10390 149064 106117 16557 3573 89560
is_linear=0
shrinkage=0.05


Tree=175
num_leaves=31
num_cat=0
split_feature=17 21 6 21 7 7 21 7 21 14 4 4 7 17 21 7 6 11 12 17 4 12 14 11 14 14 9 6 6 9
split_gain=4.05998 3.03919 2.86545 3.38756 3.56126 4.70036 4.64726 3.31966 3.02915 3.00978 2.9475 3.07553 2.89343 2.83289 4.64187 4.68094 3.46924 7.76385 3.62284 3.89651 3.50919 3.35376 3.18283 3.95903 3.60221 5.72783 3.50482 3.60494 3.3957 2.84149
threshold=0.92171950000000014 0.47089600000000004 772.50000000000011 0.37523250000000002 0.39375000000000004 0.38405000000000006 0.29964800000000008 0.37995000000000007 0.46178150000000007 0.61025000000000007 0.98605000000000009 0.89765000000000017 0.39585000000000004 0.98691650000000009 0.41684400000000005 0.41235000000000005 2239.5000000000005 0.70000000000000007 0.027250000000000003 0.97609950000000012 1.3284500000000004 0.028750000000000001 0.70945000000000014 1.0000000180025095e-35 0.72445000000000015 0.74845000000000017 0.14000000000000004 820.50000000000011 1540.5000000000002 0.14000000000000004
decision_type=2 2 2 2 2 2 2 2 2 2 2 2 2 2 2 2 2 2 2 2 2 2 2 2 2 2 2 2 2 2
left_child=-1 2 3 4 5 6 7 -2 13 -7 11 -6 -5 14 16 -16 18 -18 19 -4 -21 -20 26 -24 -25 28 -15 -28 -26 -17
right_child=1 -3 8 12 10 9 -8 -9 -10 -11 -12 -13 -14 22 15 29 17 -19 21 20 -22 -23 23 24 25 -27 27 -29 -30 -31
leaf_value=-0.0048541289110433233 -0.026310913674023065 -0.00059520572040297958 -0.04077211148426077 0.014321595957581652 0.0049935448286402943 0.027078703285733419 0.042412453401834548 0.037819466965161995 0.046920329330870342 -0.059245621601130852 0.0044138484507585361 0.065914058415275839 -0.033994991398028834 0.023844043239720957 -0.07645688836235047 0.0010036591651405794 -0.045133283189814362 0.087654580619578079 0.071952269051609105 0.046714281052982143 -0.041651284109485105 0.0035762062682421015 0.025493780880262606 0.053278977842494982 -0.069737320500101715 0.011022916911427082 0.066952471420299531 -0.007826005902987522 0.027698673285039301 0.048955861088248592
leaf_weight=321.60617529945762 11.059307634436726 582.26552185345861 9.4871541069551295 4.0916670333863321 4.0168663387552197 1.1933621140415187 4.8557717154035336 2.4683068601416371 4.9165689293149617 6.5622463941629121 54.3121579560854 4.2782881337393519 12.76642872623688 14.808138986089032 1.0178257334664511 4.4311783559896858 9.2164465012538113 1.2500858667190176 1.8345808127196495 3.0681647353922008 1.7726349759323055 79.78053004744288 57.830609952376108 2.7292009352531776 4.4728994149772943 11.992777949748413 1.6830218806426263 38.033342479933708 1.117616895237006 10.202262489947314
leaf_count=361609 799 30067 1006 257 311 43 200 127 273 330 4132 178 741 530 171 266 1336 45 74 92 97 6307 2804 106 132 500 102 1358 52 407
internal_value=4.96247e-11 0.00164759 0.00522297 -0.00172121 0.00218182 -0.0133194 0.000452297 -0.0146094 0.00804734 -0.0459628 0.00865368 0.0364138 -0.022268 0.00729705 0.00179986 0.0272239 -0.00193963 -0.0292736 0.00104226 -0.0221467 0.014356 0.00511319 0.0123547 0.0188238 -0.000165764 -0.00846122 0.00308337 -0.00465719 -0.0502586 0.0344354
internal_weight=1269.12 947.515 365.249 105.604 88.7463 26.139 18.3834 13.5276 259.645 7.75561 62.6073 8.29515 16.8581 254.728 122.061 15.6513 106.41 10.4665 95.9431 14.328 4.8408 81.6151 132.668 78.1431 20.3125 17.5833 54.5245 39.7164 5.59052 14.6334
internal_count=414452 52843 22776 7118 6120 1499 1126 926 15658 373 4621 489 998 15385 9801 844 8957 1381 7576 1195 189 6381 5584 3594 790 684 1990 1460 184 673
is_linear=0
shrinkage=0.05


Tree=176
num_leaves=31
num_cat=0
split_feature=17 18 18 18 6 21 6 21 2 6 12 14 6 21 3 9 21 6 3 11 10 6 18 10 18 12 10 18 12 19
split_gain=3.5584 3.29394 4.54265 4.06966 3.12913 4.53073 4.55592 4.17983 3.71681 5.28503 3.52541 3.48066 5.98074 6.86242 3.42428 3.09579 2.69107 2.5834 3.51498 3.09163 2.94676 3.67799 3.42931 5.23171 4.0333 3.27244 3.86954 3.1543 3.67452 3.89937
threshold=0.92171950000000014 -0.045749999999999992 -0.021849999999999998 -0.067949999999999997 850.50000000000011 0.94750600000000007 2155.5000000000005 0.043717000000000013 0.77500000000000013 418.50000000000006 0.051150000000000008 0.68935000000000013 1159.5000000000002 0.20764650000000004 0.62855000000000005 0.16500000000000001 0.87467300000000014 628.50000000000011 0.066850000000000007 0.75000000000000011 0.6583500000000001 1573.5000000000002 -0.67979999999999985 0.7875000000000002 -0.57919999999999983 0.14235000000000003 0.41250000000000003 -0.40779999999999994 0.067650000000000002 -0.064749999999999988
decision_type=2 2 2 2 2 2 2 2 2 2 2 2 2 2 2 2 2 2 2 2 2 2 2 2 2 2 2 2 2 2
left_child=17 3 -3 -2 8 6 11 -8 9 14 -9 12 13 -6 -4 -5 -12 -1 -19 20 25 22 23 -22 -24 27 -27 -20 -29 -30
right_child=1 2 4 15 5 -7 7 10 -10 -11 16 -13 -14 -15 -16 -17 -18 18 19 -21 21 -23 24 -25 -26 26 -28 28 29 -31
leaf_value=0.00058090773064430035 0.0022850263936017956 -0.04864700142130246 0.02343773347266177 0.053624825770813983 0.034312413672175926 -0.035001040078083044 -0.097537772138487439 -0.085159419415623883 -0.0012275652814012405 -0.039652375488208991 0.030953620865954098 0.017726073860214509 0.018747487073922927 -0.067350546245614804 -0.10133127075602558 0.0097655772550433242 -0.060671384509025927 -0.05911320367875178 -0.03183261271677857 -0.06549726338155791 0.053224080645756872 -0.054676472868324236 -0.061763509190696897 -0.053236847581740167 0.0091142743266932839 -0.010610061810184927 0.013887885793804218 0.00027851485855871809 0.059403807115290065 -0.032864821221129957
leaf_weight=138.86434277941868 781.13582957592598 5.8188698892863604 6.0292181073659235 6.6638745012642202 2.2954297624869486 7.2091909678056245 1.7663590072188515 1.2233191601408178 33.300258555331595 19.362202349693689 3.563422953535337 48.24253458503722 9.614309096716168 5.9957919961816515 0.6051057838667474 10.153797506645786 1.0338858386967329 3.3639669432655515 24.01913675521223 2.2703356589706791 7.8424846113440534 2.1862361287853664 2.3037049475733538 1.3530961598060001 15.592161303625174 45.230422368835661 25.044227428308318 32.804561410939414 1.221324351246724 18.336186234387924
leaf_count=201563 40614 188 309 268 142 514 24 85 5043 682 221 3650 380 291 25 377 30 1397 72915 1992 4362 1829 1168 304 3007 29289 19623 12576 2193 9391
internal_value=9.72824e-11 0.00154535 -0.00535803 0.00280896 -0.00356189 0.00283056 0.00652941 -0.0301688 -0.012288 -0.0264559 -0.00972465 0.0107386 -0.00808767 -0.0392051 0.0120578 0.0271445 0.0103481 -0.00455269 -0.0084789 -0.00752308 -0.00677495 0.00770775 0.0127421 0.0375587 -9.70427e-06 -0.00966621 -0.00187957 -0.0168303 -0.00994857 -0.0271028
internal_weight=1264.45 944.013 146.06 797.954 140.241 80.9442 73.7351 7.58699 59.2968 25.9965 5.82063 66.1481 17.9055 8.29122 6.63432 16.8177 4.59731 320.432 181.568 178.204 175.934 29.2777 27.0914 9.19558 17.8959 146.656 70.2746 76.3812 52.3621 19.5575
internal_count=414452 52843 11584 41259 11396 5337 4823 360 6059 1016 336 4463 813 433 334 645 251 361609 160046 158649 156657 10670 8841 4666 4175 145987 48912 97075 24160 11584
is_linear=0
shrinkage=0.05


Tree=177
num_leaves=31
num_cat=0
split_feature=17 18 18 18 19 17 12 12 10 6 20 18 3 12 6 12 6 9 6 11 21 6 18 17 12 12 6 17 20 6
split_gain=3.11432 3.77922 6.61101 4.28564 3.28591 3.48024 3.06923 3.05785 3.72563 3.63376 3.57173 3.66527 3.65005 5.42564 4.23266 3.50784 2.98621 2.97757 2.83522 3.35501 2.91764 2.85281 3.02825 2.84457 3.43396 3.3912 2.83713 3.25119 2.77913 3.78353
threshold=0.92171950000000014 -0.045749999999999992 -0.029699999999999994 -0.067949999999999997 -0.0063499999999999989 0.96879400000000004 0.14865000000000003 0.35715000000000002 0.33750000000000008 916.50000000000011 0.21076750000000002 -1.0000000180025095e-35 0.32945000000000008 0.035550000000000005 766.50000000000011 0.027950000000000006 1858.5000000000002 0.065000000000000016 994.50000000000011 0.70000000000000007 0.64715950000000011 940.50000000000011 -0.54059999999999986 0.91409150000000017 0.0056500000000000014 0.057650000000000007 748.50000000000011 0.80400450000000012 0.12546300000000002 1465.5000000000002
decision_type=2 2 2 2 2 2 2 2 2 2 2 2 2 2 2 2 2 2 2 2 2 2 2 2 2 2 2 2 2 2
left_child=18 3 16 28 5 -5 -7 8 -4 10 11 -10 14 -14 -13 -16 -3 -12 20 23 -1 26 -23 24 -20 -25 27 -22 -2 -30
right_child=1 2 7 4 -6 6 -8 -9 9 -11 17 12 13 -15 15 -17 -18 -19 19 -21 21 22 -24 25 -26 -27 -28 -29 29 -31
leaf_value=0.0016372077012082827 0.0013402448589819186 -0.073352072629421256 -0.044531843480563257 -0.048935530215388851 0.0074476277985532696 0.073370016303166377 -0.040423140624055748 0.041707261229832884 0.029708459619355983 0.0052085467258926555 -0.050635159162309318 -0.02287227509657663 0.031910804202142928 -0.020058897654585107 0.014575631215637083 -0.092493022743966188 0.02873545694533676 0.023655713404816606 0.043266974109778131 -0.074157314896948892 -0.032187398931314996 -0.061849774009872731 0.050933375965919264 -0.076308237927931413 -0.0093419659405283555 -0.014704421038670991 -0.035310564154389525 0.0016158290541331438 0.013923141992579045 -0.05942180886713927
leaf_weight=179.85308582145964 713.93157260322505 4.9151276485572444 5.7080943707816791 0.77500789728947239 9.2118745430707332 6.3406904616604152 0.65365348220802832 3.5981456156273444 3.9462660179333389 64.420027028172626 1.5567015836713824 14.512208809053734 6.2788647365702017 25.092277726751092 0.9196445757361279 4.5489662326253892 0.83854278316721309 10.096400087412347 3.2415758549185503 2.1149783461440839 9.870619440945033 0.73477820978160968 3.1325333891664959 3.369034450639445 71.942149246176314 6.6308052583408426 12.789193818639829 25.463110123015667 65.638945180678547 1.806710700275288
leaf_count=172995 34807 123 406 93 418 102 32 338 154 4402 46 1449 764 3242 77 169 20 394 2303 1946 92609 1271 894 569 75184 1186 9361 3291 5180 627
internal_value=7.95037e-11 0.00144249 -0.0059414 0.00279681 0.0276467 0.0515961 0.0627355 -0.00379284 -0.00498715 -0.00326893 -0.0114259 -0.0167273 -0.0202958 -0.00965728 -0.036999 -0.0744875 -0.0584738 0.0137314 -0.00427037 -0.0119504 -0.00137851 -0.011811 0.0295049 -0.0104059 -0.00707371 -0.0354593 -0.0151312 -0.00782724 0.00225677 0.0119584
internal_weight=1263.93 944.79 146.431 798.358 16.9812 7.76935 6.99434 140.678 137.079 131.371 66.9513 55.2982 51.352 31.3711 19.9808 5.46861 5.75367 11.6531 319.142 87.2985 231.843 51.9902 3.86731 85.1836 75.1837 9.99984 48.1229 35.3337 781.377 67.4457
internal_count=414452 52843 11584 41259 645 227 134 11441 11103 10697 6295 5855 5701 4006 1695 246 143 440 361609 81188 280421 107426 2165 79242 77487 1755 105261 95900 40614 5807
is_linear=0
shrinkage=0.05


Tree=178
num_leaves=31
num_cat=0
split_feature=16 21 14 10 16 3 17 6 6 18 6 7 3 16 6 10 14 3 14 7 16 11 19 18 12 12 3 6 10 3
split_gain=5.11277 3.08883 4.26293 3.2098 4.6294 4.23004 3.1472 3.2511 3.83995 2.92736 5.42525 4.24158 3.57867 3.26952 3.19116 2.89018 2.80921 2.6872 3.15434 2.55012 4.73295 4.04599 3.46429 4.5248 3.46104 5.06936 3.27043 3.13075 2.98914 3.75671
threshold=-0.07984999999999999 0.92344350000000019 0.56605000000000005 0.48750000000000004 -0.061349999999999995 0.62855000000000005 0.74772450000000013 250.50000000000003 190.50000000000003 -0.049499999999999995 418.50000000000006 0.36865000000000009 0.41375000000000006 -0.10394999999999999 580.50000000000011 0.26250000000000007 0.47240000000000004 0.73075000000000012 0.65415000000000012 0.44135000000000008 -0.22924999999999998 0.81665000000000021 -1.0000000180025095e-35 -0.23779999999999998 0.0021500000000000004 0.017850000000000001 0.34695000000000004 2053.5000000000005 0.31250000000000006 0.61825000000000008
decision_type=2 2 2 2 2 2 2 2 2 2 2 2 2 2 2 2 2 2 2 2 2 2 2 2 2 2 2 2 2 2
left_child=9 3 -3 4 5 16 -6 8 -8 19 11 -11 13 -12 -15 -14 -2 18 -13 22 -21 26 23 24 -1 -26 -22 -23 29 -28
right_child=1 2 -4 -5 6 -7 7 -9 -10 10 12 17 15 14 -16 -17 -18 -19 -20 20 21 27 -24 -25 25 -27 28 -29 -30 -31
leaf_value=0.038616214986744238 0.25308050246784836 -0.089344897012721552 0.036226563516049616 0.0041845256960033311 -0.018257665700200709 -0.0028399676221963748 0.15606696290516059 0.0039882484518688312 -0.089696324913142583 -0.078871099804727909 -0.019792034043909973 -0.013602758814719685 -0.073147932840008437 0.018516705422159493 -0.067352283781750941 -0.0054718790770284286 -0.045107793330282281 -0.050210805292474514 0.04792343923967838 -0.016874126211187238 0.026454206095046773 -0.093764328288095181 -0.025944705952462746 0.015135816080563629 -0.028776110186637574 -0.004266871945003442 0.071289138571138708 0.060865649187109544 0.0056034326130459155 -0.038576621030277834
leaf_weight=4.224431328706344 0.079469849622912814 0.72083147651204527 10.836994869504506 545.17561579915116 20.479557599703753 12.837217668818708 0.1768725336934257 116.45335213585156 1.5676205321819905 1.0531514752158262 22.675689572911327 2.7590900168161729 1.6376295919230859 1.2572170534722298 7.7621634771635399 43.03280219526323 12.940291540591089 1.0658702692588224 8.5037877748803776 27.558505227789738 18.064090691238562 1.6812831623908544 18.820796812811068 28.222995546498964 23.857729827342837 182.3633783449267 0.8766563493936691 0.40648288884949568 137.47515727390487 6.9194787608379329
leaf_count=2279 15 105 2188 124317 65536 8290 47 26491 179 1190 1615 701 163 176 375 4257 11152 265 2156 2798 863 123 598 9503 11982 117894 148 8 17548 1490
internal_value=3.91199e-11 0.00275482 0.028395 0.00233726 -0.00378354 -0.0232066 -0.00016203 0.00297331 -0.0647786 -0.00367807 -0.0119241 0.0174428 -0.0170702 -0.02992 -0.055383 -0.0079529 -0.0432877 0.0256702 0.0328512 -0.00203521 0.00231027 0.00550628 -0.00529204 -0.00366342 -0.0061846 -0.00710235 0.00639035 -0.0636583 0.00389546 -0.0262225
internal_weight=1261.49 721.268 11.5578 709.71 164.534 25.857 138.677 118.198 1.74449 540.218 89.7474 13.3819 76.3655 31.6951 9.01938 44.6704 13.0198 12.3287 11.2629 450.471 192.982 165.423 257.489 238.669 210.446 206.221 163.335 2.08777 145.271 7.79614
internal_count=414452 238320 2293 236027 111710 19457 92253 26717 226 176132 10898 4312 6586 2166 551 4420 11167 3122 2857 165234 22978 20180 142256 141658 132155 129876 20049 131 19186 1638
is_linear=0
shrinkage=0.05


Tree=179
num_leaves=31
num_cat=0
split_feature=16 16 18 0 16 16 12 6 7 0 19 19 21 20 6 6 7 16 17 17 16 14 14 6 6 0 20 17 20 21
split_gain=5.06476 6.09446 2.84468 2.56134 2.70489 4.01079 3.72792 3.05602 2.61384 2.49492 3.13432 3.44135 6.96649 2.94258 3.5929 2.89942 2.82364 4.64879 4.84159 4.21998 3.612 3.56819 2.84487 2.89886 2.88853 2.73537 2.64445 3.02247 2.7143 3.36542
threshold=-0.088849999999999998 -0.089749999999999983 -0.67979999999999985 0.81650000000000011 -0.20534999999999998 -0.10494999999999997 0.052650000000000009 664.50000000000011 0.5293500000000001 0.40400000000000008 -0.052749999999999991 -0.051549999999999992 0.30019750000000006 0.066756000000000024 1810.5000000000002 4573.5000000000009 0.48315000000000002 -0.010749999999999997 0.93339000000000005 0.85338750000000008 -0.0092499999999999978 0.64035000000000009 0.64845000000000008 202.50000000000003 196.50000000000003 0.12950000000000003 0.099738000000000007 0.6252255000000001 0.26332500000000009 0.19953700000000005
decision_type=2 2 2 2 2 2 2 2 2 2 2 2 2 2 2 2 2 2 2 2 2 2 2 2 2 2 2 2 2 2
left_child=1 3 -3 -1 8 6 -6 -7 -5 10 13 12 -12 -2 25 -13 17 -11 19 20 -19 -18 -23 24 -24 -15 -27 -28 -29 -30
right_child=9 2 -4 4 5 7 -8 -9 -10 16 11 15 -14 14 -16 -17 21 18 -20 -21 -22 22 23 -25 -26 26 27 28 29 -31
leaf_value=-0.0025537571556350095 0.0023537728656354323 0.021351289736857126 -0.071625434574706492 -0.063119031661635502 0.041573617073312565 0.035571506886840625 -0.014462792506358664 -0.074463305583287412 0.020414193162678344 -0.015945294148969707 -0.058221648669731521 0.0058831996205508299 0.062778257575042087 -0.021614670880452838 -0.061623488135500004 -0.084785183252021043 0.053032615489406978 0.081239758468469953 -0.020264411632141554 0.057426731142639333 -0.0059366555366138097 -0.084352954186748944 0.04383823292304298 0.0024127260896218156 -2.3124261982100203 -0.038597378293197933 -0.051079035720120569 0.0052024194837881317 -0.044925572236063194 0.071092874007689447
leaf_weight=456.72731508037026 102.39267578608474 0.99689453137239059 4.7071634255088375 5.0748349183218719 4.3880179386933422 0.78291899878308591 9.1715786311445964 3.2521089814986226 1.1484039704664608 64.995536726919227 1.4727501818165354 424.70124575522914 6.1861946919516413 20.175294504456645 3.5329238020273115 0.88357254251968598 3.4790250530047606 1.3685825157260776 9.0599207568412776 6.2990689489233764 9.015103803698425 0.95516910211153927 0.0025101945574296227 99.378645842540607 0.0026993739884346724 2.9081921001416076 1.6240648158449733 9.0799016090579681 0.74574804628809843 3.862508523865813
leaf_count=154147 8568 533 1118 425 514 189 1179 248 213 13113 809 40655 903 87811 13131 20 278 189 955 332 1969 83 14 10766 6 1465 50360 10855 3416 10188
internal_value=-1.29123e-10 -0.00399722 -0.055376 -0.00338736 -0.0193724 -0.00935138 0.00367114 -0.0531132 -0.0477042 0.00251728 0.00416688 0.00629276 0.039511 -0.0022149 -0.0133719 0.00569496 -0.00237976 -0.00882283 0.00916007 0.0251397 0.0055533 0.00325157 0.00152553 0.0023509 -1.17708 -0.00893213 0.00511113 0.0134125 0.0210643 0.0523178
internal_weight=1258.37 486.249 5.70406 480.545 23.8179 17.5946 13.5596 4.03503 6.22324 772.121 577.565 433.244 7.65894 144.321 41.9286 425.585 194.556 90.7382 25.7427 16.6828 10.3837 103.818 100.339 99.3839 0.00520957 38.3957 18.2204 15.3122 13.6882 4.60826
internal_count=414452 158566 1651 156915 2768 2130 1693 437 638 255886 228181 42387 1712 185794 177226 40675 27705 16558 3445 2490 2158 11147 10869 10786 20 164095 76284 74819 24459 13604
is_linear=0
shrinkage=0.05


Tree=180
num_leaves=31
num_cat=0
split_feature=16 10 20 6 2 11 3 3 20 7 16 12 0 19 3 0 12 12 7 20 10 20 19 11 6 4 21 20 9 9
split_gain=4.89063 2.58476 3.78501 4.27824 3.81589 2.70748 2.53709 2.63132 2.26778 2.23793 2.05827 2.05067 1.94264 3.14761 2.05993 1.92404 2.11194 2.72032 3.23233 2.4111 2.28907 2.62746 4.29606 3.73886 4.27574 3.23241 4.60818 2.73 2.40216 5.81608
threshold=-0.096049999999999983 0.43750000000000006 0.027212000000000004 850.50000000000011 0.45000000000000007 0.81665000000000021 0.69095000000000006 0.6613500000000001 0.047809500000000012 0.45565000000000005 -0.10394999999999999 0.37205000000000005 0.38900000000000007 -0.064749999999999988 0.62855000000000005 0.60600000000000009 0.14105000000000004 0.13995000000000005 0.47725000000000006 0.66723750000000004 0.5375000000000002 0.37480150000000007 -0.030449999999999994 1.0000000180025095e-35 610.50000000000011 1.4246500000000004 0.40758700000000009 0.37523250000000002 0.090000000000000011 0.14000000000000004
decision_type=2 2 2 2 2 2 2 2 2 2 2 2 2 2 2 2 2 2 2 2 2 2 2 2 2 2 2 2 2 2
left_child=1 2 4 8 -1 -3 7 12 -4 -8 -7 -11 14 -14 -5 16 17 20 -19 -18 -2 28 27 24 25 26 -24 -23 -22 -30
right_child=15 5 3 6 -6 10 9 -9 -10 11 -12 -13 13 -15 -16 -17 19 18 -20 -21 21 22 23 -25 -26 -27 -28 -29 29 -31
leaf_value=-0.05998635303992686 -0.0042342289497608555 -0.002048445174615826 0.082637232687042567 -0.064677594333296493 0.0077966188391977581 -0.036691312523250343 -0.055041288340124922 -0.086099969167609258 -0.0077589104118933484 0.015759724874545328 -0.17652055375551601 -0.034978230725292263 0.056604191016118001 -0.034346784279013109 0.005941764188946771 -0.0032285580665527844 0.009077174865049659 -0.056936566658893739 0.18336252237186851 -0.035664277450602917 -0.0086172626492857871 0.079308790190387612 0.046876539242648209 0.066195725317021045 0.07050525290670244 -0.062761424583036698 -0.052564068693093081 -0.042079680986764512 0.019036662411092503 0.0013840684937287328
leaf_weight=2.256876431025634 112.10723940428409 364.0458683481408 0.71491490623884857 6.182412561234008 25.953720271069187 2.516011882359408 2.7397107249292949 3.3490566975440279 23.503908590044347 5.358372343302106 0.29392031788154227 3.1693497967021358 1.2361019238662718 4.128388768577679 1.239695977226688 131.09711283967738 164.54419771804714 2.8975401754729542 0.14704497028787944 3.0672996921281301 40.166452492297367 0.53807388114796895 3.5982566141028638 5.63215343730917 2.5508716447138795 1.8044231164349183 1.7228726905166238 3.3276366985911636 55.967007546150171 280.62008162429822
leaf_count=373 93782 97779 28 4613 1424 412 3039 780 34566 956 29 325 262 561 529 16271 60146 922 25 24711 5373 419 273 542 715 333 190 37103 5066 22905
internal_value=6.33239e-11 -0.00420009 -0.0123534 -0.0204017 0.00237391 -0.00242582 -0.0339337 -0.046647 -0.00509051 -0.0157275 -0.0513175 -0.00309717 -0.0363135 -0.0133896 -0.0528822 0.00231682 0.00338797 0.00179069 -0.0453308 0.0082584 0.00207308 0.003859 0.0219141 0.0338071 0.0149553 -0.00493092 0.0146797 -0.0251834 0.00294011 0.00431931
internal_weight=1256.48 446.688 79.8325 51.6219 28.2106 366.856 27.4031 16.1357 24.2188 11.2674 2.80993 8.52772 12.7866 5.36449 7.42211 809.788 678.691 511.08 3.04459 167.611 508.035 395.928 19.1743 15.3086 9.67642 7.12555 5.32113 3.86571 376.754 336.587
internal_count=414452 145676 47456 45659 1797 98220 11065 6745 34594 4320 441 1281 5965 823 5142 268776 252505 167648 947 84857 166701 72919 39575 2053 1511 796 463 37522 33344 27971
is_linear=0
shrinkage=0.05


Tree=181
num_leaves=31
num_cat=0
split_feature=10 11 18 7 3 7 7 18 9 17 3 14 17 3 20 7 3 21 10 2 14 9 7 7 17 7 9 20 21 10
split_gain=3.16584 2.76266 2.77151 2.67247 2.57354 2.37585 2.70916 2.33377 2.27544 2.25275 3.02619 3.29405 4.25812 3.27302 3.2525 2.95518 3.6843 3.01226 3.1332 2.88102 2.95892 2.77803 2.42512 2.3352 2.23716 2.92983 2.19782 3.32619 2.42368 4.37162
threshold=0.58750000000000002 0.81665000000000021 -0.83819999999999995 0.32915000000000005 0.76955000000000007 0.33415000000000006 0.33705000000000007 -0.75119999999999987 0.14000000000000004 0.9178495000000001 0.23435000000000003 0.61995000000000011 0.9798285000000001 0.24935000000000004 0.099738000000000007 0.36785000000000007 0.29355000000000003 0.6252660000000001 0.38750000000000007 0.45000000000000007 0.68705000000000016 0.14000000000000004 0.35105000000000003 0.37345000000000006 0.9723035000000001 0.39835000000000004 0.24000000000000002 0.23117400000000002 0.74523400000000006 0.43750000000000006
decision_type=2 2 2 2 2 2 2 2 2 2 2 2 2 2 2 2 2 2 2 2 2 2 2 2 2 2 2 2 2 2
left_child=4 3 -3 -2 9 -5 -7 -6 -4 15 11 26 14 21 -13 16 17 18 -1 20 -17 -12 -15 -14 -23 -26 27 28 29 -11
right_child=1 2 8 5 7 6 -8 -9 -10 10 13 12 23 22 -16 19 -18 -19 -20 -21 -22 24 -24 -25 25 -27 -28 -29 -30 -31
leaf_value=-0.064318101077967788 -0.054219724745025191 -0.078581435352407469 -0.093757342843763927 0.055752292210696434 -0.041186599696018095 -0.075050829283897141 0.0027536959695254755 0.0079273934110385674 0.0097926576763837682 -0.048009711017071639 0.059670326779128938 -0.059291219871917156 0.031239584684918303 0.066579965998310633 0.046506734581669769 -0.072420710343591835 -0.045508776624311117 -0.017510020130042641 0.05738435499779089 -0.0087206528819754655 -0.017708417665682055 -0.066456943316167749 -0.0011389511204226673 -0.065546717418337522 -0.067221264824874907 0.055963619747492505 -0.030868918007096333 -0.074516458969960911 -0.017371009233606689 0.030443732019492794
leaf_weight=0.57902443646608315 2.0619572098831886 2.053963480993275 0.632447689499258 2.1108859535754609 2.5072391497389495 1.1207090140699154 667.6731912824182 68.518621601260577 3.2919629272603288 2.0872695081125228 4.1888991013329351 1.0983788536395862 0.68148237242712628 1.3279668469331216 2.1453007606760366 3.5888978548682058 2.0039066199893503 2.4989269459969137 6.1025618740230811 137.46888068103181 7.9346742871340439 0.94536462592077475 297.57383804001091 7.2885968100401897 0.65308553667273406 1.8500136142065455 6.6735421714183749 1.3404620613218856 6.9647912918399006 11.893712261660765
leaf_count=682 7783 217 194 1303 8461 831 91186 30559 469 136 136 115 72 99 152 5882 38065 16766 5258 149081 32205 71 22709 307 35 77 369 100 622 510
internal_value=2.41308e-10 0.00231519 -0.0315241 0.0026158 -0.00271992 0.00279048 0.00262332 0.00619365 -0.00689519 -0.0039689 -0.00170329 -0.0146068 -0.0376152 -1.22233e-05 0.0106813 -0.00887295 0.0159148 0.0293223 0.0468377 -0.0107337 -0.034748 0.0323095 -0.000838088 -0.057271 -0.000926158 0.0238234 -0.00569746 0.00184005 0.00672662 0.0187311
internal_weight=1256.86 678.945 5.97837 672.967 577.915 670.905 668.794 71.0259 3.92441 506.89 346.713 40.1735 11.2138 306.539 3.24368 160.177 11.1844 9.18051 6.68159 148.992 11.5236 7.63736 298.902 7.97008 3.44846 2.5031 28.9598 22.2862 20.9458 13.981
internal_count=414452 101983 880 101103 312469 93320 92017 39020 663 273449 25510 2383 646 23127 267 247939 60771 22706 5940 187168 38087 319 22808 379 183 112 1737 1368 1268 646
is_linear=0
shrinkage=0.05


Tree=182
num_leaves=31
num_cat=0
split_feature=16 11 14 16 6 0 0 7 7 16 4 3 17 14 16 4 6 7 12 12 7 12 12 14 18 6 12 9 17 9
split_gain=4.72212 3.34876 2.38179 2.30246 8.44545 2.07421 3.95362 2.53474 2.99383 5.00932 2.69214 3.48817 3.23654 2.64603 2.37551 4.43381 3.04996 2.69679 4.45887 3.35694 2.88746 2.71956 2.93995 3.57636 3.34547 3.0971 3.82341 2.91639 2.33015 5.10932
threshold=-0.094249999999999987 0.81665000000000021 0.62835000000000008 -0.093349999999999975 1123.5000000000002 0.40980000000000005 0.49300000000000005 0.43985000000000007 0.43435000000000007 -0.063849999999999976 1.5073500000000004 0.33835000000000004 0.9798285000000001 0.70245000000000013 -0.0087499999999999991 1.9193500000000003 2155.5000000000005 0.47905000000000003 0.015150000000000002 0.33875000000000005 0.47555000000000008 0.021750000000000002 0.057650000000000007 0.68575000000000008 -0.39069999999999999 364.50000000000006 0.18535000000000004 0.19000000000000003 0.96879400000000004 0.31500000000000006
decision_type=2 2 2 2 2 2 2 2 2 2 2 2 2 2 2 2 2 2 2 2 2 2 2 2 2 2 2 2 2 2
left_child=1 -1 -3 4 -2 7 -7 8 -5 -10 -11 -12 13 -13 17 16 -16 18 20 21 -8 -20 23 -23 -24 26 -26 -25 -9 -30
right_child=3 2 -4 5 -6 6 14 28 9 10 11 12 -14 -15 15 -17 -18 -19 19 -21 -22 22 24 27 25 -27 -28 -29 29 -31
leaf_value=-0.0037013068056549227 -0.043700535245887399 0.050738802128836739 -0.071545187568880814 0.002418728968900176 0.07548948734179424 -0.03553717343912223 0.037058162436180313 0.00093216261076833949 -0.043377834202595632 -0.011738857783019748 -0.96344724959461969 0.066997846360122654 0.05362074966498355 -0.027779330165591882 0.01795297638525568 -0.053382352384836532 -0.052197718969294329 0.0014036992097193402 -0.06247803661826426 0.043637328515624629 -0.084878334930063651 0.023878321083549855 0.070677396645503376 0.0035067104170639326 0.015169464623077587 -0.040787199604162577 -0.064583867919009011 -0.066854763727082392 0.015456648663287352 -0.0070202717917202812
leaf_weight=451.49287146595714 2.3359410850724762 0.46347828406192038 2.827363805250684 312.53903083769285 4.0857147763420016 8.6215534340460618 5.7753295464385692 89.648518555577255 9.7168790675733572 20.737514292634163 0.0089802315342230044 0.935712273084503 4.2463125170379499 3.4577009377658783 34.044019559462413 2.5583770197273443 1.6233047248060746 91.774434330000759 3.6054110770729713 2.1144723056904686 0.53005895397336633 7.8343150018923762 0.85770061896750149 3.3443405674261157 6.2459655837899977 18.8614351021223 1.9788941520891965 2.6315149091585681 127.78044947465605 31.519632282033854
leaf_count=148394 1317 98 350 179639 264 2382 1060 40423 2560 4506 7 94 166 5182 3990 461 147 9911 497 490 54 779 177 924 1365 3375 572 563 3844 861
internal_value=-2.11938e-11 -0.00406761 -0.0543229 0.00231405 0.0321329 0.00207257 -0.00244544 0.00351993 0.000786856 -0.0122562 -0.00196548 0.0214687 0.0224924 -0.00759362 -0.000893023 0.0101996 0.0147603 -0.00380619 -0.0126969 -0.0179437 0.0268076 -0.0208144 -0.0172168 0.00165593 -0.0265439 -0.0296224 -0.00401912 -0.0274775 0.00738043 0.0110093
internal_weight=1254.2 454.784 3.29084 799.414 6.42166 792.992 192.401 600.591 351.642 39.1031 29.3862 8.64871 8.63973 4.39341 183.78 38.2257 35.6673 145.554 53.7794 47.474 6.30539 45.3596 41.7542 13.8102 27.944 27.0863 8.22486 5.97586 248.949 159.3
internal_count=414452 148842 448 265610 1581 264029 26747 237282 192154 12515 9955 5449 5442 5276 24365 4598 4137 19767 9856 8742 1114 8252 7755 2266 5489 5312 1937 1487 45128 4705
is_linear=0
shrinkage=0.05


Tree=183
num_leaves=31
num_cat=0
split_feature=16 17 14 14 3 17 6 9 3 14 16 14 16 21 16 16 16 9 18 12 18 18 12 12 12 19 6 17 17 17
split_gain=4.82386 2.55471 3.26295 2.72287 2.0644 2.35282 2.96475 3.36916 4.24059 4.12608 2.38598 2.33312 2.46526 2.22707 2.47579 2.18473 2.04234 2.48384 4.04116 2.49233 2.44868 3.33842 2.38402 2.03418 3.11911 2.70196 2.00187 1.99627 1.96157 2.81466
threshold=-0.10394999999999999 0.79600750000000009 0.53860000000000008 0.55835000000000012 0.26235000000000003 0.97609950000000012 1186.5000000000002 0.11500000000000002 0.79725000000000013 0.63335000000000008 -0.55324999999999991 0.6694500000000001 -0.55324999999999991 0.49137650000000005 -0.10904999999999999 -0.10494999999999997 -0.11935 0.21500000000000005 -1.0000000180025095e-35 0.16675000000000004 -0.30819999999999997 -0.35099999999999992 0.0021500000000000004 0.31345000000000006 0.31745000000000007 -0.033849999999999991 742.50000000000011 0.90266350000000017 0.94427700000000014 0.96879400000000004
decision_type=2 2 2 2 2 2 2 2 2 2 2 2 2 2 2 2 2 2 2 2 2 2 2 2 2 2 2 2 2 2
left_child=4 2 -2 -4 11 6 10 8 9 -8 -6 12 -1 14 -7 -12 17 20 22 -20 21 -9 -19 -3 25 -25 -26 -18 -24 -30
right_child=1 23 3 -5 5 13 7 16 -10 -11 15 -13 -14 -15 -16 -17 27 18 19 -21 -22 -23 28 24 26 -27 -28 -29 29 -31
leaf_value=-0.058520362333387678 0.053561422971815389 0.0023813087814902895 -0.085680870936155992 -0.0078829418616683366 0.071435732779452241 0.033078065051169503 0.081538698931586218 -0.0026749711143377493 0.019037012812262701 -0.056517062250213128 -0.002400785127721843 -0.064454904473700905 -0.0086573587655483474 -0.00021493976768807989 -0.039964255768559248 -0.064663188750036113 -0.051653159486202443 0.09933536931454523 0.055287946989527048 -0.090406071652100295 -0.030834003769058968 0.063663526265924197 -0.068913466552710648 -0.051196516576719642 -0.017188013227164109 0.09481722997291292 0.015514207244966136 0.0321831695800366 -0.0015466756730368189 -0.07790430219142834
leaf_weight=2.5643055255357572 2.1350241365357183 736.76550702131101 1.145082662908975 63.131957030655769 1.0799697872132004 9.0189477773601521 0.56786117096942135 8.1050644173415041 2.7215537252975528 11.533295708752119 100.09864195093073 2.0431536877875933 74.358092931525789 167.87549197120597 1.331382450822274 1.4290341292948188 0.83932596560703387 0.28824733508190448 1.8341546238007134 0.3494645557948387 4.6045058318318306 2.4757881045679833 5.0621304268479417 0.37962336685814113 5.5125863888954418 1.9155577913552395 30.975183269892113 4.610431490407791 3.7858324827466276 1.7716523766721364
leaf_count=1266 1079 69960 764 204832 119 516 14 3330 1107 4623 79316 2529 24840 7973 61 1092 1242 50 88 19 509 128 3050 169 948 72 3945 386 329 96
internal_value=-1.62651e-11 0.00216286 -0.00724902 -0.0092689 -0.00445953 -0.00271885 -0.0073075 -0.0174875 -0.0373559 -0.0500386 -0.00249078 -0.0117203 -0.0103196 0.00117289 0.0236825 -0.00327715 -0.00875546 -0.014157 -0.0301171 0.0319712 -0.00039767 0.0128474 -0.0425464 0.00296882 0.0141299 0.0706665 0.0105735 0.0192714 -0.0463975 -0.0258885
internal_weight=1250.31 841.961 66.4121 64.277 408.348 329.383 151.157 48.5493 14.8227 12.1012 102.608 78.9656 76.9224 178.226 10.3503 101.528 33.7266 28.2768 13.0915 2.18362 15.1854 10.5809 10.9079 775.548 38.783 2.29518 36.4878 5.44976 10.6196 5.55748
internal_count=414452 281769 206675 205596 132683 104048 95498 14971 5744 4637 80527 28635 26106 8550 577 80408 9227 7599 3632 107 3967 3458 3525 75094 5134 241 4893 1628 3475 425
is_linear=0
shrinkage=0.05


Tree=184
num_leaves=31
num_cat=0
split_feature=16 12 12 10 16 18 7 18 7 7 9 7 4 10 7 16 4 10 9 21 16 4 10 12 7 7 18 12 12 18
split_gain=4.5801 2.13582 3.4978 3.02329 2.76096 2.56485 2.37568 2.15305 2.09684 4.0841 3.04934 2.45584 4.76774 3.30303 2.516 3.5365 3.54391 4.07495 3.28424 2.97073 2.60847 3.42662 2.98197 2.66786 3.05032 2.54732 2.47908 3.06105 2.84677 3.29889
threshold=-0.10394999999999999 0.31345000000000006 0.31745000000000007 0.31250000000000006 -0.083849999999999994 -0.50469999999999993 0.43155000000000004 -0.46939999999999993 0.48825000000000007 0.49125000000000008 0.21500000000000005 0.43385000000000007 2.0435500000000002 0.23750000000000002 0.43585000000000007 -0.25634999999999991 1.1261500000000002 0.5375000000000002 0.29000000000000009 0.93348050000000005 -0.10694999999999998 1.5975500000000002 0.61250000000000016 0.23615000000000003 0.47415000000000007 0.43485000000000007 -0.86819999999999986 0.043450000000000009 0.12490000000000001 -0.55039999999999989
decision_type=2 2 2 2 2 2 2 2 2 2 2 2 2 2 2 2 2 2 2 2 2 2 2 2 2 2 2 2 2 2
left_child=8 3 -3 5 6 -2 -4 -7 11 10 -10 12 -1 -13 18 26 17 -17 19 -15 22 -22 -18 24 -23 -21 -16 -28 29 -29
right_child=1 2 4 -5 -6 7 -8 -9 9 -11 -12 13 -14 14 15 16 20 -19 -20 25 21 23 -24 -25 -26 -27 27 28 -30 -31
leaf_value=-0.0081782426975029032 -0.047347889486116568 0.061987889546310605 -0.058200884171460188 0.0019742227046464994 0.0039119849947079795 0.056893074926158541 0.048999097277193406 -0.012443896572669297 -0.013234979796560499 -0.0092735878934261766 -0.092839738643542058 -0.064259921506164872 0.056884186565040996 0.058616332863673348 0.045018323226129926 0.056616326381226038 -0.0049234641872799335 0.0060155198872606846 -0.057872733580626036 -0.05085187502372962 -0.05680099953587562 -0.0555577722374241 0.011119717002499245 0.16123020256269241 0.057535396692615384 0.037789633564187769 -0.068251897891656366 -0.054367982197969303 -0.032712420329728722 0.021070214211144998
leaf_weight=177.66663659907999 5.2895468474327485 3.27487611221619 0.56781819914635789 768.8824700523412 41.691824283538779 1.2125774337915789 5.754315748720046 14.601797389543604 2.1610673508755545 43.275419127544296 2.713586590427667 1.9094606857923953 2.8610813779724813 5.5397232664229232 1.4842247326082567 6.3177714293693752 65.075608100091699 10.746785029719829 1.0349444068190212 1.4524728677904479 4.312578387068128 1.2552842073807831 52.195793952083136 0.28020536851056466 1.1356161976514156 1.833739498003524 3.0488113438184454 1.8110875313955146 9.9802480943958454 7.2523494278939342
leaf_count=102277 8608 1049 1688 243283 20418 574 969 5180 198 3780 128 391 3436 1242 231 570 12604 546 179 82 427 330 3913 50 52 110 301 276 996 564
internal_value=1.09563e-10 0.0021037 0.0119911 0.00146177 0.00858097 -0.0172084 0.039371 -0.00712744 -0.00436614 -0.0141609 -0.0575488 -0.00304579 -0.00714711 0.00114515 0.00185979 0.00039269 0.00338352 0.0247493 0.026393 0.0362742 0.000449247 -0.0292373 0.00221712 0.0152652 -0.00184143 -0.00138902 -0.0175344 -0.0217369 -0.01429 0.00599589
internal_weight=1246.62 841.275 51.2888 789.986 48.014 21.1039 6.32213 15.8144 405.344 48.1501 4.87465 357.194 180.528 176.667 174.757 164.896 141.32 17.0646 9.86088 8.82594 124.255 6.98368 117.271 2.67111 2.3909 3.28621 23.5767 22.0925 19.0437 9.06344
internal_count=414452 281769 24124 257645 23075 14362 2657 5754 132683 4106 326 128577 105713 22864 22473 20860 18492 1116 1613 1434 17376 859 16517 432 382 192 2368 2137 1836 840
is_linear=0
shrinkage=0.05


Tree=185
num_leaves=31
num_cat=0
split_feature=16 10 18 0 0 11 20 12 9 14 12 14 16 6 18 6 14 9 14 9 0 4 20 17 9 16 14 0 16 18
split_gain=4.11723 2.91273 3.48622 5.43912 4.5812 5.61635 4.48741 4.07886 3.80709 3.54674 3.49911 3.30951 3.12208 3.27773 3.73745 3.1407 3.78751 2.88397 2.79324 2.77355 3.96199 3.07529 2.76587 2.73818 4.23305 2.73055 2.70244 3.35571 2.70207 2.69353
threshold=-0.078249999999999986 0.6583500000000001 -0.85559999999999981 0.12950000000000003 0.40980000000000005 1.0000000180025095e-35 0.040202000000000009 0.052650000000000009 1.0000000180025095e-35 0.61995000000000011 0.066750000000000018 0.53860000000000008 -0.063849999999999976 814.50000000000011 -0.48734999999999995 2572.5000000000005 0.70145000000000013 0.11500000000000002 0.77045000000000008 0.14000000000000004 0.1183 1.8650500000000003 0.021858500000000006 0.81543950000000021 0.29000000000000009 -0.050349999999999992 0.58905000000000007 0.26200000000000007 -0.050949999999999988 -0.78279999999999983
decision_type=2 2 2 2 2 2 2 2 2 2 2 2 2 2 2 2 2 2 2 2 2 2 2 2 2 2 2 2 2 2
left_child=-1 2 6 19 11 23 8 -8 -2 -9 25 -5 13 -13 17 -14 -17 -15 -11 20 21 29 -16 -6 -25 -7 27 -3 -10 -4
right_child=1 26 3 4 5 10 7 9 28 18 -12 12 15 14 22 16 -18 -19 -20 -21 -22 -23 -24 24 -26 -27 -28 -29 -30 -31
leaf_value=-0.0032957709112291581 -0.081591568568219405 -0.024722938218052621 -0.069191798492765702 0.056187995260273675 -0.016151399373295166 -0.066523201689585448 -0.066648650293062869 -0.080104521047407257 -0.016095897713137141 0.047964125373043773 -0.047054876755126429 -0.036638959983279693 0.0099718513996099531 0.026219401609109766 0.047275211312312472 -0.088911440114352924 -0.0053498946907480768 -0.064988834460972159 -0.053315671902107523 -0.017629810787427393 -0.049825209546093874 -0.060829851841989448 -0.0024737933704977958 0.0065979077253548214 -0.026224484211639539 0.0099536361325180019 0.0087786033355669122 0.022576619578348351 0.055739826236223013 0.0097475173347137522
leaf_weight=537.14258083718528 0.61276574325069333 13.132141354097259 1.1155160203005596 3.3630504534660295 23.141272295623139 1.4246932990040475 2.1902949364466044 0.85376378135993025 1.50665329772164 3.956062259110297 11.587220300083173 8.1072455526908715 174.1332237743427 1.2269141536611972 4.5664392485632543 1.6145246991916327 8.4709322749574749 2.9519034749509387 0.82227142412364163 60.379531929220775 3.7454797660476506 1.7381776041317483 7.1973628652611978 88.292101853894735 11.052913632179523 6.4567601150288878 209.49044293215644 5.2485027444229209 9.9810231200972321 34.547753080734083
leaf_count=179441 49 977 3371 350 11203 315 6973 383 165 6636 1271 8770 79059 1093 135 343 2506 1561 7362 36612 5178 3165 1966 6679 802 891 22374 341 433 24048
internal_value=-6.84007e-11 0.00251854 0.000289319 -0.00060687 0.00232211 -0.00462696 0.0207617 -0.00875198 0.0398409 0.0137637 -0.0295727 0.0069833 0.00618876 -0.0107543 0.00240881 0.00840068 -0.0187268 -0.0382098 0.0305356 -0.0108076 -0.000796709 0.00411313 0.0168376 -0.000661933 0.00294616 -0.00387072 0.00716573 -0.0112168 0.0463183 0.00727836
internal_weight=1240.05 702.907 475.036 455.113 353.587 141.955 19.9228 7.82239 12.1004 5.6321 19.4687 211.632 208.269 24.0499 15.9426 184.219 10.0855 4.17882 4.77833 101.526 41.1469 37.4014 11.7638 122.486 99.345 7.88145 227.871 18.3806 11.4877 35.6633
internal_count=414452 235011 211319 189318 116944 21161 22001 21354 647 14381 2477 95783 95433 13525 4755 81908 2849 2654 13998 72374 35762 30584 2101 18684 7481 1206 23692 1318 598 27419
is_linear=0
shrinkage=0.05


Tree=186
num_leaves=31
num_cat=0
split_feature=10 3 9 4 17 3 21 6 17 19 4 7 19 4 6 4 9 21 21 21 6 7 21 20 4 6 7 7 13 6
split_gain=2.85315 2.43865 2.14298 3.00486 2.24487 2.72932 2.21937 3.5243 3.73475 3.23537 4.04858 2.65258 3.45001 4.71727 4.12066 3.42489 3.1442 2.49631 2.49516 2.44366 2.31215 2.27413 2.261 2.20887 2.13719 2.11246 2.05526 2.19819 2.04522 6.12732
threshold=0.58750000000000002 0.81785000000000008 1.0000000180025095e-35 1.24855 0.96879400000000004 0.27865000000000006 0.48581450000000004 760.50000000000011 0.81543950000000021 -0.041649999999999993 1.0402500000000001 0.36145000000000005 -0.0043499999999999988 1.3584500000000002 742.50000000000011 0.94025000000000014 0.090000000000000011 0.20764650000000004 0.37523250000000002 0.43779750000000006 766.50000000000011 0.36345000000000005 0.42558650000000003 0.37480150000000007 1.0104500000000003 346.50000000000006 0.45565000000000005 0.45285000000000003 1.0000000180025095e-35 1762.5000000000002
decision_type=2 2 2 2 2 2 2 2 2 2 2 2 2 2 2 2 2 2 2 2 2 2 2 2 2 2 2 2 2 2
left_child=1 -1 3 -2 5 -5 7 9 -9 10 17 -11 15 14 22 -13 -17 24 -12 -15 -10 -18 -14 26 -4 -20 27 -23 -8 -30
right_child=2 -3 6 4 -6 -7 28 8 20 11 18 12 13 19 -16 16 21 -19 25 -21 -22 23 -24 -25 -26 -27 -28 -29 29 -31
leaf_value=-0.0035723541887157082 -0.05408381242256402 0.0085757016146063691 -0.038042074531687453 0.12617755647770973 0.018448795887035203 -0.058890573541832004 0.0031349929718383872 -0.046660712906776647 0.077369886343637242 -0.029005366343753076 -0.019977522828758244 -0.036372878840244559 0.019019773574222056 -0.024462053339939265 -0.08787662210614644 -0.036128694128927386 0.14368025889113725 0.052920827037520983 0.046422232647559632 0.054510052861978013 0.010859921963097579 0.01874256275875865 -0.060040451553935018 0.051678944124297237 0.06584301806725347 -0.077711417980562053 -0.037028615018864064 0.10802161648189711 -0.0087863185543182575 0.018084778282840351
leaf_weight=521.70561500157964 4.0177059928298586 44.864578349516478 2.1847062701492663 0.22030763712018631 5.025990774109232 2.081243605857594 224.23310473847766 2.8180111212858483 1.3170180025781508 5.966445530396526 11.680514346551261 2.7337683317055044 22.356439780305273 20.321974858377761 0.99907277897000213 2.1756628902658113 0.40578922838904219 2.6711135633941012 0.37889263565045839 1.029173197588533 167.11203625044982 21.37564455905159 0.94244695807719736 5.9733834739527074 0.64014627865770979 3.590681920919792 1.6020221721391852 0.71243353502359141 128.49744658733209 25.410033380030654
leaf_count=287117 1114 25352 1095 99 292 1613 45896 9558 89 376 14862 227 1170 1298 27 183 14 1506 886 45 10272 946 64 1254 165 2167 122 20 5866 757
internal_value=-2.47379e-12 -0.0026104 0.00221246 -0.019333 -0.000278985 -0.0411756 0.00258444 0.00596738 0.0104249 -0.00111756 -0.0186512 0.00316411 0.00554464 -0.003509 0.0115579 0.0173601 0.0219157 0.0182672 -0.0316162 -0.0206554 0.01138 0.0261155 0.0158218 0.0245072 -0.0145004 -0.065863 0.017656 0.0216222 8.85505e-05 -0.00434992
internal_weight=1235.04 566.57 668.473 11.3452 7.32754 2.30155 657.128 278.987 171.247 107.74 21.1461 86.5943 80.6278 45.6491 24.298 34.9787 32.2449 5.49597 15.6501 21.3511 168.429 30.0693 23.2989 29.6635 2.82485 3.96957 23.6901 22.0881 378.141 153.907
internal_count=414452 312469 101983 3118 2004 1712 98865 46346 19919 26427 20681 5746 5370 2604 1261 2766 2539 2766 17915 1343 10361 2356 1234 2342 1260 3053 1088 966 52519 6623
is_linear=0
shrinkage=0.05


Tree=187
num_leaves=31
num_cat=0
split_feature=21 17 12 20 3 12 7 0 14 17 3 21 14 14 14 3 21 17 11 4 17 6 12 21 17 21 4 0 14 21
split_gain=2.50488 3.15707 3.5308 2.94472 3.5572 2.92896 4.53875 2.79254 2.72236 2.67353 2.71576 2.49177 2.9009 2.75369 2.72087 2.47979 2.67649 2.42516 4.23184 4.63916 5.26282 3.76385 3.75034 4.15093 3.51812 2.86001 2.83803 3.1487 2.72454 4.1254
threshold=0.80969150000000012 0.86875800000000014 0.12155000000000001 0.18159550000000005 0.26655000000000006 0.10675000000000003 0.34995000000000004 0.71975000000000011 0.71225000000000016 0.99048750000000008 1.0000000180025095e-35 0.92872050000000017 0.68705000000000016 0.76225000000000009 0.76385000000000014 0.5767500000000001 0.90877100000000011 0.96182300000000009 1.0000000180025095e-35 1.43415 0.9798285000000001 1573.5000000000002 0.28885000000000005 0.68761600000000012 0.947855 0.73218050000000012 1.6629500000000002 1.0000000180025095e-35 0.71425000000000016 0.80044250000000006
decision_type=2 2 2 2 2 2 2 2 2 2 2 2 2 2 2 2 2 2 2 2 2 2 2 2 2 2 2 2 2 2
left_child=17 2 -2 4 5 -3 -7 -6 -4 10 -5 12 -9 15 -15 -14 -17 21 -19 -20 -21 28 23 -23 -25 -24 -22 -28 29 -1
right_child=1 3 8 9 7 6 -8 11 -10 -11 -12 -13 13 14 -16 16 -18 18 19 20 26 22 25 24 -26 -27 27 -29 -30 -31
leaf_value=0.0035696486409221282 -0.053594209534820782 -0.010771049905162878 0.046572305026962406 -0.074958144497227291 -2.5162401440088285e-05 0.065561313317342718 -0.056513755487446853 -0.082549247940384818 -0.022944001905291979 -0.087082184311663688 0.033810314091647441 -0.047688078055016354 0.05453636439011144 -0.10761248943751045 -0.0015341470282935288 -0.062177671648139234 -0.63410479494353345 0.0063498720397804414 -0.011877777925393096 0.038588792827502917 0.0094703655053015104 -0.037762112874974538 0.016744046296137478 -0.030379594630704811 0.042596765255989669 -0.062040594676019273 -0.040166709204900133 0.0022381279004130821 -0.00399511155291321 0.07568188922688468
leaf_weight=184.41673113001968 6.6484237968850248 34.361284322359097 2.0064321604086217 0.60846742344437821 213.57998300632823 0.84876271718530727 7.3989109402609756 1.0582861499569824 4.7247838424754605 0.53324574232101518 10.097427889605113 5.9209779705741417 2.7946838051720992 0.72910644696094085 3.5369964949823043 0.15395302671822708 0.02359076589345932 372.860605623102 78.214105925344711 10.647030525564331 28.149077366508209 20.373233596487584 10.026867257295406 3.1559129547180182 3.46460508499149 1.3014397587273823 7.6854111763386781 10.171191806407021 206.26052672395724 2.0048577351089412
leaf_count=80528 42073 1749 8918 59 12000 87 401 82 17279 6 984 755 225 6 324 25 7 19263 3109 637 1060 23713 3127 3315 209 216 390 687 192535 683
internal_value=2.03393e-10 -0.00401874 -0.0277495 -0.0028914 -0.00393372 -0.0171936 -0.0439511 -0.00145349 -0.00222267 0.022186 0.0276285 -0.0229102 -0.00522713 0.00607781 -0.0196637 0.0430251 -0.138171 0.00126301 0.00360452 -0.00398545 0.00691061 -0.0014953 -0.0164522 -0.0265851 0.0078099 0.00769296 -0.000420626 -0.0160127 -3.56509e-05 0.00434517
internal_weight=1233.76 295.025 13.3796 281.646 270.407 42.609 8.24767 227.798 6.73122 11.2391 10.7059 14.2176 8.29662 7.23833 4.2661 2.97223 0.177544 938.732 507.727 134.867 56.6527 431.004 38.3221 26.9938 6.62052 11.3283 46.0057 17.8566 392.682 186.422
internal_count=414452 84980 68270 16710 15661 2237 488 13424 26197 1049 1043 1424 669 587 330 257 32 329472 25146 5883 2774 304326 30580 27237 3524 3343 2137 1077 273746 81211
is_linear=0
shrinkage=0.05


Tree=188
num_leaves=31
num_cat=0
split_feature=10 21 6 11 4 20 7 0 4 9 9 6 10 3 0 9 7 0 6 18 6 6 12 0 4 21 4 14 12 3
split_gain=2.51198 2.52862 2.87236 3.23459 6.85313 6.15823 3.43453 2.88444 2.69018 2.95186 2.78754 3.12684 3.00484 2.89015 2.33686 4.35518 4.35443 4.05197 3.86204 3.63044 2.89505 3.80821 3.0595 2.84047 2.96744 3.99865 4.36129 2.87078 3.44793 3.40567
threshold=0.58750000000000002 0.48581450000000004 724.50000000000011 1.0000000180025095e-35 1.43415 0.53346500000000008 0.39085000000000009 0.025200000000000004 0.90925000000000011 0.065000000000000016 0.26500000000000007 574.50000000000011 0.6583500000000001 0.37615000000000004 0.093200000000000019 0.14000000000000004 0.46335000000000004 0.025200000000000004 706.50000000000011 -0.7589999999999999 688.50000000000011 562.50000000000011 0.055250000000000007 0.60600000000000009 1.4084500000000004 0.24509050000000002 0.94025000000000014 0.62265000000000015 0.0093500000000000024 0.42695000000000005
decision_type=2 2 2 2 2 2 2 2 2 2 2 2 2 2 2 2 2 2 2 2 2 2 2 2 2 2 2 2 2 2
left_child=14 2 3 4 8 6 -5 -7 -2 -10 11 13 -12 -11 15 18 17 -17 20 -20 21 22 -1 -16 25 -25 -27 -28 -29 -30
right_child=1 -3 -4 5 -6 7 -8 -9 9 10 12 -13 -14 -15 23 16 -18 -19 19 -21 -22 -23 -24 24 -26 26 27 28 29 -31
leaf_value=0.065172531213999796 -0.0078600846533410373 -0.00054186510766288055 0.0094882535283498555 -0.04967666519863604 -0.017645727745883463 0.075194058520431373 -0.010783945523596692 -0.047631513530223116 -0.027603237117979823 0.063143974897399688 0.035809060001333153 0.010092088504128771 -0.011574580685987582 0.010014674579877383 0.0010630469436950095 -0.016758079151764596 0.029279363055328328 -0.05427877838241018 0.018488464021775543 -0.021201569495171654 0.072474093136879955 -0.032999183968039046 0.0064400836038190426 0.0036359816981308157 0.0015540813849297536 0.014319184904956464 0.017163314078584967 0.029540364595788883 -0.058139440221535582 -0.024679786224190647
leaf_weight=3.6281786491170731 9.7260302372845882 386.71684159085311 179.50951912232836 8.0903685137107058 22.958144219191297 2.5200177089774338 19.024045090690777 0.58988575538660359 2.8204651343575042 10.788546148609216 5.7088077910540269 7.2163778585652372 8.0833770803424141 3.3559657528257949 366.9835295055853 38.125964601249962 4.2031811894319153 8.8695077143491954 8.2997570271311947 18.839434174764847 2.4302460450459185 3.3310383361913969 5.7022657694172665 19.082380029850469 44.859406411620682 6.3347469327708259 2.8847491817106166 1.9563778363509516 13.220360116280974 17.904635628337303
leaf_count=6493 1515 54225 21737 1428 9241 2738 2148 2231 513 1623 1320 972 927 1365 200948 34029 1109 10265 9502 11485 657 4874 16560 1938 7742 1297 347 295 2281 2647
internal_value=-1.71915e-10 0.00207933 0.00569449 -0.00105612 0.00479947 -0.0147452 -0.0223887 0.0518965 0.0156025 0.0216119 0.0255606 0.0368743 0.00803827 0.0505384 -0.00244794 -0.00967429 -0.0194786 -0.0238394 0.00221196 -0.00906349 0.0224884 0.0128942 0.0292784 -0.00102124 -0.00822077 -0.0153643 -0.0239355 -0.0306734 -0.0348448 -0.0388918
internal_weight=1233.76 667.108 280.392 100.882 70.6577 30.2243 27.1144 3.1099 47.6996 37.9735 35.1531 21.3609 13.7922 14.1445 566.656 93.4296 51.1987 46.9955 42.2309 27.1392 15.0917 12.6615 9.33044 473.226 106.243 61.3832 42.3009 35.9661 33.0814 31.125
internal_count=414452 101983 47758 26021 17476 8545 3576 4969 8235 6720 6207 3960 2247 2988 312469 94974 45403 44294 49571 20987 28584 27927 23053 217495 16547 8805 6867 5570 5223 4928
is_linear=0
shrinkage=0.05


Tree=189
num_leaves=31
num_cat=0
split_feature=16 0 21 0 3 16 16 21 17 4 7 19 20 7 7 21 10 7 17 21 4 16 17 0 2 21 21 4 4 6
split_gain=4.78704 3.53451 3.82845 2.85612 2.73988 3.22591 3.55044 2.95711 2.64048 3.67739 3.60086 2.59626 2.52516 2.42856 2.36995 2.34875 2.40515 2.2515 2.14623 2.77133 2.81721 3.03634 2.76112 2.67402 2.48109 2.40892 2.29355 2.72681 2.51868 2.40978
threshold=-0.14754999999999999 0.74975000000000014 0.97568400000000011 0.88500000000000012 0.26235000000000003 -0.17024999999999998 -0.15804999999999997 0.3079555000000001 0.96182300000000009 0.99425000000000008 0.40985000000000005 -0.075249999999999997 0.22263500000000003 0.42895000000000005 0.42935000000000006 0.4003425000000001 0.71250000000000002 0.45155000000000006 0.79600750000000009 0.30019750000000006 1.2118500000000003 -0.039649999999999998 0.61459350000000013 0.15750000000000003 0.77500000000000013 0.36382650000000005 0.36867650000000002 1.4594500000000001 1.7564500000000003 232.50000000000003
decision_type=2 2 2 2 2 2 2 2 2 2 2 2 2 2 2 2 2 2 2 2 2 2 2 2 2 2 2 2 2 2
left_child=1 4 12 -4 5 15 7 -7 -8 -10 -11 13 -3 -6 -15 -1 17 -17 19 20 21 -2 -23 -24 -22 -21 -27 29 -29 -28
right_child=18 2 3 -5 11 6 8 -9 9 10 -12 -13 -14 14 -16 16 -18 -19 -20 25 24 22 23 -25 -26 26 27 28 -30 -31
leaf_value=0.035306002308721884 0.049679520111482821 -0.0012447600077541299 -0.09354106041529292 0.0058564710602916877 -0.03564365312338693 0.10581626018492081 -0.073195967035475359 -0.078744941938022672 0.070004945228389112 -0.10582842616047988 0.022450961665365185 0.0004449423757818241 -0.047668519908546134 0.083673151378121854 -0.0082120272702904604 -0.021796010987063689 0.016370788676940723 0.048169125592882452 0.0022140404522065114 -0.05095516066058127 -0.033811541924173218 -0.042378366771539333 -0.035807202159990829 0.03079715988000897 0.00071009047311494601 0.066602641069073668 0.029572820734016594 0.013172333581535809 -0.052128513252806853 -0.034683331013081728
leaf_weight=2.8230563910931314 5.1890530831924506 9.7531373218989774 3.1069069171625179 0.94178390180184113 10.272510708290953 0.22735756384918193 1.2747602416147268 4.7793977331442647 1.5246165665157607 0.93176084867445785 1.3249861116055397 157.34871227149097 4.1865506844618485 0.74997228309348329 10.916304251360485 25.540845185861716 6.0047109195789963 1.204076934312069 915.76869432061198 4.601052528641957 7.0008062820840591 2.5426011311928383 1.9141047490818417 7.0845051008811879 20.28734327390822 0.89946549397837117 1.6259650172530111 10.106429821880793 1.7293120927913879 14.218862226664696
leaf_count=316 4299 804 281 267 34210 40 1501 1612 45 38 30 15650 705 131 5570 16109 936 67 86948 16994 46475 7740 2452 1387 29387 1072 12514 38602 19212 69058
internal_value=1.14392e-10 -0.00629157 -0.0276187 -0.0704198 -0.00458592 -0.015524 -0.0405184 -0.070364 -0.0109642 0.0100152 -0.0305128 -0.00180175 -0.0151874 -0.0179154 -0.00230514 -0.00845358 -0.0122257 -0.0186461 0.00153912 -0.00646707 0.0017579 0.0179126 0.00362983 0.0166297 -0.00814647 -0.0173784 -0.011973 -0.0145262 0.00363127 -0.0280895
internal_weight=1235.88 242.911 17.9884 4.04869 224.923 45.6356 10.0629 5.00676 5.05612 3.78136 2.25675 179.287 13.9397 21.9388 11.6663 35.5727 32.7496 26.7449 992.968 77.1995 44.0184 16.7303 11.5412 8.99861 27.2881 33.1811 28.58 27.6806 11.8357 15.8448
internal_count=414452 78312 2057 548 76255 20694 3266 1652 1614 113 68 55561 1509 39911 5701 17428 17112 16176 336140 249192 91740 15878 11579 3839 75862 157452 140458 139386 57814 81572
is_linear=0
shrinkage=0.05


Tree=190
num_leaves=31
num_cat=0
split_feature=16 0 0 21 10 0 0 3 10 12 9 18 16 9 6 14 12 18 9 21 16 12 6 6 21 0 3 7 16 21
split_gain=4.41196 2.37777 3.34099 2.68313 2.57238 2.55891 5.63256 3.88216 6.96137 4.07462 3.22055 5.13998 6.48267 4.37563 3.9725 3.21197 3.95937 3.16485 3.42942 4.00522 3.00184 4.9232 3.45764 2.91759 2.85095 2.96478 3.13258 4.25713 2.79411 2.7426
threshold=-0.078249999999999986 0.40980000000000005 0.59750000000000003 0.6925825000000001 0.86250000000000016 0.12950000000000003 1.0000000180025095e-35 0.34415000000000007 0.48750000000000004 0.065950000000000022 0.14000000000000004 -0.6692999999999999 -0.063849999999999976 0.11500000000000002 310.50000000000006 0.58445000000000014 0.093050000000000008 -0.71749999999999992 0.24000000000000002 0.52116950000000017 -0.038649999999999997 0.059250000000000004 430.50000000000006 1909.5000000000002 0.03236300000000001 0.34500000000000003 0.40935000000000005 0.44555000000000006 -0.066549999999999984 0.56063750000000012
decision_type=2 2 2 2 2 2 2 2 2 2 2 2 2 2 2 2 2 2 2 2 2 2 2 2 2 2 2 2 2 2
left_child=-1 4 3 -3 5 6 10 8 -8 -9 13 -12 14 29 -13 16 -14 23 19 -19 21 -17 -23 -10 25 26 -7 -28 -20 -2
right_child=1 2 -4 -5 -6 24 7 9 17 -11 11 12 15 -15 -16 20 -18 18 28 -21 -22 22 -24 -25 -26 -27 27 -29 -30 -31
leaf_value=-0.003397515115192316 0.010711984334711615 -0.013698267629629245 0.00050067316961193342 -0.068200605360175096 0.048396232515077769 -0.047802619197052476 -0.061984412263098657 -0.046104694235273476 -0.040213169367026992 -0.01122250317407248 0.0092207792532303223 -0.10125702853896051 -0.081742938725733197 0.034159781455923778 0.041903646078278206 0.0033014053684394182 0.022544257417893732 -0.02433516496135793 -0.066014307577320422 0.053015184945749028 -0.0042912929704883836 0.06667056890745042 -0.062411012569253965 0.090148944144409771 0.0089644187374919079 0.015693273232118502 0.020164661359518186 -0.053841332268898236 0.064908926306161449 -0.027067546379100915
leaf_weight=538.38361101063833 27.771575898947532 23.932390164346604 143.95469097398791 2.4934114154620479 3.2865028156074905 6.6587792828803485 3.3153564569566383 12.47403128955534 3.2891281215737016 25.457049748162348 76.236569399444846 0.51898780419094137 3.5872942287498679 19.083955007039663 7.3069307479155441 6.216444205953052 1.2195389364910623 4.4280589078318791 0.43836366365576385 2.6903734983824279 34.389040538447034 0.55259711045130089 8.4796218132340737 0.4936136316177907 247.89893559582686 7.9615063771865939 6.2953592798089044 2.810878365352437 5.7921107854333513 5.8085944806841203
leaf_count=179441 15740 5624 17579 659 136 1441 2253 12449 1668 30448 23713 233 258 5545 1044 917 107 1525 134 650 5629 550 1160 83 92347 2356 5249 720 838 3956
internal_value=9.18263e-11 0.00263249 -0.00249917 -0.0188408 0.00429961 0.00402154 0.000366321 -0.0132272 0.00433445 -0.0226939 0.00451738 0.000515669 -0.0101418 0.0150419 0.0324097 -0.0162582 -0.0552843 0.0171686 0.0286087 0.00489899 -0.012479 -0.0309441 -0.0545137 -0.0232021 0.00737967 -0.00917803 -0.0217383 -0.00267922 0.0556974 0.004177
internal_weight=1233.23 694.842 170.38 26.4258 524.461 521.175 249.549 58.3781 20.447 37.9311 191.171 138.507 62.2705 52.6641 7.82592 54.4445 4.80683 17.1316 13.3489 7.11843 49.6377 15.2487 9.03222 3.78274 271.625 23.7265 15.765 9.10624 6.23047 33.5802
internal_count=414452 235011 23862 6283 211149 211013 108900 50048 7151 42897 58852 33611 9898 25241 1277 8621 365 4898 3147 2175 8256 2627 1710 1751 102113 9766 7410 5969 972 19696
is_linear=0
shrinkage=0.05


Tree=191
num_leaves=31
num_cat=0
split_feature=16 17 10 14 21 21 18 14 17 21 21 17 14 16 16 16 7 17 6 7 3 18 0 6 18 14 10 9 14 14
split_gain=4.62242 3.76504 3.18309 3.97194 3.84842 3.79494 3.26528 2.65239 2.74253 5.25559 2.61765 4.74541 2.86767 2.56756 2.51598 2.5118 2.44959 2.30376 2.25875 3.7568 2.25653 2.41287 3.6386 3.47414 3.14687 6.72145 3.53611 2.9399 2.91704 3.13006
threshold=-0.060649999999999989 0.57481250000000006 0.43750000000000006 0.78765000000000007 0.944554 0.85773800000000011 -0.13549999999999998 0.84265000000000012 0.83804350000000005 0.41194300000000006 0.38126550000000009 0.65742850000000008 0.61025000000000007 -0.082249999999999976 -0.40724999999999995 -0.14924999999999997 0.48825000000000007 0.84197200000000005 1276.5000000000002 0.47905000000000003 0.32945000000000008 -0.12774999999999997 0.49300000000000005 1213.5000000000002 -0.27939999999999993 0.65415000000000012 0.71250000000000002 0.29000000000000009 0.52505000000000013 0.53860000000000008
decision_type=2 2 2 2 2 2 2 2 2 2 2 2 2 2 2 2 2 2 2 2 2 2 2 2 2 2 2 2 2 2
left_child=2 -2 3 4 5 13 14 8 9 10 11 12 -4 -1 -6 -8 -13 -10 -16 -20 21 24 23 27 26 -26 -19 -23 -28 -30
right_child=1 -3 7 -5 6 -7 15 -9 17 -11 -12 16 -14 -15 18 -17 -18 20 19 -21 -22 22 -24 -25 25 -27 28 -29 29 -31
leaf_value=-0.013549730885059308 -0.025724176360514429 0.0037624093319068548 0.086412275830133001 -0.00089723039406489936 -0.06060862635848048 -0.059321728874326789 -0.07040306354495289 0.021571695840295835 0.0378709576532082 -0.028535676363701964 0.05471167430986669 -0.069979462612431528 0.0046990029058654945 -0.047180278304446377 0.039769605428307202 0.059198163611630744 0.025937950294702378 -0.012453360238579354 -0.067284120977179604 0.063284360087354941 0.0011404627291263945 -0.055889015470973781 -0.0035123992317064087 0.049073879848359939 0.032416199719007659 -0.040892471776126468 0.061311773698148359 0.009982417554651268 -0.0963293363342171 0.0055365518375876423
leaf_weight=28.146426387819471 11.033049449903954 576.37319553014754 1.5640114167619268 52.395352627856823 0.94512231599966767 7.5827208020540686 2.0499644218893995 12.331789606455684 3.7985874110527211 24.074960049732027 2.8016303827697575 2.6159458820277455 3.4249624958436584 7.1087258233236552 6.748660641301738 0.45724763873749807 0.89281907796976145 73.923306447388313 1.4394302289271084 0.89249375357758243 328.22844897245795 10.548276719317075 17.464115475734957 1.0569484264124174 14.132179363135949 4.0150793209613758 2.3050875051994799 2.0179008453851557 0.77284919220255943 31.101850938270218
leaf_count=20614 84375 109541 520 29704 1094 6896 535 5013 447 94385 2615 3095 11802 7095 5146 159 65 4194 230 6 23756 339 1021 29 435 183 46 73 28 1011
internal_value=-6.52096e-11 0.00320857 -0.00292281 -0.0107651 -0.0201027 -0.0272326 0.00426745 -0.00134921 -0.00188787 -0.0153324 0.012799 -0.0010192 0.0303156 -0.0203309 0.0170301 -0.0467673 -0.0455729 -0.000916012 0.0251109 -0.0173118 -0.00121944 -0.00614254 -0.0186206 -0.0379884 -0.00307002 0.0161967 -0.00630431 -0.0453113 0.00699472 0.00306666
internal_weight=1232.24 587.406 644.837 107.766 55.3708 42.8379 12.5329 537.071 524.739 35.3743 11.2994 8.49774 4.98897 35.2552 10.0257 2.50721 3.50876 489.365 9.08058 2.33192 485.566 157.338 31.0872 13.6231 126.25 18.1473 108.103 12.5662 34.1798 31.8747
internal_count=414452 193916 220536 71479 41775 34605 7170 149057 144044 112482 18097 15482 12322 27709 6476 694 3160 31562 5382 236 31115 7359 1462 441 5897 618 5279 412 1085 1039
is_linear=0
shrinkage=0.05


Tree=192
num_leaves=31
num_cat=0
split_feature=21 4 7 10 18 13 17 7 12 11 21 12 0 0 7 10 4 0 0 9 6 0 2 12 10 21 6 12 12 11
split_gain=2.80941 5.41757 3.89188 3.47124 3.5651 3.24779 6.07351 4.42995 3.1021 3.18414 2.78364 2.75115 4.0603 4.57803 3.81472 3.13657 2.9715 2.8932 4.18595 3.49726 5.1778 3.66683 3.64068 3.19134 2.74736 2.71241 4.19061 3.48736 2.6136 2.57892
threshold=0.61925850000000016 1.2204500000000003 0.39435000000000003 0.76250000000000007 -0.69874999999999987 1.0000000180025095e-35 0.99048750000000008 0.53825000000000012 0.36715000000000003 0.75000000000000011 0.68449700000000013 0.11845000000000001 0.69000000000000006 0.34500000000000003 0.5293500000000001 0.26250000000000007 1.2752500000000002 0.5848000000000001 0.44120000000000004 0.14000000000000004 634.50000000000011 0.093200000000000019 0.77500000000000013 0.0086500000000000014 0.61250000000000016 0.74523400000000006 538.50000000000011 0.26925000000000004 0.042650000000000007 0.45835000000000009
decision_type=2 2 2 2 2 2 2 2 2 2 2 2 2 2 2 2 2 2 2 2 2 2 2 2 2 2 2 2 2 2
left_child=-1 8 28 5 -5 6 -4 -8 9 -2 -11 16 13 25 -14 -15 -7 18 19 20 -18 22 -22 -24 -20 -13 -27 -28 -3 -30
right_child=1 2 3 4 -6 11 7 -9 -10 10 -12 12 14 15 -16 -17 17 -19 24 -21 21 -23 23 -25 -26 26 27 -29 29 -31
leaf_value=0.0020901717245271358 -0.0083840883517795756 -0.0077336739255260169 -0.0022662909999998956 0.037078794309313962 0.0029188850052918511 0.014667381840708781 0.024860022768415969 -0.072268920161673231 -0.086267832806555991 0.069087261668538277 -0.057654898974168083 -0.039222414056989091 -0.084938480005038369 -0.07983579822807714 0.02294017918000503 0.035814057632328235 -0.06087041826727492 0.013962545123835171 -0.10022432218425398 -0.025837254994458672 -0.0781753220164014 0.042640769603975406 -0.087049128798803249 0.027450052632607681 0.029091858620973868 -0.078498777117241209 0.020015474659206944 -0.026977674956660758 0.020819112315495086 0.069133550976691563
leaf_weight=695.91159676435939 155.71343110986442 5.3976052069504048 163.50450723235224 11.585798934999728 22.415452893621136 7.7498830644562977 31.724736803116684 1.2190371303149721 1.3342010911860018 0.47350634842621175 5.0922848852956122 4.9814122226089266 2.4596072561394062 0.61562239384511386 1.2289000562238923 12.30046296354203 2.6898952130868556 6.3876525533036093 2.5058122353329959 42.180761513711332 1.5406610663339941 6.2687355764210224 0.71620574593543995 4.0492557960096747 0.49124231042776489 1.5173247887432832 14.988394960615553 5.359629636972385 10.996962364333568 3.6883837435761384
leaf_count=254408 58645 8899 56760 705 968 286 922 70 888 95 761 235 217 39 407 788 85 1190 40 1412 103 242 13 115 42 83 572 297 22440 2725
internal_value=3.98741e-11 -0.0027384 0.00061569 -0.000617749 0.0145587 -0.00225862 0.00167999 0.0212659 -0.0103404 -0.00971233 -0.0468724 -0.00881392 0.00118696 0.00584211 -0.0489965 0.0303018 -0.0146406 -0.0180392 -0.0214212 -0.0184157 0.00209202 0.0155604 -0.0113595 0.0102419 -0.0790283 -0.00592554 0.00166022 0.00763757 0.0220184 0.0329538
internal_weight=1227.09 531.177 368.564 348.481 34.0013 314.48 196.448 32.9438 162.613 161.279 5.56579 118.031 43.4514 39.7628 3.68851 12.9161 74.5801 66.8302 60.4426 57.4455 15.2648 12.5749 6.30612 4.76546 2.99705 26.8468 21.8653 20.348 20.083 14.6853
internal_count=414452 160044 99655 65591 1673 63918 57752 992 60389 59501 856 6166 2638 2014 624 827 3528 3242 2052 1970 558 473 231 128 82 1187 952 869 34064 25165
is_linear=0
shrinkage=0.05


Tree=193
num_leaves=31
num_cat=0
split_feature=16 0 21 0 3 21 16 16 9 3 10 17 16 4 17 4 17 10 21 21 9 7 9 19 10 7 20 19 10 19
split_gain=4.60089 2.91289 2.27415 2.25568 2.2163 3.43905 2.76252 3.50671 3.17484 2.94303 2.38715 2.33748 2.14041 3.06019 2.05364 2.00417 1.98961 1.92653 3.69458 2.04685 2.26639 4.18981 2.08718 2.45332 1.85002 2.3227 1.82609 1.79158 1.94901 1.76693
threshold=-0.14584999999999998 0.74975000000000014 0.97568400000000011 0.88500000000000012 0.26235000000000003 0.4003425000000001 -0.17244999999999996 -0.15804999999999997 0.31500000000000006 0.098850000000000007 0.73750000000000016 0.81543950000000021 -0.20534999999999998 1.0104500000000003 0.8303925000000002 0.99425000000000008 0.96182300000000009 0.31250000000000006 0.16697650000000003 0.37466600000000005 1.0000000180025095e-35 0.44845000000000007 1.0000000180025095e-35 -0.032249999999999994 0.71250000000000002 0.42815000000000009 0.21447300000000002 -0.10024999999999999 0.43750000000000006 -0.098749999999999991
decision_type=2 2 2 2 2 2 2 2 2 2 2 2 2 2 2 2 2 2 2 2 2 2 2 2 2 2 2 2 2 2
left_child=1 4 12 -4 5 10 11 9 15 -8 -1 -7 13 -3 -13 16 -9 18 26 22 21 -21 -20 -24 25 -16 -2 -6 -29 -30
right_child=17 2 3 -5 27 6 7 8 -10 -11 -12 14 -14 -15 24 -17 -18 -19 19 20 -22 -23 23 -25 -26 -27 -28 28 29 -31
leaf_value=0.046785845010915809 0.027448247985859056 -0.090291072170438511 -0.087332804928938079 0.0027588024705263773 -0.028717392587950915 -0.067006417597642531 0.028452320682736794 -0.065455946646431409 0.064038533054416688 -0.081459828480337601 -0.096040737677997146 0.076100887390940744 0.0016121183615106064 -0.016065063017693157 -0.021796913380398523 -0.065919177809995427 0.049752649491469708 0.0019949180441714612 -0.069536463223660347 0.046531368219010355 -0.019627173219704946 -0.052204768463036524 -0.063278251227377832 0.0025719667417175166 0.015649542109951141 0.030571131377497857 -0.015473985435043287 -0.011829864519904407 0.063204267011509399 0.00088148042308043096
leaf_weight=3.1177873479287253 8.2565323647702353 1.9370572105677304 2.4813066584595158 0.96498638240041135 6.1375788898491512 1.7628537195417973 0.69542677469689795 0.58128487824262576 1.1237444005911355 4.9026713547268059 0.32284514280490828 0.71304430305099487 7.4835973482328777 4.9042644332511145 20.081834215008719 1.9859543965953887 1.0546938423940444 937.51928944342569 3.3285696053693545 3.7977363747400572 14.48098055180253 1.4983474561697674 2.1760628058700604 4.0411050342845556 5.6876832285488481 2.3669554143343694 3.5405937379868524 34.784767251466803 1.1466380755180683 139.28006142708682
leaf_count=480 1641 156 283 273 30906 14785 500 829 180 1361 30 88 909 491 1584 670 45 305098 1882 3937 11048 460 4422 489 227 137 5553 8632 424 16932
internal_value=-8.9532e-11 -0.00614998 -0.0256403 -0.0621065 -0.00461566 -0.0146285 -0.0186619 -0.0410013 -0.00938207 -0.0678059 0.033384 -0.0111135 -0.0168672 -0.0370815 -0.00769817 -0.0321616 0.00881751 0.00153031 -0.00906247 -0.0185688 -0.00939107 0.0185973 -0.0375834 -0.0204762 -0.00982184 -0.0162753 0.0145663 -0.00216439 -0.00123425 0.00139037
internal_weight=1222.16 243.517 17.7712 3.44629 225.746 44.3968 40.9561 10.3438 4.74568 5.5981 3.44063 30.6124 14.3249 6.84132 28.8495 3.62193 1.63598 978.639 41.1199 29.3228 19.7771 5.29608 9.54574 6.21717 28.1365 22.4488 11.7971 181.349 175.211 140.427
internal_count=414452 79922 2112 556 77810 20916 20406 3585 1724 1861 510 16821 1556 647 2036 1544 874 334530 29432 22238 15445 4397 6793 4911 1948 1721 7194 56894 25988 17356
is_linear=0
shrinkage=0.05


Tree=194
num_leaves=31
num_cat=0
split_feature=16 0 4 10 17 0 19 4 20 21 14 16 16 18 6 6 17 17 21 4 3 3 7 10 20 21 7 20 16 21
split_gain=4.36279 2.13293 2.54607 2.72766 2.53868 4.33997 4.02878 2.81585 2.9611 2.53054 3.39255 2.13253 2.29204 1.97429 2.44723 3.40574 2.88027 2.82417 2.66025 3.40698 2.64718 3.12809 3.18493 2.70051 2.40206 2.46233 2.66871 2.78011 2.38284 3.21285
threshold=-0.14584999999999998 0.69000000000000006 1.7503500000000003 0.51250000000000007 0.9582210000000001 0.27600000000000008 -0.080749999999999975 1.9071500000000003 0.052494000000000006 0.88244650000000013 0.7712500000000001 -0.40724999999999995 -0.14924999999999997 -0.0034499999999999995 910.50000000000011 2722.5000000000005 0.96182300000000009 0.98691650000000009 0.23544800000000002 1.1890500000000002 -0.032549999999999989 0.047950000000000007 0.46435000000000004 0.56250000000000011 0.25039700000000004 0.083551500000000015 0.45355000000000006 0.071714500000000014 -0.013749999999999998 0.18161700000000003
decision_type=2 2 2 2 2 2 2 2 2 2 2 2 2 2 2 2 2 2 2 2 2 2 2 2 2 2 2 2 2 2
left_child=1 2 -1 -4 5 6 -5 8 -7 -3 -11 -6 -13 -2 20 16 18 -17 24 -20 23 22 -22 -15 25 26 -16 -28 29 -18
right_child=13 9 3 4 11 7 -8 -9 -10 10 -12 12 -14 14 15 17 28 -19 19 -21 21 -23 -24 -25 -26 -27 27 -29 -30 -31
leaf_value=-0.0065982954053875401 0.0025522295630559656 -0.0066549236137449621 -0.039712872484803027 0.070233622291157524 0.074205228156231817 -0.75069987537820859 -0.05505144726164532 -0.012009043564323134 0.089082484605707335 -0.06154813189370037 0.0077942445002866598 0.013191630045213711 0.083308476466292636 0.051174146388548593 0.1660436180567908 -0.077618233015287433 -0.049425630301599216 0.0074255438003218675 -0.052333100487187034 -0.0036269546151445004 0.056880261201830679 -0.0084458003637150787 -0.12652402892124515 -0.10368672645989718 -0.076417581596143744 0.045746427413631788 0.047596559252582681 -0.050406116930385048 0.05007577940832221 0.01559818389888468
leaf_weight=193.89923447440481 799.26057947677805 12.327363472769834 2.5661927593918703 0.75160514549134383 1.9625996751710797 0.010565606877208089 4.3871834691244631 1.4639716704296573 1.6130178122011214 6.2226606776550266 2.4616611194986149 14.314200115605672 1.2688277157722012 0.3585427473267363 0.20665784658922381 2.2562486885290123 2.0308862569836519 1.7207255552639251 4.719839450393013 15.00386621265852 2.9122180610474966 104.29957109213171 0.25765479903202493 1.3103791852281572 0.64046708561363708 5.2118837832531426 1.0629056779434907 2.2671963202301413 4.5595894097568808 29.409382012636343
leaf_count=67310 314895 1341 3159 3545 36 5 1216 870 366 961 328 757 28 69 13 100 191 89 231 1377 204 13512 10 126 241 244 40 106 572 2510
internal_value=1.19081e-11 -0.00599199 -0.00455235 0.00944671 0.0143417 -0.00857656 -0.0367271 0.038276 0.0836175 -0.0212189 -0.0418923 0.025087 0.0189008 0.00149111 -0.00326745 0.00409635 0.0068399 -0.0408222 -0.00485407 -0.0152822 -0.00792907 -0.00695868 0.0419727 -0.0704172 0.0170524 0.0238951 -0.00830582 -0.0191255 0.0162967 0.011398
internal_weight=1220.74 243.249 222.237 28.3382 25.772 8.22634 5.13879 3.08756 1.62358 21.0117 8.68432 17.5456 15.583 977.489 178.228 69.0896 65.1127 3.97697 29.1128 19.7237 109.138 107.469 3.16987 1.66892 9.38911 8.74864 3.53676 3.3301 35.9999 31.4403
internal_count=414452 79922 77292 9982 6823 6002 4761 1241 371 2630 1289 821 785 334530 19635 5714 5525 189 2252 1608 13921 13726 214 195 644 403 159 146 3273 2701
is_linear=0
shrinkage=0.05


Tree=195
num_leaves=31
num_cat=0
split_feature=16 11 4 7 7 14 10 18 7 17 16 9 21 12 9 18 3 7 16 20 16 12 21 21 3 16 20 9 4 16
split_gain=4.23478 2.27629 2.33038 3.74696 9.3815 5.08157 3.82889 3.69136 3.20716 2.82238 5.27764 3.06454 4.44579 2.32112 2.3923 2.24979 3.96577 3.55231 2.66259 3.14279 2.6118 2.39732 2.53499 2.46348 2.4544 3.02098 2.34901 2.26302 2.2561 2.37607
threshold=-0.078249999999999986 0.91665000000000008 1.0853500000000003 0.42935000000000006 0.40585000000000004 0.54935000000000012 0.71250000000000002 -0.23049999999999998 0.42195000000000005 0.98691650000000009 -0.26304999999999995 0.29000000000000009 0.68761600000000012 0.065950000000000022 0.14000000000000004 -0.041399999999999999 0.41375000000000006 0.40235000000000004 -0.17024999999999998 0.19955750000000003 -0.12694999999999998 0.15585000000000002 0.86687800000000015 0.74523400000000006 0.68795000000000006 -0.086249999999999979 0.21447300000000002 0.31500000000000006 1.1150500000000003 -0.16384999999999997
decision_type=2 2 2 2 2 2 2 2 2 2 2 2 2 2 2 2 2 2 2 2 2 2 2 2 2 2 2 2 2 2
left_child=1 2 3 4 -1 -5 7 -6 -8 10 -7 -11 -13 -12 -15 28 18 -18 -17 20 -20 22 23 -19 25 26 27 -23 29 -4
right_child=-2 -3 15 5 6 9 8 -9 -10 11 13 12 -14 14 -16 16 17 21 19 -21 -22 24 -24 -25 -26 -27 -28 -29 -30 -31
leaf_value=-0.0040468180305951772 0.002592320763057791 -0.10443956182002156 0.045487624020716641 -0.10614110306603459 -0.066249704383179037 -0.081487391478271956 0.027552699126408356 -0.013932994789483658 -0.067224408549599143 0.038023653212330422 0.033169158494762555 0.055091905694980819 -0.080800067603447157 0.028622222010252493 -0.033118041238222054 -0.0025050864233404483 0.069476872940161957 0.0021423048783705072 -0.088647797031050801 0.0044137267377219519 -0.036410268913391622 -0.0629376810916146 -0.016792266487049498 0.040912415752502505 -0.00026741409728011853 0.0643785339579966 0.012582783287325356 0.032120929212466925 -0.0007865153548201753 -0.00021185092958711884
leaf_weight=49.569685793212102 688.03538943432602 0.55621884901665808 5.4923603254360387 0.98379299139304777 13.51945558935768 1.9915916578266912 3.0075863344143263 4.4919403429644271 1.2692974887891066 10.535522281997826 4.8245348148191134 1.0362728126929153 1.4357572510152747 2.3874121560005506 4.5768213052012925 6.9566897650255468 1.6796316558434217 11.30314751590368 3.4590356646085638 3.0928641221773878 7.763145002370889 6.947576857508464 8.6721111156408579 6.426983014267079 10.14002638164038 0.70676693528276047 1.5812917058675564 0.68811279735564301 352.48168169894188 5.8994152668661837
leaf_count=37310 235011 20 1511 61 2357 134 116 723 29 442 477 28 79 308 607 814 476 1627 230 955 419 431 1060 676 1254 73 381 55 124326 2462
internal_value=-1.93684e-11 -0.00334337 -0.00323785 -0.0101331 -0.0161611 0.0054643 -0.0431037 -0.0532022 -0.000575337 0.00956304 -0.00620493 0.0262678 -0.0238343 0.00651327 -0.0119528 -0.00165239 -0.00990121 -0.00195752 -0.0278807 -0.0402125 -0.0525115 -0.0045397 0.00536067 0.0161961 -0.0175678 -0.0352451 -0.0428844 -0.0543712 -7.87297e-05 0.0218214
internal_weight=1221.51 533.477 532.921 99.6297 71.858 27.7717 22.2883 18.0114 4.27688 26.7879 13.7804 13.0076 2.47203 11.7888 6.96423 433.291 69.4174 48.1456 21.2717 14.315 11.2222 46.466 26.4022 17.7301 20.0638 9.92375 9.21698 7.63569 363.873 11.3918
internal_count=414452 179441 179421 42671 40535 2136 3225 3080 145 2075 1526 549 107 1392 915 136750 8451 6033 2418 1604 649 5557 3363 2303 2194 940 867 486 128299 3973
is_linear=0
shrinkage=0.05


Tree=196
num_leaves=31
num_cat=0
split_feature=16 11 0 11 10 21 0 4 7 7 14 7 10 7 18 9 17 18 9 18 0 7 4 7 14 9 9 16 6 18
split_gain=4.21069 3.41405 2.90073 3.68361 5.08607 4.08355 2.58829 2.50891 2.85605 8.19438 4.10072 4.23569 2.60517 3.35587 3.20836 2.45155 3.13681 3.58346 2.78528 2.742 2.48291 2.39815 3.31581 2.35734 2.91913 2.22064 2.2125 3.53431 3.52632 4.18498
threshold=-0.078249999999999986 0.91665000000000008 0.40980000000000005 1.0000000180025095e-35 0.61250000000000016 0.14334650000000002 0.88500000000000012 1.0853500000000003 0.42935000000000006 0.40585000000000004 0.54935000000000012 0.51045000000000007 0.71250000000000002 0.42195000000000005 -0.23049999999999998 0.29000000000000009 0.81543950000000021 -0.21964999999999998 0.065000000000000016 -0.24974999999999997 0.59750000000000003 0.47275000000000006 0.96905000000000008 0.51045000000000007 0.7501000000000001 0.26500000000000007 0.21500000000000005 -0.083049999999999985 1114.5000000000002 -0.90239999999999998
decision_type=2 2 2 2 2 2 2 2 2 2 2 2 2 2 2 2 2 2 2 2 2 2 2 2 2 2 2 2 2 2
left_child=1 7 -2 15 5 -5 -7 8 9 -1 -10 -12 14 -14 -11 16 -4 18 -18 20 -20 22 -17 24 -6 -19 -9 -28 -29 -30
right_child=2 -3 3 4 23 6 -8 26 10 12 11 -13 13 -15 -16 21 17 25 19 -21 -22 -23 -24 -25 -26 -27 27 28 29 -31
leaf_value=-0.0043989328180859882 0.0044346002595274164 -0.10090203481084424 -0.014926864290765016 0.0030152588222008853 0.0027254736517715252 -0.0692831204123526 0.0055337461319891704 0.0016060486707977009 -0.099987775989405073 -0.062581654845452722 0.012089080599929981 -0.072287709883145188 0.024197372705060699 -0.069091592213829323 -0.013483839552937886 0.012663716229344571 0.023729755887867951 0.0068500108835757197 -0.046603106006847694 -0.076171515325699532 0.010773787528388583 -0.0048475749403169514 -0.071256277293678172 0.037281949794798479 -0.062733177824809208 0.031238316699249313 -0.0040411201009258662 -0.061826595817865676 -0.097897738370096549 0.026976745505956495
leaf_weight=49.355763026243039 519.12803459659028 0.89527840992377505 21.254718676397488 3.6641839624797994 8.4332697491069535 8.3609658644624556 1.3414620591852315 243.6992395771581 0.92690474721911442 12.89365177965664 24.737362120682295 1.5825199875325768 2.9141166642768885 1.4405712174025209 4.4846755750814973 1.7157128451005998 3.0360799972550003 80.087607554506974 3.5223367949147351 2.5113956284658334 4.0574491548577498 11.805004541277865 3.7491520301338142 3.4166319480691518 2.1341964588812052 10.565000138929518 178.91190301913429 5.4037346985119807 0.85420553180483727 3.1273594757005867
leaf_count=37310 211149 20 10543 523 634 1294 134 94703 61 2357 1983 92 116 29 723 142 242 5879 402 169 286 1472 678 319 238 907 39569 1896 18 564
internal_value=3.12171e-11 -0.00334477 0.00257967 -0.00309625 -0.0199016 -0.0419554 -0.0589389 -0.00318008 -0.0103882 -0.0156636 0.00337567 0.00701581 -0.0412457 -0.00666348 -0.0499114 0.000133723 0.00257272 0.00615673 -0.0182589 -0.0308918 -0.0158893 -0.0175247 -0.0449093 0.00117837 -0.0104945 0.00969232 -0.00153928 -0.00561006 -0.0355187 0.000186156
internal_weight=1220.01 531.227 688.783 169.655 27.3507 13.3666 9.70243 530.332 98.3356 71.0888 27.2468 26.3199 21.733 4.35469 17.3783 142.304 125.035 103.78 13.1273 10.0912 7.57979 17.2699 5.46486 13.9841 10.5675 90.6526 431.996 188.297 9.3853 3.98157
internal_count=414452 179441 235011 23862 3142 1951 1428 179421 42671 40535 2136 2075 3225 145 3080 20720 18428 7885 1099 857 688 2292 820 1191 872 6786 136750 42047 2478 582
is_linear=0
shrinkage=0.05


Tree=197
num_leaves=31
num_cat=0
split_feature=7 0 12 21 18 0 6 3 17 20 21 4 7 4 17 7 7 14 18 21 6 20 14 20 6 12 7 7 21 21
split_gain=2.25788 2.98071 3.82043 3.49654 3.4609 3.22661 3.73329 2.46322 3.29 3.18328 2.45524 4.67402 2.84967 2.63372 3.02938 2.30602 3.42846 3.38012 4.29227 5.02187 5.66615 3.88874 3.67855 3.23938 3.35529 2.93561 4.00631 3.36074 3.00942 2.8505
threshold=0.55065000000000008 0.71975000000000011 0.14235000000000003 0.84217550000000008 -0.1113 0.9900000000000001 3604.5000000000005 0.51855000000000007 0.90636400000000006 0.13136350000000002 0.61925850000000016 1.2204500000000003 0.39435000000000003 1.7827500000000003 0.97609950000000012 0.43025000000000008 0.43205000000000005 0.67795000000000016 -0.052149999999999995 0.91331150000000016 2644.5000000000005 0.031696000000000009 0.68575000000000008 0.027212000000000004 1663.5000000000002 0.060050000000000006 0.39435000000000003 0.37505000000000005 0.9567095000000001 0.8066350000000001
decision_type=2 2 2 2 2 2 2 2 2 2 2 2 2 2 2 2 2 2 2 2 2 2 2 2 2 2 2 2 2 2
left_child=1 10 3 7 -4 6 -5 8 9 -3 -1 15 13 -13 -15 17 -17 21 19 20 -19 25 -20 29 -25 -12 27 -27 -29 -18
right_child=-2 2 4 5 -6 -7 -8 -9 -10 -11 11 12 -14 14 -16 16 23 18 22 -21 -22 -23 -24 24 -26 26 -28 28 -30 -31
leaf_value=0.0026543265896821337 0.031041330793363645 -0.07573609126783791 0.044612084799702523 -0.043208662015364392 -0.027843754827211742 0.063857782443920361 0.071063500224213275 0.026340066845333982 0.0075871090223084501 -0.011164323490397702 -0.0074985569392807296 0.012110807885691504 3.48893297761647e-05 -0.066116965237738842 0.084364849847409579 0.045486687516363263 -0.012670534419428567 -0.060284627741895094 -0.075818975205327585 0.0017099685394451867 0.095742959897958876 0.0021462361235962762 0.047807132841799896 -0.010702193649509233 -0.070533985927622528 -0.049218982908811722 -0.057590439744205385 0.041916588039532118 -0.060655259318768744 0.023985413201885464
leaf_weight=628.78157017587796 5.8300743884801696 2.190145079133802 1.7523203324263956 9.8855585725996722 27.708876653898642 0.89575360970627649 0.77044878061860878 9.3477047652458491 33.023921770916161 14.850797530480063 19.918495392186884 16.636629354854794 314.55452246538857 0.38668658246274334 2.475593579991255 3.7505458646498928 8.9170033445552708 14.356413301650921 0.76971873094242882 5.5547363880856144 0.60644913768010233 39.930908030161646 2.7569333683753143 18.731941872386987 2.6782001399951687 2.9366688662871665 9.3492563291947572 3.3797667837206973 0.90700613201443037 13.088094449799426
leaf_count=246596 1324 115 399 1485 3040 78 19 1535 2719 2268 739 29841 62142 4112 73 308 249 15053 65 7172 120 30829 574 2130 255 257 291 90 117 457
internal_value=1.53929e-10 -0.000149454 -0.00839858 -0.00211496 -0.0235342 -0.027285 -0.0349466 0.00277893 -0.00162022 -0.0194633 0.000596558 -0.00208961 0.00118467 0.0197329 0.0640351 -0.00949846 -0.000378175 -0.0137801 -0.0301306 -0.038889 -0.0539608 -0.00863589 0.0208248 -0.00434034 -0.0181866 -0.0204344 -0.0359817 -0.00801367 0.0202142 0.00913153
internal_weight=1216.72 1210.89 100.426 70.9643 29.4612 11.5518 10.656 59.4126 50.0649 17.0409 1110.47 481.686 334.053 19.4989 2.86228 147.632 47.1658 100.466 24.0443 20.5176 14.9629 76.4221 3.52665 43.4152 21.4101 36.4912 16.5727 7.22344 4.28677 22.0051
internal_count=414452 413128 11658 8219 3439 1582 1504 6637 5102 2383 401470 154874 96168 34026 4185 58706 3399 55307 22984 22345 15173 32323 639 3091 2385 1494 755 464 207 706
is_linear=0
shrinkage=0.05


Tree=198
num_leaves=31
num_cat=0
split_feature=16 11 17 14 4 6 13 3 11 18 14 16 7 7 14 3 6 16 16 17 6 18 6 0 16 19 16 14 4 18
split_gain=3.92529 2.38901 2.09158 5.44511 3.41665 5.33987 3.33627 4.77943 5.63771 3.42478 3.1722 2.99094 4.32941 8.15256 3.75761 2.86513 2.74365 2.65481 3.95612 3.24133 3.41069 5.00819 3.71346 3.38622 4.35536 4.80857 3.44993 3.25153 3.39506 3.47072
threshold=-0.14584999999999998 0.91665000000000008 0.99048750000000008 0.71655000000000013 1.5853500000000003 1342.5000000000002 1.0000000180025095e-35 0.32945000000000008 0.35835000000000006 -0.21964999999999998 0.82225000000000015 -0.033149999999999992 0.46335000000000004 0.45285000000000003 0.71835000000000016 0.34695000000000004 1858.5000000000002 -0.13814999999999997 -0.060649999999999989 0.57481250000000006 628.50000000000011 -0.07909999999999999 634.50000000000011 0.12950000000000003 -0.036149999999999995 -0.055149999999999998 -0.032549999999999989 0.52505000000000013 1.8650500000000003 -0.067949999999999997
decision_type=2 2 2 2 2 2 2 2 2 2 2 2 2 2 2 2 2 2 2 2 2 2 2 2 2 2 2 2 2 2
left_child=-1 2 17 6 -5 10 7 16 15 -10 -6 12 13 14 -7 -9 -4 -2 -19 -20 21 23 -22 24 25 -21 -26 -23 29 -29
right_child=1 -3 3 4 5 11 -8 8 9 -11 -12 -13 -14 -15 -16 -17 -18 18 19 20 22 27 -24 -25 26 -27 -28 28 -30 -31
leaf_value=-0.0057268258578084784 0.020731179375886179 -0.084642817453666863 0.003256960073572273 0.014964264123109545 -0.020000479480770779 -1.0319469892820667 -0.0047921970070002795 0.089164911397610111 -0.084167875949407348 0.07916061391603349 0.021493053264804066 0.042630253418535768 0.023341101163909285 -0.062686753918162461 0.032187117444962603 0.033273300766192331 -0.059223577671863092 -0.0063834943936889451 -0.024883305061162413 -0.063956441266537795 -0.075766012943522421 -0.090578863064274193 0.00027504046625903843 0.029218335283099597 -0.073161662450914905 0.050159334872088263 -0.00023453915003166759 -0.076541709685612525 -0.047839031299395873 0.0062417738651631789
leaf_weight=239.95083637868083 14.579689005368094 0.8057903642149985 11.953028417394366 128.42276696723997 27.77930796963733 0.008311480283738848 150.73551442861083 3.2270591454580408 1.3752841630121109 0.41866433537506864 5.521751521084183 7.6809551239275597 15.364873463240654 5.0929983126115985 4.4007672362204175 7.9212227701054871 2.0598129911813876 208.94017199237157 10.730689716633945 1.053998703546881 1.6158601953620735 1.0181091495323915 251.48420237512357 36.9046013020494 1.78643818415708 7.4349514797595493 17.586595267238863 1.3066117295302309 3.4609110869855604 40.847783011108277
leaf_count=79922 7462 37 393 6281 2377 1 6757 47 59 23 634 363 716 112 266 302 48 125480 84367 2703 491 35 75329 9609 544 759 6788 69 226 2252
internal_value=-6.71008e-12 0.00141444 0.00148588 0.00443054 0.0102162 0.000956149 -0.00189498 0.0143065 0.0362142 -0.0460509 -0.0131203 0.0153583 0.00693453 -0.0195949 0.0301811 0.0494521 -0.00592735 -0.000343435 -0.000869414 0.002201 0.00299835 0.0102887 -0.000210426 0.0192845 0.00612658 0.0359906 -0.00695934 -0.00220515 -0.000232692 0.00367583
internal_weight=1211.47 971.519 970.713 371.962 194.272 65.849 177.691 26.9551 12.9422 1.79395 33.3011 32.5479 24.867 9.50208 4.40908 11.1483 14.0128 598.751 584.171 375.231 364.5 111.4 253.1 64.7666 27.862 8.48895 19.373 46.6334 45.6153 42.1544
internal_count=414452 334530 334493 18379 10750 4469 7629 872 431 82 3011 1458 1095 379 267 349 441 316114 308652 183172 98805 22985 75820 20403 10794 3462 7332 2582 2547 2321
is_linear=0
shrinkage=0.05


Tree=199
num_leaves=31
num_cat=0
split_feature=16 18 12 12 6 6 3 4 6 14 10 16 10 21 14 10 14 6 21 21 6 16 14 21 14 16 11 10 21 3
split_gain=3.95634 1.86669 2.33517 4.6207 2.8733 3.75877 3.12398 2.93289 2.32566 2.62252 3.76919 2.27374 2.16859 3.0387 2.61711 2.25557 2.2202 2.12139 2.51269 3.35882 2.62939 2.87886 2.10493 2.0989 2.14311 2.00791 3.92137 3.6352 5.06099 2.8933
threshold=-0.14584999999999998 -0.0034499999999999995 0.14615000000000003 0.16335000000000002 262.50000000000006 316.50000000000006 0.43745000000000006 2.4591500000000006 250.50000000000003 0.65025000000000011 0.36250000000000004 -0.04614999999999999 0.31250000000000006 0.16697650000000003 0.83875000000000011 0.26250000000000007 0.8821500000000001 3604.5000000000005 0.89886200000000016 0.76329950000000013 688.50000000000011 -0.11234999999999999 0.90555000000000008 0.79973250000000007 0.54935000000000012 -0.013749999999999998 1.0000000180025095e-35 0.68750000000000011 0.066784000000000024 0.45035000000000008
decision_type=2 2 2 2 2 2 2 2 2 2 2 2 2 2 2 2 2 2 2 2 2 2 2 2 2 2 2 2 2 2
left_child=-1 12 4 11 7 6 -6 -3 9 -5 -11 23 13 -2 -14 -15 -16 18 19 20 22 -22 -10 24 -4 26 29 -28 -29 -7
right_child=1 2 3 8 5 25 -8 -9 17 10 -12 -13 14 15 16 -17 -18 -19 -20 -21 21 -23 -24 -25 -26 -27 27 28 -30 -31
leaf_value=-0.0057430063360173426 0.016147791515715406 0.031286833011756193 -0.55174402087059782 0.040393036603146207 -0.063247418265007585 -0.0062545348246848933 0.021352624383695052 -0.19965524634999898 -0.020139237433848652 0.034322748514246833 -0.093028300867062153 -0.069671894534330384 0.0023215912293693473 -0.0018377478840005596 0.020481900092573634 -0.03279843432125501 -0.013797806103848674 -0.094517804440779882 0.059539582405505331 -0.045801207263721243 -0.069953372078236639 0.019146605905060357 0.063469506227913905 -0.15974850300791427 0.0069137880336045399 0.012505381891386357 -0.040773914754451579 -1.9784127864455965 0.022424864949986759 0.014605113276662092
leaf_weight=240.09726875820218 8.1204512653436307 8.7979598004013688 0.017295371741057219 0.76822757294303246 4.2193192101849482 45.495536213479454 1.4718606548070736 0.13965900294351818 12.256307776799815 0.76407857052419137 2.4249743481607311 4.7479691242333493 718.05275861836594 10.457456154103115 33.40975323318645 13.447172026615389 5.5011807400904322 0.61266124890244 1.6531114134594407 4.1474344462836816 0.95720549088764428 17.141084466917395 0.80205245675097181 0.21721758689204751 2.3110523052059762 25.850723843004289 11.098166967591622 0.0031636913772666855 3.1069294637418352 26.194379966800966
leaf_count=79922 6836 1994 1 96 521 3821 308 15 1681 259 402 400 258052 8830 21902 12448 6827 25 307 468 118 1811 61 121 290 2194 979 2 203 3558
internal_value=-5.52175e-11 0.0014301 -0.00323861 -0.0125261 0.000349215 -0.00173062 -0.041368 0.0276781 -0.00607957 -0.042538 -0.0625157 -0.0492305 0.0024668 -0.0102775 0.00300598 -0.0192542 0.0156355 -0.00223936 -0.000709603 -0.00353077 0.00209609 0.0144342 -0.0150039 -0.0111035 0.00276398 0.00028805 -0.00338871 -0.0273856 0.0203895 0.00136726
internal_weight=1204.28 964.187 175.198 48.8207 126.378 117.44 5.69118 8.93762 41.5271 3.95728 3.18905 7.29353 788.989 32.0251 756.964 23.9046 38.9109 37.5699 36.9572 35.3041 31.1567 18.0983 13.0584 2.54557 2.32835 111.749 85.8982 14.2083 3.11009 71.6899
internal_count=414452 334530 19635 6040 13595 11586 829 2009 5228 757 661 812 314895 28114 286781 21278 28729 4471 4446 4139 3671 1929 1742 412 291 10757 8563 1184 205 7379
is_linear=0
shrinkage=0.05


Tree=200
num_leaves=31
num_cat=0
split_feature=11 10 3 7 10 21 21 9 21 3 9 6 7 6 4 6 21 0 4 21 21 13 19 10 21 3 7 0 21 21
split_gain=2.58831 2.29696 2.56644 2.74888 4.67089 3.45217 3.2747 3.5373 3.17428 2.51637 2.43311 2.89892 2.89246 4.19618 3.72652 4.17324 2.52187 2.39662 3.05094 2.34258 3.32091 2.70778 2.66811 2.33124 2.15381 2.15069 2.68747 2.93604 2.05415 4.44678
threshold=0.91665000000000008 0.58750000000000002 0.13385000000000002 0.38595000000000007 0.61250000000000016 0.13063800000000003 0.23544800000000002 0.21500000000000005 0.88910850000000019 0.047950000000000007 0.090000000000000011 718.50000000000011 0.5293500000000001 1555.5000000000002 1.6351500000000001 1702.5000000000002 0.90026200000000012 0.71975000000000011 1.3785500000000004 0.77792650000000008 0.052911500000000007 1.0000000180025095e-35 -0.04374999999999999 0.6583500000000001 0.8336880000000001 0.026550000000000001 0.45715000000000006 0.38900000000000007 0.22241250000000004 0.21447300000000002
decision_type=2 2 2 2 2 2 2 2 2 2 2 2 2 2 2 2 2 2 2 2 2 2 2 2 2 2 2 2 2 2
left_child=1 17 3 4 -3 -5 7 9 -8 -6 11 16 14 -14 19 -16 23 -1 -19 20 -13 -22 -23 -4 -21 26 27 -7 29 -12
right_child=-2 2 10 5 6 25 8 -9 -10 -11 28 12 13 -15 15 -17 -18 18 -20 24 21 22 -24 -25 -26 -27 -28 -29 -30 -31
leaf_value=-0.0012215547872242434 -0.085047636544533747 -0.063911130701951507 -0.035261276510607079 0.021937665860813374 0.04017563494111117 -0.072771332255001153 0.028564469883638741 -0.057471546780191479 -0.024388825537064614 -0.07614841182837849 0.0077859554812238141 0.042018172406518665 0.036358279770536753 -0.094798161915774851 0.047951259408395008 -0.030979125203930164 -0.077730638667165577 -0.02272456489496158 0.0010368480487071567 0.053313039437774629 -0.034657467815350979 -0.036439430632405061 0.041826621513602669 0.0046953872861967933 0.0013931444957795509 -0.018488403609907875 -0.1246846289707788 0.0050579595880206798 0.0025169830184236055 0.052431263695696645
leaf_weight=494.16385574420957 0.89394076811640744 2.4274494492677858 8.0729720209043858 4.0422752128888559 2.3786423101446448 2.7143113400893553 15.666723294517341 3.3745675368904813 3.4540323969108035 0.57786352974289901 102.17338482324141 2.2266996398909731 0.92830480113479952 1.777631201315671 7.5966547267005335 2.1482236814877069 1.9477384880244137 30.624203504895263 24.172204049782351 2.5717558248530841 12.7479462727041 1.8214625233085824 2.7075990733865174 6.6636690946760391 8.9449809648660885 15.227386476836498 1.094332486958592 2.1889938766689738 432.78982675294259 5.8994637964749463
leaf_count=304403 42 1263 4042 175 135 99 3054 341 1799 155 19277 170 79 26 1517 374 1058 4050 4006 217 2616 89 143 1747 586 856 24 135 61280 694
internal_value=-4.60578e-11 6.31917e-05 0.00206452 -0.00846717 0.00235836 -0.0204118 0.00867876 -0.0224893 0.0189988 0.0174395 0.00299581 -0.0065434 0.000256519 -0.0498033 0.00357941 0.0305513 -0.0242606 -0.00232167 -0.0122428 -0.00489365 -0.0154521 -0.022859 0.0103502 -0.0171935 0.0129872 -0.0284772 -0.0538376 -0.0380258 0.00405678 0.010223
internal_weight=1204.02 1203.13 654.165 53.1466 27.8793 25.2673 25.4518 6.33107 19.1208 2.95651 601.018 60.1556 43.4713 2.70594 40.7653 9.74488 16.6844 548.96 54.7964 31.0204 19.5037 17.277 4.52906 14.7366 11.5167 21.225 5.99764 4.90331 540.863 108.073
internal_count=414452 414410 101951 8036 6747 1289 5484 631 4853 290 93915 12664 5817 105 5712 1891 6847 312459 8056 3821 3018 2848 232 5789 803 1114 258 234 81251 19971
is_linear=0
shrinkage=0.05


Tree=201
num_leaves=31
num_cat=0
split_feature=16 18 12 12 6 17 16 16 16 12 4 12 0 6 4 6 10 4 6 20 14 4 4 6 14 14 0 6 10 17
split_gain=3.43734 2.21539 3.32478 4.89157 3.01207 3.95436 2.724 6.6377 2.94542 5.97335 3.80147 3.25144 4.02465 4.00745 3.81447 2.71344 3.53186 3.1588 2.9787 3.85597 2.71699 2.70333 2.76997 2.61508 2.61442 2.51114 4.52501 2.4008 2.37219 2.36689
threshold=-0.14584999999999998 -0.0034499999999999995 0.14615000000000003 0.16335000000000002 250.50000000000003 0.96182300000000009 -0.0067499999999999991 -0.0053499999999999997 -0.027549999999999995 0.067650000000000002 1.0667500000000001 0.052650000000000009 0.94000000000000006 1834.5000000000002 1.0667500000000001 1114.5000000000002 0.58750000000000002 2.0070500000000004 364.50000000000006 0.12287900000000002 0.55835000000000012 1.2859500000000004 1.4689500000000002 3604.5000000000005 0.63335000000000008 0.65915000000000012 0.78250000000000008 814.50000000000011 0.48750000000000004 0.35899200000000003
decision_type=2 2 2 2 2 2 2 2 2 2 2 2 2 2 2 2 2 2 2 2 2 2 2 2 2 2 2 2 2 2
left_child=-1 29 6 -4 5 -5 8 -8 11 10 -10 12 13 -3 -15 16 18 -17 -13 -20 -18 24 28 -6 -12 -11 27 -27 -23 -2
right_child=1 2 3 4 23 -7 7 -9 9 25 21 15 -14 14 -16 17 20 -19 19 -21 -22 22 -24 -25 -26 26 -28 -29 -30 -31
leaf_value=-0.0053601435692722972 -0.040426517614767864 -0.0082217512013086358 -0.050734345047525636 -0.0092484019795626548 -0.0013379961735355186 -0.10758030622104911 0.073834575210020167 0.0035827098005438785 0.042791977819702932 -0.072852635873087199 0.027116061291835442 0.034792207870350297 0.053291579727128793 0.07820604440533796 -0.090979026618821027 0.03774272000871802 -0.08445177499341347 -0.058632695008653361 0.0081565589024131923 -0.049101559871163901 0.024596093108099654 -0.061287220993847868 -0.028012770705781377 -0.089352449180184673 -0.062794634426188309 -0.0096304125152603098 0.039447831187677036 -0.075294073984767423 0.050542607053493629 0.00263762832975025
leaf_weight=239.68742751488514 3.203703085392589 28.834102578724472 7.9068324431166266 2.6273692992253919 36.885034556154039 1.6737302139435994 4.1014212545469517 18.658855054077037 4.4338908628544749 4.4691951412823965 1.0543314122405698 2.5480410213248232 2.3950950715536683 0.38236246258020345 2.5889397414966879 11.822473310948677 0.5948434526744667 0.91609964813506017 5.1208919679090723 6.9052896602870533 14.374832297295255 0.54996858950016791 3.0726826222489763 0.86371277072612329 3.467984548946788 2.3684754032590263 1.9787458628316015 3.37646694675459 3.4427117275854471 786.42779073260658
leaf_count=79922 81339 3378 812 674 4446 83 179 2132 232 163 48 853 277 7 139 1017 56 55 635 1156 1386 77 432 25 273 325 269 233 273 233556
internal_value=6.59997e-11 0.00132854 -0.00372028 -0.0146534 -0.00786891 -0.0475133 0.000564922 0.0162422 -0.00284317 -0.0166509 0.00341893 0.00225049 -0.00921228 -0.0139191 -0.0692074 0.0115222 0.00320504 0.0308118 -0.0143157 -0.0247204 0.0202629 -0.0116467 0.00767451 -0.00335182 -0.0418329 -0.0430229 -0.0257623 -0.0482228 0.0351387 0.00246291
internal_weight=1206.73 967.046 177.414 49.9567 42.0498 4.3011 127.458 22.7603 104.697 28.2145 16.0216 76.483 34.2005 31.8054 2.9713 42.2825 29.5439 12.7386 14.5742 12.0262 14.9697 11.5877 7.06536 37.7487 4.52232 12.1929 7.72369 5.74494 3.99268 789.631
internal_count=414452 334530 19635 6040 5228 757 13595 2311 11284 2325 1335 8959 3801 3524 146 5158 4086 1072 2644 1791 1442 1103 782 4471 321 990 827 558 350 314895
is_linear=0
shrinkage=0.05


Tree=202
num_leaves=31
num_cat=0
split_feature=17 18 9 7 6 3 14 3 17 6 6 4 14 20 4 18 4 4 6 17 12 0 7 4 12 4 6 21 21 6
split_gain=2.26122 4.17387 3.28004 2.77662 2.56282 4.32292 3.45645 3.22117 2.62075 2.59982 2.78916 2.57978 2.57275 2.53471 3.07401 2.52151 2.36441 2.59941 2.33992 2.3089 2.25781 2.2532 3.45562 3.78114 2.36512 2.25231 2.11405 2.10581 3.20849 6.04979
threshold=0.92171950000000014 -0.89919999999999989 0.19000000000000003 0.43935000000000007 628.50000000000011 0.12325000000000001 0.64635000000000009 0.62605000000000011 0.80400450000000012 1318.5000000000002 676.50000000000011 1.09155 0.65225000000000011 0.19955750000000003 1.7963500000000001 -0.43249999999999994 1.8111500000000003 1.8038500000000004 1306.5000000000002 0.84559600000000013 0.14485000000000003 0.35770000000000007 0.41185000000000005 1.1031500000000001 0.033250000000000009 1.2965500000000001 718.50000000000011 0.35192600000000002 0.18161700000000003 466.50000000000006
decision_type=2 2 2 2 2 2 2 2 2 2 2 2 2 2 2 2 2 2 2 2 2 2 2 2 2 2 2 2 2 2
left_child=1 2 -1 -4 16 26 8 9 -7 10 -8 -9 -12 14 18 -16 17 -3 21 -17 -10 24 -23 -24 -14 -13 -6 28 29 -2
right_child=27 4 3 -5 5 6 7 11 20 -11 12 25 13 -15 15 19 -18 -19 -20 -21 -22 22 23 -25 -26 -27 -28 -29 -30 -31
leaf_value=-0.012597121270680633 -0.0274498708188981 0.0015658200783457575 0.063331612885537861 -0.06694920824006001 0.0057988830706192946 -0.03707008147428803 -0.041561522418879955 -0.16816549736999595 0.029141072805813923 -0.035819169557012434 -0.066486086265794775 0.028175087329456519 -0.055319268253295362 -0.02095061066160496 -0.067646776972957165 -0.10790457063093628 -0.025873555723538607 0.085445903443196802 0.089483603537693968 0.08136914388516811 -0.047877409556044782 0.091040715482950577 -0.05796943074285163 0.012675526583193545 -0.0087514434926058201 -0.003590040967311357 -0.068020044745143643 -0.00029849302098128804 0.010641576247219505 0.003773849817406319
leaf_weight=2.8789548377987426 17.911249057874699 121.38092338235163 5.17490948782347 0.44406807757678723 1.2422870943162809 2.0846496887489243 7.2332965029115703 0.22948589362516614 12.342018648736483 13.975509574077419 1.8715121376175705 6.2483267364272583 3.2808806270722952 21.045826749023377 0.3940075967466331 0.17300520701246513 7.9875809617526548 0.9307092888139995 0.66549071644840196 2.3464670654502697 1.0310547212538939 1.1799628903027066 2.2251978380882056 12.729097113304304 16.139109043784629 52.20585079043002 4.4230999854647166 636.35486664190387 129.17035601054931 115.88899591408514
leaf_count=15848 1571 163913 8524 1752 515 4845 7282 181 1844 24547 973 2792 1711 45504 340 79 22984 678 139 106 149 25 152 1168 6121 47733 1704 35186 7627 8459
internal_value=1.88499e-10 -0.00374446 0.0308003 0.0530355 -0.00474512 -0.00892259 -0.00737809 -0.0098232 0.0150745 -0.0161468 -0.0121786 -0.00085144 -0.00875335 -0.00695792 0.000567342 0.0499776 0.00048288 0.00220409 -0.00340717 0.0683722 0.023203 -0.00514586 0.0086635 0.00216356 -0.0166188 -0.00019458 -0.0518333 0.00125685 0.00502057 -0.000405932
internal_weight=1201.19 301.863 8.49793 5.61898 293.365 163.066 157.401 141.943 15.4577 83.2594 69.2839 58.6837 62.0506 60.179 39.1332 2.91348 130.299 122.312 36.2197 2.51947 13.3731 35.5542 16.1343 14.9543 19.42 58.4542 5.66539 899.325 262.971 133.8
internal_count=414452 361609 26124 10276 335485 147910 145691 138853 6838 88147 63600 50706 56318 55345 9841 525 187575 164591 9316 185 1993 9177 1345 1320 7832 50525 2219 52843 17657 10030
is_linear=0
shrinkage=0.05


Tree=203
num_leaves=31
num_cat=0
split_feature=11 17 18 3 21 21 6 4 10 4 7 17 3 11 11 17 17 6 6 7 9 9 4 21 7 6 7 12 12 6
split_gain=2.95406 2.10963 2.00726 3.31525 2.7746 4.80093 5.90714 6.6514 4.47366 4.14831 5.28442 3.70512 3.62331 3.27567 4.65776 6.19352 3.74983 3.05651 3.00216 4.50616 2.91892 3.61723 2.893 5.24568 2.73754 2.71904 3.38206 2.58726 3.46755 3.16725
threshold=0.91665000000000008 0.35899200000000003 -0.0034499999999999995 -0.032549999999999989 0.26336200000000004 0.18161700000000003 1426.5000000000002 0.72225000000000017 0.28750000000000003 1.2789500000000003 0.42975000000000008 0.98340450000000013 0.39795000000000008 0.75000000000000011 0.45835000000000009 0.93339000000000005 0.9798285000000001 958.50000000000011 340.50000000000006 0.38845000000000007 0.11500000000000002 0.26500000000000007 1.0104500000000003 0.13063800000000003 0.55065000000000008 556.50000000000011 0.36945000000000006 0.14235000000000003 0.14105000000000004 262.50000000000006
decision_type=2 2 2 2 2 2 2 2 2 2 2 2 2 2 2 2 2 2 2 2 2 2 2 2 2 2 2 2 2 2
left_child=1 -1 4 -4 5 13 7 -7 -9 10 -8 12 -11 14 16 17 -3 -16 20 25 -10 -22 23 -18 27 -20 -27 28 29 -5
right_child=-2 2 3 24 -6 6 9 8 18 11 -12 -13 -14 -15 15 -17 22 -19 19 -21 21 -23 -24 -25 -26 26 -28 -29 -30 -31
leaf_value=-0.030235157464150245 -0.084442818376918138 -0.0043288516301233163 -0.057367282235011231 0.02752397725720724 -0.00031787545629636415 -0.08499748365092745 0.019474132888288958 -0.046819018427377748 -0.04236697669965598 0.074289779199195008 -0.081833218206630115 0.048435760598288961 -0.047202879963361824 0.034202152290485642 0.044326280866133896 -0.036219194666757035 0.0086601268022103769 -0.057581891660503218 -0.061762722426357969 0.027217228602963918 0.087139168834339642 -0.023173368711582532 0.018278916839375457 -0.086595104790830893 0.032123214631826782 0.082772024199120275 -0.043244571262065816 -0.012961554901226148 0.076190025183769702 -0.003449465823014434
leaf_weight=5.7141561824553255 1.0348050694174151 73.110580286220511 2.8960700858674491 8.8223318546423837 750.93921945022657 1.422269493616567 1.9649916033197294 2.1377623501153371 0.63742722666603313 0.76454657061992781 3.7319758481139615 3.3740158013533801 3.1100907287758446 6.9976090103197057 4.2100858929870837 17.190965936848443 5.8684243181626234 0.89160054008380019 2.3713180182746774 51.79174565328708 4.8928386257634884 0.87621474817183287 43.751189881638311 1.9176005900662856 5.2564183413669516 1.0048380538387394 1.1325287183021826 61.525110652765818 1.4532768120861863 128.03119808165869
leaf_count=121857 42 44077 265 1301 195727 310 434 1187 649 195 239 179 3435 806 2534 879 254 1232 1394 14652 873 355 1931 57 1279 230 806 5466 68 11739
internal_value=2.6042e-10 7.29529e-05 0.000218234 -0.00424472 0.00116147 0.00592618 0.0159283 0.0219632 0.0243092 -0.0149639 -0.0468904 0.0101282 -0.0232299 0.000779364 -0.000812299 -0.0218622 0.00295237 0.0265162 0.0267341 0.0230436 0.0591662 0.0703847 0.0132815 -0.0148 -0.00349457 -0.0248991 0.0159995 -0.00443147 -0.000636906 -0.00145275
internal_weight=1198.82 1197.79 1192.07 207.984 984.09 233.151 79.2126 66.2669 64.8447 12.9456 5.69697 7.24865 3.87464 153.938 146.94 22.2927 124.648 5.10169 62.7069 56.3004 6.40648 5.76905 51.5372 7.78602 205.088 4.50868 2.13737 199.832 138.307 136.854
internal_count=414452 414410 292553 20118 272435 76708 24938 20456 20146 4482 673 3809 3630 51770 50964 4645 46319 3766 18959 17082 1877 1228 2242 311 19853 2430 1036 18574 13108 13040
is_linear=0
shrinkage=0.05


Tree=204
num_leaves=31
num_cat=0
split_feature=16 17 20 14 17 19 12 6 9 19 14 10 20 6 6 12 9 12 6 14 21 0 18 20 21 9 14 16 6 12
split_gain=3.95225 3.15363 2.79824 4.70506 3.89906 3.7717 3.13817 3.07005 2.70231 2.84382 2.7646 2.50167 2.4754 3.64303 3.49851 2.59836 2.68763 2.58749 2.41582 3.16474 3.5556 2.96754 2.385 2.38111 2.68734 2.37323 2.30401 2.2368 2.22254 2.67732
threshold=-0.060049999999999992 0.57481250000000006 0.29973250000000001 0.52505000000000013 0.72984300000000013 -1.0000000180025095e-35 0.13885000000000003 250.50000000000003 0.065000000000000016 -0.0081499999999999993 0.69625000000000015 0.86250000000000016 0.30019750000000006 304.50000000000006 220.50000000000003 0.21295000000000003 0.24000000000000002 0.27325000000000005 250.50000000000003 0.67105000000000015 0.24509050000000002 0.59750000000000003 -0.40819999999999995 0.25039700000000004 0.85307600000000006 0.11500000000000002 0.59415000000000007 -0.25634999999999991 550.50000000000011 0.023350000000000006
decision_type=2 2 2 2 2 2 2 2 2 2 2 2 2 2 2 2 2 2 2 2 2 2 2 2 2 2 2 2 2 2
left_child=12 -2 11 -4 7 6 8 -5 22 10 25 23 14 -14 -1 16 -15 -17 19 -7 -21 -22 -6 -3 -25 -10 -20 -16 29 -28
right_child=1 2 3 4 5 18 -8 -9 9 -11 -12 -13 13 15 27 17 -18 -19 26 20 21 -23 -24 24 -26 -27 28 -29 -30 -31
leaf_value=-0.058804810374223838 -0.024522017636910993 0.0025598591376563827 -0.083747018103643822 0.037729234284564282 -0.057469314936394844 0.041425453074939243 0.06319996239544555 -0.026304751949721927 -0.062682459276283312 0.048406430152572649 -0.042581964881580357 0.045719540651729 0.010772184129443797 -0.042848911828303027 -0.010856772857566291 0.039639219682754412 -0.0076464408183070272 -0.017414920113736569 -0.046955236282316952 -0.09441036788963654 -0.11822297259200082 0.056627714156307331 0.084417848973514911 -0.028139261848796879 0.11480443573004202 0.028952368923833873 -0.039450373850097337 -0.00056300644279057949 -0.011378870682809263 0.045569050589220984
leaf_weight=2.6851129679927217 10.205809336586524 492.16738016861024 1.1943888434070675 2.460333738574489 0.33499346953726705 1.2695870316820244 7.5234387446294013 7.8252942967702097 0.81060232758409423 4.2538487425412042 2.7882661687579002 3.3064766636380218 11.084432627353946 16.014952409080227 58.688455170920406 2.8689881384871097 8.1973641876698462 6.4657090374507789 1.2909600928614953 1.9451341944513845 0.32417332567274548 0.9650725892988703 2.5556030172720119 9.0028586580328884 0.34126433154642732 5.5057898200932414 1.0444079625885923 523.64188016109256 3.3988312852743539 8.1664954442676372
leaf_count=246 83573 58450 204 1114 807 55 3159 28862 350 156 3775 99 61762 63665 5568 6766 18810 10877 32 62 13 42 404 8972 39 1763 35 54374 208 210
internal_value=-4.90232e-11 0.00302147 0.00352481 0.0143807 0.0166147 0.023346 0.0365021 -0.0109878 0.0241408 0.0146557 -0.00111314 0.00237094 -0.00272892 -0.0140792 -0.00186299 -0.0222905 -0.0309307 0.00012048 0.00635287 -0.0254714 -0.0517304 0.0126625 0.0679744 0.00208514 -0.0229187 0.0171926 0.0166643 -0.00160043 0.0231775 0.0359288
internal_weight=1198.33 568.681 558.475 53.6572 52.4628 42.1772 23.7725 10.2856 16.2491 13.3585 9.10466 504.818 629.647 44.6314 585.015 33.547 24.2123 9.3347 18.4047 4.50397 3.23438 1.28925 2.8906 501.512 9.34412 6.31639 13.9007 582.33 12.6097 9.2109
internal_count=414452 192384 108811 41251 41047 11071 10414 29976 7255 6044 5888 67560 222068 161880 60188 100118 82475 17643 657 172 117 55 1211 67461 9011 2113 485 59942 453 245
is_linear=0
shrinkage=0.05


Tree=205
num_leaves=31
num_cat=0
split_feature=16 3 11 4 11 10 4 3 16 10 14 16 11 12 10 4 12 14 10 19 3 19 19 10 10 4 3 20 14 20
split_gain=3.82782 2.89824 3.72833 2.21751 2.31353 2.19326 1.96036 1.87664 1.86537 2.10635 2.75927 2.50117 1.88678 1.84185 3.99053 2.85783 2.27876 2.04201 3.3851 2.65999 2.35534 3.90332 2.90578 3.10642 3.68729 2.99885 2.87042 2.83152 2.71268 2.41952
threshold=-0.078249999999999986 0.99335000000000007 0.35835000000000006 2.6732 1.0000000180025095e-35 0.86250000000000016 1.0730500000000001 0.59095000000000009 -0.25634999999999991 0.31250000000000006 0.84265000000000012 -0.23934999999999998 0.81665000000000021 0.024150000000000001 0.51250000000000007 1.3351500000000003 0.025650000000000003 0.52505000000000013 0.63750000000000007 -0.10124999999999999 0.29715000000000008 -0.090749999999999983 -0.0081499999999999993 0.56250000000000011 0.6583500000000001 1.1569500000000004 0.30065000000000003 0.33262400000000009 0.64035000000000009 0.055659000000000007
decision_type=2 2 2 2 2 2 2 2 2 2 2 2 2 2 2 2 2 2 2 2 2 2 2 2 2 2 2 2 2 2
left_child=8 3 -3 5 -5 -2 -7 -8 -1 -10 12 -12 13 14 15 -11 -15 18 -18 -19 21 -21 -23 28 25 -25 -22 29 -24 -26
right_child=1 2 -4 4 -6 6 7 -9 9 10 11 -13 -14 16 -16 -17 17 19 -20 20 26 22 23 24 27 -27 -28 -29 -30 -31
leaf_value=-0.011230466004494918 0.0023333624537703736 -0.082194890003334964 0.07969130099650118 0.090815118300984127 -0.084075378506059423 -0.077222632592061038 0.070827341116913425 -0.037531490783679476 -0.018646572069179534 -0.010570552657642068 -0.060734345406645324 0.020718143978434845 -0.043969047732297407 0.040940660984037813 -0.0045340763140093183 -0.064776830967813004 -0.026580567048852317 -0.034718418454549531 0.068246917392256454 0.053765436012444538 0.054620927979296935 -0.0036479552262092328 0.032940244098223145 -0.0672769800402995 0.0049836554766081384 0.0048165745233140211 0.00090636356693447472 0.049906217211736555 -0.042097211140746424 -0.054839814295724369
leaf_weight=63.831632148671702 670.5719003168399 1.9452605911893663 0.43523555715660212 1.2403324714306894 0.2231110481340578 0.31103258475695783 2.6403105017200237 0.47082221312530226 18.467872994143477 4.6021508680261132 0.99143629493107965 19.088836991113226 2.6962531824896123 3.2749723901968641 55.42515537772249 5.1552846757316502 1.4690838804744419 5.8812209448034301 2.6186784930815179 2.421691173826388 2.5111237192613762 47.783835797105553 3.6536159143813078 8.4351411715629201 3.4601662902750814 1.7400014124114012 260.46428408307327 1.5904509436295482 1.7967361679047824 3.3040469990810379
leaf_count=21905 232019 2019 255 398 179 31 84 26 13229 4850 236 8172 461 1274 12205 3870 995 54215 424 1569 268 7709 205 275 207 119 46993 50 133 77
internal_value=4.71873e-11 0.00247652 -0.0525966 0.00267061 0.064152 0.00253712 0.0424634 0.0544289 -0.00322412 -0.00210542 -0.00140855 0.0166965 -0.00227771 -0.00200723 -0.00972487 -0.0392101 -0.000571586 -0.00096323 0.0341673 -0.00138185 -0.00080035 -0.00866855 -0.0107754 -0.0249778 -0.0347378 -0.0549486 0.00141928 -0.0101232 0.00820377 -0.0242377
internal_weight=1198.5 677.838 2.3805 675.458 1.46344 673.994 3.42217 3.11113 520.664 456.832 438.364 20.0803 418.284 415.588 65.1826 9.75744 350.405 347.13 4.08776 343.042 337.161 74.1857 71.764 23.9802 18.5298 10.1751 262.975 8.35466 5.45035 6.76421
internal_count=414452 235011 2274 232737 577 232160 141 110 179441 157536 144307 8408 135899 135438 20925 8720 114513 113239 1419 111820 57605 10344 8775 1066 728 394 47261 334 338 284
is_linear=0
shrinkage=0.05


Tree=206
num_leaves=31
num_cat=0
split_feature=21 4 6 21 4 21 12 6 18 10 4 14 18 6 12 14 17 3 12 2 14 21 12 18 21 17 18 3 6 21
split_gain=2.32898 3.0152 3.27695 3.01443 6.30682 4.44252 4.58214 4.35678 4.1265 4.32834 3.97822 4.14675 3.44599 3.39654 3.19044 4.51396 3.02339 3.08559 2.99091 2.84209 2.93005 2.89096 2.6924 2.6447 2.577 2.49123 3.69449 2.84689 3.86281 3.07072
threshold=0.26336200000000004 2.2221500000000005 850.50000000000011 0.18161700000000003 0.76385000000000014 0.13063800000000003 0.027250000000000003 1426.5000000000002 -0.0091999999999999981 0.28750000000000003 1.3177500000000004 0.69055000000000011 -0.97319999999999995 388.50000000000006 0.062550000000000008 0.83340000000000014 0.98340450000000013 0.39795000000000008 0.040950000000000007 0.77500000000000013 0.65225000000000011 0.19953700000000005 0.0086500000000000014 -0.59224999999999983 0.18780950000000005 0.96182300000000009 -0.89919999999999989 0.75335000000000008 1453.5000000000002 0.42888750000000003
decision_type=2 2 2 2 2 2 2 2 2 2 2 2 2 2 2 2 2 2 2 2 2 2 2 2 2 2 2 2 2 2
left_child=1 3 -3 5 -5 12 -7 8 9 -6 11 23 -1 -8 15 -11 17 -12 -15 20 -16 -21 -10 -9 -24 26 -2 28 29 -28
right_child=25 2 -4 4 7 6 13 10 22 14 16 -13 -14 18 19 -17 -18 -19 -20 21 -22 -23 24 -25 -26 -27 27 -29 -30 -31
leaf_value=0.06311053940497828 0.02330117204132251 -0.0642965243836362 0.0099743492230735479 -0.059187774622310868 -0.045079444332857016 -0.054344045951909198 -0.052978261243312487 0.045384515588206442 0.0678903395369818 0.0077268333515132029 0.082403177016100781 -0.074940903312697649 0.0041033269970128985 0.037425264480519055 0.073901315259394806 0.090689883808741573 0.048670005185883353 -0.035741590013781209 -0.0073115283988197449 -0.0041664260303847043 -0.010136995064134915 0.048506707335623747 0.05046652631963338 -0.060820361396491641 -0.015991123704880702 0.00074987005522833398 -0.015394332256378294 0.0071486487291881036 -0.02439290725347075 -0.0023703869276198242
leaf_weight=2.5159234320160797 11.362940561543835 3.3366819703144861 2.6764401780637854 3.0346820252424314 2.168899864400827 5.7786052386348947 3.6006730064399326 1.6520759136196832 1.2251507173771212 23.981012407284485 0.66248943492667001 3.7274493520114902 149.3785167659014 4.2347884678689516 1.2957869039838659 1.7598847969566112 3.2715074295992963 3.3332185656952333 31.723546187369834 2.8945346459684087 5.1973498726497098 26.040423167090921 1.6280562498486677 0.90853158599952433 14.022407315158487 561.02796753368511 59.102433584835495 37.942417666097867 30.023202468240981 193.20852027322658
leaf_count=1201 19548 3516 1235 609 1646 2775 3649 192 84 8074 127 604 58094 1059 509 419 207 3336 10883 1042 8624 5037 154 135 1283 27288 42045 27048 22425 161604
internal_value=-2.34247e-11 0.00381095 -0.0312386 0.00452772 0.011754 0.000980979 -0.0127543 0.0140499 0.0184805 0.0243342 -0.0121677 -0.0412873 0.0050807 -0.00667906 0.0267955 0.013399 0.0130285 -0.0161532 -0.00204291 0.0365289 0.0066339 0.0432375 -0.00348999 0.00770186 -0.0090778 -0.00128096 -0.00471647 -0.00571049 -0.00743861 -0.00542117
internal_weight=1192.72 300.049 6.01312 294.036 96.8035 197.232 45.3376 93.7688 80.2135 63.3379 13.5553 6.28806 151.894 39.559 61.169 25.7409 7.26722 3.99571 35.9583 35.4281 6.49314 28.935 16.8756 2.56061 15.6505 892.667 331.64 320.277 282.334 252.311
internal_count=414452 114494 4751 109743 32082 77661 18366 31473 26872 25351 4601 931 59295 15591 23705 8493 3670 3463 11942 15212 9133 6079 1521 327 1437 299958 272670 253122 226074 203649
is_linear=0
shrinkage=0.05


Tree=207
num_leaves=31
num_cat=0
split_feature=16 14 19 0 14 4 7 9 17 12 9 14 9 14 14 7 16 12 19 7 17 9 6 4 20 9 4 9 17 20
split_gain=3.3724 2.28813 2.28582 2.16019 3.35669 2.44384 2.51358 4.30842 2.82346 2.85467 2.56651 3.70053 3.10078 3.17637 2.69056 2.65116 2.55419 2.37054 2.60391 2.29838 2.9419 2.3865 2.44815 2.18908 2.16042 3.19044 2.15549 2.11306 2.11067 2.66289
threshold=-0.25004999999999994 0.86965000000000015 -0.13114999999999996 0.67320000000000013 0.54935000000000012 0.99425000000000008 0.51045000000000007 0.31500000000000006 0.9798285000000001 0.020050000000000002 0.16500000000000001 0.69725000000000015 0.14000000000000004 0.67925000000000013 0.64445000000000008 0.43105000000000004 -0.0018499999999999999 0.012250000000000002 -0.024449999999999996 0.51635000000000009 0.96182300000000009 0.11500000000000002 1663.5000000000002 2.3957500000000005 0.031696000000000009 0.065000000000000016 1.6135500000000003 0.31500000000000006 0.76204950000000016 0.26332500000000009
decision_type=2 2 2 2 2 2 2 2 2 2 2 2 2 2 2 2 2 2 2 2 2 2 2 2 2 2 2 2 2 2
left_child=1 -1 -2 -4 -5 -6 7 10 9 -9 11 12 13 17 26 -13 -10 -7 -19 27 23 22 -22 -21 25 -17 -12 -8 -16 -30
right_child=2 -3 3 4 5 6 19 8 16 -11 14 15 -14 -15 28 24 -18 18 -20 20 21 -23 -24 -25 -26 -27 -28 -29 29 -31
leaf_value=-0.0095631210700041162 -0.055245619603824285 -0.080337380275350145 0.0016574489181094374 -0.049905754835863535 0.015072889689357839 -0.081165224348523607 0.033426272389026061 -0.099439235419942276 -0.083087728786071555 0.0046933117506999418 0.041719179854598942 -0.083335991994145417 -0.081928319429240476 -0.069033556969108248 -0.042281337472327485 0.026262488839352345 0.041160478529827092 -0.098451532288854671 0.011290158497817147 -0.011943910719569304 0.018655814257275243 0.019976360493799656 -0.051025053719186343 -0.11494878218051548 0.0035647853762052479 -0.058183481294250661 -0.16661160488998106 -0.053874614778742905 -0.0040898112084881665 0.044032450312128664
leaf_weight=67.431916445516066 1.8254461395708848 1.1616834337059163 955.03236229566994 3.9844705900572981 16.023656040612252 0.97132653433652461 8.2208868655765706 0.80825299434547826 4.1663026905989682 3.5438023445366298 5.0320842081974879 1.0514185114293493 2.9393166421385777 2.8906636072988467 3.0047563515441906 1.6256160486007072 0.45922187184260099 0.58971420546668873 6.4813421375947682 22.143336582721535 2.3332155359175912 17.409430428229371 2.7417613059806172 0.52810838643927027 24.887803061362263 3.5853881847051525 0.12730031614319148 0.75695140956304463 22.831837679017216 3.2888620381336287
leaf_count=23316 76652 229 293027 308 1931 94 905 140 199 608 416 602 264 385 2197 219 74 268 427 1809 555 3250 146 40 4133 363 31 124 1538 202
internal_value=6.82993e-11 -0.0107617 0.000659516 0.000750841 -0.0045798 -0.00343996 -0.00552286 -0.0107243 -0.0435537 -0.0146459 -0.00700801 -0.0148571 -0.0363375 -0.0240805 0.00329937 -0.0052911 -0.0707524 -0.00792313 0.00213789 0.00296001 -0.00163383 0.0111814 -0.0189893 -0.0143433 -0.00256482 -0.0318399 0.0365789 0.0260656 -0.00259589 0.00196927
internal_weight=1187.88 68.5936 1119.28 1117.46 162.427 158.442 142.419 88.285 8.97758 4.35206 79.3074 45.0226 13.8724 10.933 34.2848 31.1502 4.62552 8.04238 7.07106 54.1337 45.1559 22.4844 5.07498 22.6714 30.0988 5.211 5.15938 8.97784 29.1255 26.1207
internal_count=414452 23545 390907 314255 21228 20920 18989 12160 1021 748 11139 6755 1438 1174 4384 5317 273 789 695 6829 5800 3951 701 1849 4715 582 447 1029 3937 1740
is_linear=0
shrinkage=0.05


Tree=208
num_leaves=31
num_cat=0
split_feature=16 12 19 0 3 7 12 16 21 21 3 18 0 20 3 20 20 3 17 20 4 17 4 12 20 12 2 3 3 7
split_gain=3.35826 2.3488 2.13045 2.06823 2.19204 2.54344 2.05075 2.01645 2.22421 5.27459 4.91673 4.58409 2.03551 1.91343 3.66828 3.27798 2.65101 2.48899 1.88937 2.72647 4.96764 3.63376 3.86864 3.41039 3.14129 2.64777 2.23033 2.14267 2.18066 2.0899
threshold=-0.24464999999999998 0.42235000000000006 -0.13114999999999996 0.67320000000000013 0.026550000000000001 0.45715000000000006 0.15155000000000005 -0.060049999999999992 0.8501335000000001 0.82719250000000011 0.047950000000000007 -0.70059999999999989 0.5848000000000001 0.27248900000000004 0.71315000000000006 0.71409500000000004 0.26689500000000005 0.31725000000000009 0.61459350000000013 0.29973250000000001 2.4591500000000006 0.72984300000000013 1.1261500000000002 0.21025000000000002 0.28220200000000006 1.0000000180025095e-35 0.77500000000000013 0.31725000000000009 0.42485000000000006 0.39375000000000004
decision_type=2 2 2 2 2 2 2 2 2 2 2 2 2 2 2 2 2 2 2 2 2 2 2 2 2 2 2 2 2 2
left_child=1 -1 -2 7 5 6 -5 12 9 18 -10 -12 13 16 15 -15 -4 -17 -9 24 21 29 27 26 -20 -26 -24 -23 -29 -21
right_child=2 -3 3 4 -6 -7 -8 8 10 -11 11 -13 -14 14 -16 17 -18 -19 19 20 -22 22 23 -25 25 -27 -28 28 -30 -31
leaf_value=-0.0093810882866481992 -0.05524186962511083 -0.089474018194951072 -0.00075163358230561121 0.021507025107496608 -0.0036772039057224588 -0.10049058440976376 -0.10678038339338268 -0.019495103888396155 -0.10268932178286017 -0.070609138514619321 -0.05287161086311546 0.052835950235629515 0.013159751036473575 -0.028964260951462602 0.020045616283008043 0.06339320140308978 0.076081402117521568 -0.052602914766341519 0.0035018758456169616 0.019651036991543983 -0.10412816218954411 0.01252450509592728 -0.023504035842550387 0.074695685119943123 0.29171748783210177 -0.057043682324966483 0.033679870178664882 -0.072954064786336564 0.044315033370042889 -0.047348102177582542
leaf_weight=71.922667186186743 1.7005073118114058 0.92717415036582806 421.49108611664184 1.3650189056961033 157.11506873165769 1.2712398951043722 0.40363601215176448 8.4997834757509718 0.66634675315822178 2.3900648179902637 1.1894818707191337 7.4443451388540884 25.303476477376591 21.206211830629236 6.3700751013202241 1.7571461828878221 1.1256751184707798 0.62765302803066436 414.09792108481332 1.9565111826972259 0.82262367134012393 6.944773017123909 1.9208073250317781 4.8669023295171874 0.055538447743628594 2.7037984407796785 15.186786683630544 1.634679757094091 0.52333815089423286 2.8732038793751826
leaf_count=24903 76029 146 39844 232 20837 41 34 67888 44 544 336 1115 3810 52501 14297 7411 369 19366 53773 3565 327 1269 3454 1347 14 2941 2683 382 205 14745
internal_value=6.03103e-11 -0.0104004 0.000680433 0.000765965 -0.00449087 -0.0465446 -0.00777026 0.00165064 0.00396215 0.00347738 0.0281729 0.0382726 -0.000641021 -0.00141262 -0.0136229 -0.0227141 -0.000546982 0.0328643 0.00386058 0.00429825 0.0173577 0.0201409 0.0264114 0.0377655 0.00314757 -0.050024 0.0272594 -0.000998039 -0.0445153 -0.0202068
internal_weight=1186.36 72.8498 1113.51 1111.81 160.155 3.03989 1.76865 951.658 473.777 464.477 9.30017 8.63383 477.881 452.578 29.9611 23.591 422.617 2.3848 462.087 453.587 36.7296 35.907 31.0773 21.9745 416.857 2.75934 17.1076 9.10279 2.15802 4.82972
internal_count=414452 25049 389403 313374 21144 307 266 292230 154632 153137 1495 1451 137598 133788 93575 79278 40213 26777 152593 84705 27977 27650 9340 7484 56728 2955 6137 1856 587 18310
is_linear=0
shrinkage=0.05


Tree=209
num_leaves=31
num_cat=0
split_feature=10 3 19 11 17 3 10 7 6 2 7 3 3 4 6 6 0 18 20 17 4 4 4 6 3 20 17 18 4 4
split_gain=2.45892 4.87867 2.64674 2.28411 1.9712 2.0278 2.3739 2.35397 1.89864 1.77529 1.73302 3.86846 3.80556 2.37945 2.23056 2.39949 2.17098 2.71618 1.73289 1.78451 1.68501 2.41442 3.11469 1.68993 2.25266 1.94375 2.07881 1.64831 1.62193 1.56739
threshold=0.86250000000000016 0.42055000000000003 -0.030449999999999994 0.35835000000000006 0.79600750000000009 0.82885000000000009 0.33750000000000008 0.42565000000000003 238.50000000000003 0.45000000000000007 0.44345000000000007 0.70015000000000016 0.63385000000000014 1.2859500000000004 1231.5000000000002 1030.5000000000002 0.76250000000000007 -0.47329999999999994 0.18198700000000004 0.93717950000000017 1.7564500000000003 1.6932500000000001 1.6533500000000003 574.50000000000011 0.42695000000000005 0.088748500000000022 0.35899200000000003 -0.90239999999999998 1.14205 2.4591500000000006
decision_type=2 2 2 2 2 2 2 2 2 2 2 2 2 2 2 2 2 2 2 2 2 2 2 2 2 2 2 2 2 2
left_child=4 2 27 -3 20 6 10 9 -9 -7 14 12 28 -13 15 -6 17 -15 19 -19 21 22 23 25 -25 -1 -27 -2 -12 -8
right_child=1 3 -4 -5 5 7 29 8 -10 -11 11 13 -14 16 -16 -17 -18 18 -20 -21 -22 -23 -24 24 -26 26 -28 -29 -30 -31
leaf_value=-0.096076946886205994 -0.35481177705289052 0.0028846264900059815 0.041181092654713959 0.080325837005235531 -0.003516726303971453 -0.04423056061326637 0.0006001119459944275 -0.10651505183224584 0.010491572055877477 0.096836386844219635 0.032623552408540639 0.053761938745240039 -0.078792801998621653 -0.056510299353049388 -0.036230824537844729 0.040956538825439773 -0.071210784414846739 -0.033011894824395122 0.060580650041887521 0.017944004907933121 -0.03458704583249482 0.03247301151056331 -0.065118053139535725 -0.033934307943855206 -0.0060349129991956888 -0.033837198343808203 0.005955874885942348 -0.063248082275837378 -0.03199805081609243 -0.04082082154332959
leaf_weight=0.50725591262755543 0.050305004977417522 1.3268717607877532 0.7832964060617077 3.3717255558419765 13.203715406948168 0.27005351269593703 1005.2947657976222 0.35021250621309619 34.628725111694791 1.2807840256327834 1.2971896763374404 1.5970316387483752 4.4659103555568436 1.9796371818920295 3.6743989655365104 3.9373426830770759 1.3390756417551291 2.7499068356955814 1.3443447133613515 4.57958536883325 5.3277344236936122 3.9693533993515464 2.2770529836918447 9.9216354844818095 26.720225152628217 3.6029739943788277 36.842887932910884 1.3320624170937663 3.8614008948300125 2.2890994170538752
leaf_count=36 7 47 42 89 2440 269 90756 22 5129 354 109 73 394 377 2128 772 120 239 122 208 51104 13258 9722 34742 62432 83333 55318 70 425 315
internal_value=8.46034e-12 0.0298389 -0.0322498 0.0584566 -0.000173974 0.000411697 9.4111e-06 0.0119926 0.00932009 0.0722718 -0.0113549 -0.0207481 -0.0450018 -0.00357106 -0.000879175 0.00669889 -0.011206 -0.0036638 0.00839741 -0.00117382 -0.00732101 -0.00558837 -0.00747989 -0.00578847 -0.0135893 0.00119115 0.00241105 -0.0738582 -0.0157482 0.000506009
internal_weight=1184.18 6.86426 2.16566 4.6986 1177.31 1088.14 1051.61 36.5298 34.9789 1.55084 44.0295 23.2141 9.6245 13.5896 20.8155 17.1411 11.9925 10.6535 8.67384 7.32949 89.1691 83.8414 79.872 77.595 36.6419 40.9531 40.4459 1.38237 5.15859 1007.58
internal_count=414452 255 119 136 414197 104252 98478 5774 5151 623 7407 2067 928 1139 5340 3212 1066 946 569 447 309945 258841 245583 235861 97174 138687 138651 77 534 91071
is_linear=0
shrinkage=0.05


Tree=210
num_leaves=31
num_cat=0
split_feature=16 0 0 12 3 19 3 4 7 10 13 10 19 21 16 9 9 16 4 4 10 0 4 18 18 0 19 0 19 18
split_gain=3.33603 1.82807 3.04197 2.94527 2.31446 2.76143 3.2436 2.51094 2.29241 2.02669 2.05595 1.92117 1.99205 2.19005 1.87565 2.52739 3.82377 3.52953 2.93777 2.77789 3.42024 3.26799 2.72675 2.31841 3.59227 2.00266 2.97823 2.38208 2.07377 2.06714
threshold=-0.14584999999999998 1.0000000180025095e-35 0.076800000000000021 0.093850000000000003 0.25385000000000008 -0.084749999999999978 0.42695000000000005 2.1072500000000005 0.39585000000000004 0.68750000000000011 1.0000000180025095e-35 0.81250000000000011 -0.025449999999999997 0.99841250000000004 -0.21624999999999997 0.065000000000000016 0.11500000000000002 -0.16804999999999998 1.3143500000000004 1.7041500000000001 0.6583500000000001 0.9900000000000001 1.6441500000000002 -0.40059999999999996 -0.34639999999999993 0.26200000000000007 -0.0063499999999999989 0.34500000000000003 -0.11644999999999998 -0.19879999999999998
decision_type=2 2 2 2 2 2 2 2 2 2 2 2 2 2 2 2 2 2 2 2 2 2 2 2 2 2 2 2 2 2
left_child=1 4 3 -3 8 7 -7 -6 -1 10 -5 12 -10 -14 -4 18 17 -17 -16 20 22 25 -18 -22 -25 26 28 -27 -21 -29
right_child=-2 2 14 9 5 6 -8 -9 11 -11 -12 -13 13 -15 15 16 19 -19 -20 21 23 -23 -24 24 -26 27 -28 29 -30 -31
leaf_value=0.0014565036254086856 0.0013240167337967474 -0.05902689073670056 -0.01292919326457672 -0.060517791205356497 -0.038091853445618717 0.022304371438134435 -0.0026202696531066974 0.065584265324421104 -0.079326038547442662 0.058703206114863266 0.014675556759743648 0.035228083128229254 -0.052549004274374235 0.046932904424642742 0.047274467995693265 -0.0085686985915683425 0.0034021787495843881 -0.067376174153269103 -0.0022064852592014695 0.093501675833075892 -0.063091911589211278 -0.14232569908567513 -0.059111190701468891 0.060644187058219882 -0.03129576886694601 0.073965240315614939 0.072457995935838584 -0.029070736071628234 -0.065426266667433369 0.036733453235001205
leaf_weight=7.216127116220262 946.54849857097258 5.6023301221489117 65.04249734612128 1.7882033861158959 5.292925126985863 25.011921525313483 27.300082236197454 0.65643924666011333 2.8436917956745447 0.98054913923971287 1.8490705988551781 0.73770992783829559 1.578217226709967 0.85183506039902557 5.3231825863552995 6.1010274817740822 41.372387885346939 4.3855333929599833 6.872541763349858 0.23405158743901222 3.6655399772502619 0.29770161268425077 1.8211587926858204 1.3098697822651955 5.6241810331426887 2.9037791084641622 0.73797913049929498 1.639147750549794 1.6684851009837871 4.3891087543762541
leaf_count=5181 334530 4052 22399 3953 8897 1512 2992 948 220 229 138 14 62 13 3229 2871 13108 1995 3429 521 546 18 595 58 551 481 13 511 890 496
internal_value=1.15029e-10 -0.00533075 -0.00824522 -0.0346579 0.00133925 0.00562596 0.00929694 -0.0266525 -0.0175418 -0.00509344 -0.022292 -0.0403472 -0.0509189 -0.0176764 -0.00648537 -0.00174125 -0.00512565 -0.0331623 0.0193909 -0.000648149 -0.00547909 0.0212445 0.000766443 -0.0309298 -0.0139279 0.0254523 -0.0128028 0.0367615 -0.0458748 0.0188406
internal_weight=1181.65 235.097 163.608 10.2202 71.4889 58.2614 52.312 5.94936 13.2276 4.61782 3.63727 6.01145 5.27374 2.43005 153.388 88.3457 76.15 10.4866 12.1957 65.6634 53.7931 11.8703 43.1935 10.5996 6.93405 11.5726 2.64052 8.93204 1.90254 6.02826
internal_count=414452 79922 60083 8372 19839 14349 4504 9845 5490 4320 4091 309 295 75 51711 29312 22654 4866 6658 17788 14858 2930 13703 1155 609 2912 1424 1488 1411 1007
is_linear=0
shrinkage=0.05


Tree=211
num_leaves=31
num_cat=0
split_feature=16 17 16 3 16 18 9 0 21 3 18 20 6 16 9 3 6 14 12 12 12 12 16 3 0 0 18 7 21 12
split_gain=3.61218 2.29439 1.70632 2.15915 4.62315 4.71543 3.15637 2.8186 2.52301 2.87318 2.88822 2.27327 4.58627 4.81586 3.84808 3.14036 2.65249 2.7745 2.50275 2.35048 3.12769 2.43377 2.46768 1.98987 1.88133 2.67385 3.12202 2.56353 2.53878 2.12116
threshold=-0.25634999999999991 0.79600750000000009 -0.078249999999999986 -0.032549999999999989 -0.043949999999999996 -0.62469999999999992 0.31500000000000006 0.26200000000000007 0.93348050000000005 -1.0000000180025095e-35 -0.071199999999999986 0.29973250000000001 352.50000000000006 -0.065849999999999978 0.065000000000000016 0.73075000000000012 430.50000000000006 0.77275000000000016 0.038550000000000008 0.11055000000000002 0.17575000000000005 0.080950000000000008 -0.064549999999999982 0.047950000000000007 0.28280000000000011 0.27600000000000008 -0.045749999999999992 0.38845000000000007 0.73218050000000012 0.36215000000000003
decision_type=2 2 2 2 2 2 2 2 2 2 2 2 2 2 2 2 2 2 2 2 2 2 2 2 2 2 2 2 2 2
left_child=-1 -2 -3 4 7 6 -6 -4 9 10 -5 24 19 -14 18 16 -16 -18 -15 21 -21 -13 -23 -10 25 26 -11 -27 -29 -26
right_child=1 2 3 8 5 -7 -8 -9 23 11 -12 12 13 14 15 -17 17 -19 -20 20 -22 22 -24 -25 29 27 -28 28 -30 -31
leaf_value=-0.011618074671710131 -0.0073468049329804656 -0.0011629941076209435 -0.029576039844212781 0.0046871586276522768 0.074254724449317716 -0.071328261790286104 -0.14748889157065928 0.060159779041126842 -0.10225779377744491 0.0036026963041938596 0.089320128946051403 -0.011151391306334978 -0.081500646817291578 -0.060958492975069202 0.049000807101759858 0.079068993822646427 0.010159940679916407 -0.069922480742287671 0.085501370691318024 -0.063666143714111875 0.017777647540105853 -0.1165382259413468 0.069308009592373945 0.034745978166850842 -0.0022578290865763128 -0.066172046639493401 -0.053677852631492322 0.02859884742565106 -0.030493676715172786 0.024454516791774392
leaf_weight=63.312325437736035 82.857814650050841 418.40119713956392 1.476359065702127 2.1176661329955095 1.0224592008325997 4.6194059627650841 0.19035997724859033 2.1485700647749582 0.27382369332190037 293.05014966635281 1.9239070456823117 4.4443583835075042 0.93161378572949516 0.31340558565353305 3.8117755980238135 2.1412034815357393 8.1821676005401951 1.2463004135033759 4.2095148309017532 3.32151253300799 1.8273588236197609 0.19587872450574684 2.026816945034625 8.2554681902635121 233.42754146238804 0.82446916565482098 2.3982900375161753 21.250566623661147 1.9876140072665283 7.6760996319416099
leaf_count=21905 292894 34857 96 118 49 201 7 54 24 37363 40 621 293 144 407 384 1674 445 537 254 204 13 159 738 18539 90 129 1464 105 644
internal_value=7.90705e-11 0.000658784 0.00130049 0.00297566 -0.0207309 -0.0482916 0.0394506 0.0236122 0.00334572 0.00296014 0.0449749 0.00267392 0.0154987 0.0296101 0.0348106 0.0228892 0.0138038 -0.00042574 0.0753528 -0.00938524 -0.0347614 0.0102124 0.05293 0.0303476 0.00192697 0.00444307 0.00313772 0.0204705 0.0235445 -0.00140738
internal_weight=1179.87 1116.55 1033.7 615.295 9.45715 5.83223 1.21282 3.62493 605.838 597.308 4.04157 593.267 32.6519 20.836 19.9044 15.3814 13.2402 9.42847 4.52292 11.8159 5.14887 6.66705 2.2227 8.52929 560.615 319.511 295.448 24.0626 23.2382 241.104
internal_count=414452 392547 99653 64796 407 257 56 150 64389 63627 158 63469 5135 3884 3591 2910 2526 2119 681 1251 458 793 172 762 58334 39151 37492 1659 1569 19183
is_linear=0
shrinkage=0.05


Tree=212
num_leaves=31
num_cat=0
split_feature=16 17 4 16 20 10 4 10 10 9 7 21 21 18 21 21 12 18 18 0 20 14 17 7 17 20 0 17 17 17
split_gain=3.61001 2.16036 1.76653 1.7033 2.88089 3.84655 3.76101 2.83858 1.91642 1.84184 2.43908 1.83848 4.48834 3.41499 3.00416 1.87913 1.81378 1.96324 3.11624 2.93274 2.42371 3.18077 3.11633 2.6698 5.47558 2.43076 2.3095 2.2118 2.1763 2.74148
threshold=-0.25634999999999991 0.79600750000000009 2.1330500000000003 -0.060049999999999992 0.29973250000000001 0.83750000000000002 0.94025000000000014 0.86250000000000016 0.31250000000000006 1.0000000180025095e-35 0.43885000000000007 0.8501335000000001 0.82719250000000011 -0.80339999999999989 0.88244650000000013 0.90484600000000015 0.36715000000000003 -0.62469999999999992 -0.63654999999999984 1.0000000180025095e-35 0.12287900000000002 0.70145000000000013 0.96513150000000014 0.41745000000000004 0.98691650000000009 0.22263500000000003 0.037800000000000007 0.82656300000000005 0.97609950000000012 0.96182300000000009
decision_type=2 2 2 2 2 2 2 2 2 2 2 2 2 2 2 2 2 2 2 2 2 2 2 2 2 2 2 2 2 2
left_child=-1 2 -2 8 7 6 -6 11 9 10 -3 12 16 -13 -15 -16 17 18 19 20 23 22 25 24 27 -22 -21 -5 29 -25
right_child=1 3 -4 4 5 -7 -8 -9 -10 -11 -12 13 -14 14 15 -17 -18 -19 -20 26 21 -23 -24 28 -26 -27 -28 -29 -30 -31
leaf_value=-0.011600762933107658 -0.0061884645169369493 0.044305394529179191 -0.064901686872682107 0.23385831409420105 -0.015187423859178012 -0.075044037639702299 0.029617602342887819 0.047049325044379225 -0.00019729396148595528 -0.028947315710268279 -0.02788266344170362 -0.087286601156710497 -0.057060073355159113 0.071479599742403185 -0.0501638522947555 0.027161402341880504 0.022570843961785235 -0.0002718764460090661 0.047550979925926606 -0.043316633808976407 0.066562635480623467 -0.0026869053978065605 -0.094492843570080559 0.0088834155181550228 0.0081584063568126731 -0.054374487213148984 -0.0025330434337159217 -0.056116448054509008 0.0061089952287474159 0.053282701145484036
leaf_weight=63.445165363941214 81.434660026041485 2.3549436978500458 1.3015971704575964 0.066594362082469938 5.7699192881001471 1.074950194422853 24.879920008066165 3.5281814204790853 501.96310749967546 11.127532856167361 2.3257668797286897 0.6140238857060466 3.2348072606255291 3.2296539294839013 1.065551653751754 2.9915106171876005 10.515157834730756 346.80247413305824 4.6328947119964132 4.203611560730681 6.4984995488284749 4.3060541724230461 0.34802505452535104 7.5688787373128417 12.403968603903195 0.44387173466566299 19.924371916100881 5.2514370505523402 36.720005101291463 6.4306343837815803
leaf_count=21905 280406 480 12488 38 634 13 4131 96 42124 1705 208 64 169 151 69 316 1667 30357 623 1312 722 2779 34 1367 556 315 6916 1309 1196 302
internal_value=1.11907e-10 0.00066128 -0.00711213 0.00128552 0.00332895 0.0179224 0.0211829 0.00236598 -0.000737118 -0.0178783 0.00843635 0.00203565 0.00163302 0.0259545 0.0354969 0.00685261 0.00204034 0.0015665 0.00742645 0.00564186 0.0102482 0.031386 0.0515111 0.00666671 -0.0100396 0.0588303 -0.00963842 -0.0524853 0.0125041 0.0292781
internal_weight=1176.46 1113.01 82.7363 1030.28 512.505 31.7248 30.6498 480.78 517.771 15.8082 4.68071 477.252 469.351 7.90074 7.28672 4.05706 466.116 455.601 108.799 104.166 80.038 11.5965 7.2904 68.4415 17.722 6.94237 24.128 5.31803 50.7195 13.9995
internal_count=414452 392547 292894 99653 55136 4778 4765 50358 44517 2393 688 50262 49662 600 536 385 49493 47826 17469 16846 8618 3850 1071 4768 1903 1037 8228 1347 2865 1669
is_linear=0
shrinkage=0.05


Tree=213
num_leaves=31
num_cat=0
split_feature=16 19 17 3 7 14 6 2 0 18 7 3 21 17 7 18 18 19 3 20 13 14 3 7 12 3 16 7 19 12
split_gain=3.67691 2.07747 1.88935 1.69752 2.10736 1.66959 1.64991 1.56301 1.55714 3.93451 2.12853 2.27883 2.59007 2.58928 1.96402 2.56674 2.45672 2.0502 2.02196 1.82553 1.81058 2.4911 2.13109 1.79924 1.78853 1.69214 3.49166 1.63289 1.60938 1.6093
threshold=-0.25634999999999991 -0.13114999999999996 0.79600750000000009 0.82885000000000009 0.42565000000000003 0.47240000000000004 238.50000000000003 0.45000000000000007 1.0000000180025095e-35 -0.60224999999999984 0.41785000000000005 0.68795000000000006 0.18161700000000003 0.98691650000000009 0.40535000000000004 -0.17739999999999997 -1.0000000180025095e-35 -1.0000000180025095e-35 0.17925000000000002 0.071714500000000014 1.0000000180025095e-35 0.70945000000000014 0.25385000000000008 0.39835000000000004 0.050350000000000006 0.26235000000000003 -0.35424999999999995 0.46755000000000008 -0.079749999999999974 0.011550000000000001
decision_type=2 2 2 2 2 2 2 2 2 2 2 2 2 2 2 2 2 2 2 2 2 2 2 2 2 2 2 2 2 2
left_child=8 -2 5 -4 7 -3 -6 -5 27 28 14 12 -12 19 16 18 23 -17 -16 29 -15 22 -22 -11 -21 -26 -27 -1 -10 -14
right_child=1 2 3 4 6 -7 -8 -9 9 10 11 -13 13 20 15 17 -18 -19 -20 24 21 -23 -24 -25 25 26 -28 -29 -30 -31
leaf_value=0.004700132545834821 -0.055656277805453652 0.12198826359764464 0.00095739325928337815 -0.043229415233592701 -0.1054236253837493 -0.0069518291668602544 0.010817903521806067 0.09665749961875772 -0.02490708154629941 -0.0090332091307170018 0.10591984934260777 0.012111176261263797 0.061032279238588505 0.031375769635127712 -0.047629319097710156 -0.081824097323411879 0.060873706970288904 0.053756492226418574 0.063547646871426153 0.011599081182990295 -0.063747733466864534 -0.046640576980174153 0.03100323226824829 -0.077590513348577389 -0.09311028322215241 0.024102721093333765 -0.065577359030662558 -0.056946872329795784 -0.074262060347597525 -0.083604744970854017
leaf_weight=16.849035381144407 1.6346612075433302 0.25183270423252579 994.12250577147893 0.24145794855490876 0.30815905033580193 81.674378085137789 32.502652713396458 1.154274296675794 3.0013814810183135 5.4062410807647705 0.36736177710373041 4.8984615705109027 0.20457998476922723 2.1419657866726975 0.46471349019327624 0.77694714542462862 1.0596431634060932 0.43491309945238732 3.4088103396367728 1.8663444234576898 0.75716948513581916 4.1853212591213378 2.7442764838815492 1.162874293953166 1.3760349465005104 1.8059846335822882 2.7201629742219167 1.1473123836990442 3.6731224988343447 3.2085241003078409
leaf_count=5261 77324 321 89920 224 21 219622 4807 308 5185 6882 26 684 6 83 28 95 436 17 472 397 61 240 162 301 60 237 694 54 374 150
internal_value=7.82184e-11 0.000669109 0.000752039 0.00133422 0.0122858 -0.00655548 0.00972616 0.0724574 -0.0116865 -0.0165955 -0.0105232 -0.0186495 -0.025698 -0.0279993 0.00627136 0.0303407 -0.00977345 -0.0331669 0.0502096 -0.0444559 -0.00927753 -0.0206058 0.0105138 -0.0211693 -0.0310647 -0.0445555 -0.029794 0.000769981 -0.0520682 -0.0749353
internal_weight=1175.55 1111.89 1110.26 1028.33 34.2065 81.9262 32.8108 1.39573 63.6612 45.6648 38.9903 26.2762 21.3777 21.0104 12.7141 5.08538 7.62876 1.21186 3.87352 11.1816 9.82873 7.68677 3.50145 6.56912 7.76853 5.90218 4.52615 17.9963 6.6745 3.4131
internal_count=414452 392547 315223 95280 5360 219943 4828 532 21905 16590 11031 2800 2116 2090 8231 612 7619 112 500 1544 546 463 223 7183 1388 991 931 5315 5559 156
is_linear=0
shrinkage=0.05


Tree=214
num_leaves=31
num_cat=0
split_feature=16 7 4 18 7 7 3 12 14 12 10 19 7 12 11 12 17 4 14 16 10 10 12 4 21 3 10 18 17 14
split_gain=3.99583 1.98448 2.89958 2.47581 1.99063 2.88578 2.29156 3.10448 6.83031 2.47823 2.18497 2.17525 2.16106 1.82444 1.91381 1.81605 1.76989 1.97654 1.85405 1.66056 2.67075 1.835 1.74285 1.70761 1.70346 1.70299 1.64584 1.91121 1.84171 1.60596
threshold=-0.25634999999999991 0.41785000000000005 1.7441500000000001 -1.0000000180025095e-35 0.42855000000000004 0.43535000000000007 0.67315000000000014 0.11055000000000002 0.5061500000000001 0.043450000000000009 0.43750000000000006 -0.047149999999999991 0.48565000000000008 0.11545000000000001 1.0000000180025095e-35 0.12565000000000001 0.79600750000000009 2.1330500000000003 0.47240000000000004 -0.060049999999999992 0.18750000000000003 0.86250000000000016 0.36715000000000003 1.0730500000000001 0.071714500000000014 0.59095000000000009 0.28750000000000003 -0.34959999999999997 0.84939350000000002 0.62835000000000008
decision_type=2 2 2 2 2 2 2 2 2 2 2 2 2 2 2 2 2 2 2 2 2 2 2 2 2 2 2 2 2 2
left_child=1 2 3 -1 11 -6 7 8 -7 12 -11 -3 -10 -9 15 -15 17 18 -2 20 -18 22 -21 -23 -22 -25 27 -24 -29 -13
right_child=16 4 -4 -5 5 6 -8 13 9 10 -12 29 -14 14 -16 -17 19 -19 -20 21 24 23 26 25 -26 -27 -28 28 -30 -31
leaf_value=-0.009442978028355406 0.10814294801731479 -0.077310248367583836 0.069043954680595848 0.060737557095864481 0.018604951423333165 -2.9966039188208082 0.0047998901614736888 -0.10017276274046603 -0.056978040337892971 -0.079332079515035292 0.013866478769867262 -0.085670191988445138 0.04801253413206881 0.012169316264801317 0.039815200685658761 -0.057091710702191684 -0.074520669103737266 -0.066999689270561824 -0.0058687032416899947 0.0026019520589834087 -0.062397528887269509 -0.077890220161166993 0.081007910130624958 0.06703568453654625 -0.00042750689375284086 -0.039695954418523402 0.011000798852567861 0.11714295468088601 -0.047409116351651279 0.00049874278698190124
leaf_weight=19.933842755364925 0.35816505799858944 2.8301279806111381 1.409054835348228 1.3412295424277711 5.6024047148939067 0.0019157335627885122 6.7622536353532032 1.4894350205804574 3.5212993003560467 0.6896322644461178 7.1386790669739639 0.68315631035989044 0.56937602212201444 1.1034136444982303 0.68729400159099885 6.6525658774995122 1.2235073451229244 1.3219680511732566 80.797895930569993 496.67392763785438 1.1113305655271677 0.27859246020670925 2.0664683033473925 2.5687592317262902 516.00632702896087 0.43737160996533919 8.1469344761760549 0.22698232492257275 0.67782554374389292 2.5934367744102929
leaf_count=15733 496 938 995 472 628 2 1042 68 302 108 669 25 63 88 123 493 137 12488 279910 53244 113 19 339 63 44267 17 1363 28 63 156
internal_value=2.088e-11 -0.012249 -0.000418139 -0.00501864 -0.0189043 -0.0142113 -0.0206361 -0.0285068 -0.0113047 -0.0108248 0.00565619 -0.0452011 -0.0423645 -0.0491522 -0.0401519 -0.0472382 0.000694131 -0.00635342 -0.00536554 0.00125879 -0.000735263 0.00328118 0.00304022 0.0405322 -0.000560686 0.051507 0.0226185 0.0544731 -0.00612918 -0.0174671
internal_weight=1174.91 63.0091 22.6841 21.2751 40.325 34.2183 28.6159 21.8536 11.9209 11.919 7.82831 6.10672 4.09068 9.93271 8.44327 7.75598 1111.9 82.478 81.1561 1029.42 518.341 511.077 507.792 3.28472 517.118 3.00613 11.1182 2.97128 0.904808 3.27659
internal_count=414452 21905 17200 16205 4705 3586 2958 1916 1144 1142 777 1119 365 772 704 581 392547 292894 280406 99653 44517 55136 55037 99 44380 80 1793 430 91 181
is_linear=0
shrinkage=0.05


Tree=215
num_leaves=31
num_cat=0
split_feature=16 7 18 9 2 6 7 18 10 14 10 0 18 14 16 9 7 10 14 10 18 16 3 3 16 16 0 7 12 12
split_gain=4.20745 2.37219 2.96708 3.87666 2.46633 2.35413 2.31737 2.21116 2.99113 2.19527 1.98103 1.93007 1.92371 2.547 3.29884 2.34488 2.09837 1.96577 1.96023 1.77279 3.54671 2.31998 1.92414 3.14789 2.30719 2.33756 2.30164 3.62595 5.28923 4.27983
threshold=-0.25634999999999991 0.41785000000000005 -1.0000000180025095e-35 0.26500000000000007 0.45000000000000007 616.50000000000011 0.40735000000000005 -0.33259999999999995 0.21250000000000005 0.67505000000000015 0.26250000000000007 0.14350000000000004 -0.86819999999999986 0.68935000000000013 -0.28724999999999995 0.31500000000000006 0.42565000000000003 0.6583500000000001 0.85385000000000011 0.31250000000000006 -0.71749999999999992 -0.027049999999999994 0.49745000000000006 0.49335000000000007 -0.07984999999999999 -0.081449999999999981 0.40400000000000008 0.45025000000000004 0.063550000000000009 0.10865000000000001
decision_type=2 2 2 2 2 2 2 2 2 2 2 2 2 2 2 2 2 2 2 2 2 2 2 2 2 2 2 2 2 2
left_child=1 2 3 6 11 -6 9 8 -8 -1 -3 -5 -12 15 16 -14 -15 18 -16 20 -2 -22 23 24 25 -21 27 -26 -29 -30
right_child=19 10 -4 4 5 -7 7 -9 -10 -11 12 -13 13 14 17 -17 -18 -19 -20 22 21 -23 -24 -25 26 -27 -28 28 29 -31
leaf_value=-0.014974822740534825 -0.067538862319980505 -0.081244052629968075 0.06555557924554499 0.07940851514497578 0.03034388410608211 -0.060575906643278978 0.074655150352336566 0.039952943099947957 -0.071660266786557389 -0.062539588391063133 0.029626660023530885 -0.076532430715597025 -0.027623956915206607 -0.074439068205426839 -0.053807415136606085 -0.081993761957665154 0.0060444954094955317 0.0012053821832593862 0.072071954570536986 -0.0030336233013263571 -0.013558063880412509 0.01104776893135509 0.0040751793897583479 -0.033268752502131099 0.0023685709101342791 -0.035819351017266764 -0.0043794004830194069 0.0385542605469264 -0.018340603132711481 0.02993003939081448
leaf_weight=8.0030122697516592 2.4400584492873341 1.2726634029151558 1.6137088315002746 2.3838856943364699 2.2190326557139888 1.0482903574422833 0.48152297892738705 2.8339943528849281 1.2720256210301668 3.4809196177601214 2.0227586963108015 0.21643916619819936 8.0033059248100056 0.85477442372587376 6.9720657209119583 2.6363546725422102 15.411408483165813 2.7771080754541799 0.32362612480073938 260.21207008346295 29.621211052697547 14.158563374893061 365.12727598380957 7.209933194948916 289.78828868850098 5.5526812174735474 101.12645186482939 17.8690642293667 11.605902165122531 7.5983375755936313
leaf_count=8659 8786 192 489 492 1455 180 12 157 742 4763 417 251 610 329 973 109 1771 181 123 78975 18600 6873 175420 3004 84679 1506 12171 1030 892 611
internal_value=-3.85287e-11 -0.0124842 0.000120524 -0.00469248 0.030092 0.00117311 -0.0173922 0.0126475 -0.0314822 -0.0293923 -0.0198557 0.0664287 -0.0178525 -0.0204496 -0.0121095 -0.041096 0.00181515 -0.0345958 -0.0482236 0.000716373 -0.00887032 -0.00560043 0.001132 -0.000401085 -5.95026e-05 -0.00371862 0.00221268 0.00425217 0.0189756 0.000758129
internal_weight=1176.14 63.8269 23.5528 21.9391 5.86765 3.26732 16.0715 4.58754 1.75355 11.4839 40.2741 2.60032 39.0014 36.9786 26.339 10.6397 16.2662 10.0728 7.29569 1112.31 46.2198 43.7798 1066.09 700.963 693.753 265.765 427.988 326.862 37.0733 19.2042
internal_count=414452 21905 17200 16711 2378 1635 14333 911 754 13422 4705 743 4513 4096 3377 719 2100 1277 1096 392547 34259 25473 358288 182868 179864 80481 99383 87212 2533 1503
is_linear=0
shrinkage=0.05


Tree=216
num_leaves=31
num_cat=0
split_feature=16 7 16 21 19 14 9 0 19 3 12 4 19 7 0 14 0 0 21 12 11 4 6 16 6 21 12 7 21 21
split_gain=4.24681 2.03968 2.17197 2.61261 2.58299 2.44282 1.99118 2.20375 2.14173 1.98518 1.88348 1.74523 1.74506 1.50715 1.6535 2.58983 2.55005 3.04283 2.82784 2.59818 3.20841 2.36043 2.36796 3.20547 2.82705 2.48625 2.95085 2.23142 2.74925 3.17891
threshold=-0.25634999999999991 0.41785000000000005 -0.27854999999999996 0.95248350000000015 -1.0000000180025095e-35 0.60275000000000012 0.26500000000000007 0.27600000000000008 -0.067749999999999991 0.11145000000000001 0.049550000000000004 0.83085000000000009 -0.13114999999999996 0.55065000000000008 0.67320000000000013 0.54935000000000012 0.59330000000000005 0.56100000000000005 0.90877100000000011 0.083350000000000021 1.0000000180025095e-35 1.0730500000000001 1159.5000000000002 -0.16804999999999998 694.50000000000011 0.39295250000000009 0.0021500000000000004 0.44135000000000008 0.7775875000000001 0.73354950000000019
decision_type=2 2 2 2 2 2 2 2 2 2 2 2 2 2 2 2 2 2 2 2 2 2 2 2 2 2 2 2 2 2
left_child=1 6 5 -4 -5 -3 7 -1 -9 -7 -8 -12 -2 14 16 -16 17 27 -19 -18 -21 22 24 -24 -17 26 -26 28 29 -14
right_child=12 2 3 4 -6 9 10 8 -10 -11 11 -13 13 -15 15 21 19 18 -20 20 -22 -23 23 -25 25 -27 -28 -29 -30 -31
leaf_value=-0.024536553831204365 -0.053235111392439777 -0.078272584938452461 -0.016662297615945645 -0.088005416769154562 0.005994212677326579 0.10682561260885247 -0.019976534734671397 -0.059448205024495195 0.023432959359591915 -0.011177081984730344 -0.060589829973037961 0.055095061510381932 -6.3399358354039145e-05 0.027482443741601272 -0.044616262293925145 0.015767716221719057 0.023037357679424691 -0.032343815355650334 0.031787377192266056 0.0076807778416367314 -0.042763697837041037 -0.0059150016873039807 -0.10330981596271271 0.047687564903839248 -1.1632521310892521 0.011442561461731685 -0.050025008030895428 0.0042253451719474495 -0.0074140400498378702 0.018132948240878011
leaf_weight=9.6954342179645803 1.4971809454962102 1.3600394607427428 5.4455672770545203 3.5015972287385466 0.92358167186284834 0.36097699403763073 1.6070050559898721 0.89736148263669679 5.9324304160513739 28.199620898201772 0.3592624537583905 3.5229624986927206 378.13056143672327 5.2601094841684235 3.8539770172677654 12.859563346727446 26.774011753788358 11.496982128969988 2.0210988263332856 25.626824777886473 3.5942094183960753 125.37915768850871 0.37488075858709624 5.6289887318689571 0.0059624980203801794 2.6954520985432282 3.6533348383645716 352.99673823279841 124.23504025155876 25.628968796826257
leaf_count=11094 77324 64 1101 170 74 1 902 3277 378 3295 518 1031 177198 1275 311 2077 3513 2766 251 3382 379 16796 26 291 4 320 227 59075 38688 8644
internal_value=1.28612e-10 -0.0127567 -0.0195128 -0.039851 -0.0683867 -0.0128033 -0.000544955 -0.00921165 0.0125433 -0.00968565 0.025546 0.0443895 0.00070921 0.000781956 0.000654849 -0.00414337 0.00143453 0.00078657 -0.0227555 0.0117856 0.00147607 -0.00310762 0.0108501 0.0382593 0.00228553 -0.0249972 -0.0518389 0.0011478 -0.000909722 0.00109163
internal_weight=1173.52 61.8058 39.7914 9.87075 4.42518 29.9206 22.0145 16.5252 6.82979 28.5606 5.48923 3.88222 1111.71 1110.22 1104.96 154.451 950.504 894.509 13.5181 55.995 29.221 150.597 25.2182 6.00387 19.2143 6.35475 3.6593 880.991 527.995 403.76
internal_count=414452 21905 4705 1345 244 3360 17200 14749 3655 3296 2451 1549 392547 315223 313948 20052 293896 286622 3017 7274 3761 19741 2945 317 2628 551 231 283605 224530 185842
is_linear=0
shrinkage=0.05


Tree=217
num_leaves=31
num_cat=0
split_feature=16 0 21 19 19 12 4 4 7 2 0 3 16 16 0 2 4 20 21 19 16 14 9 14 17 12 21 19 14 7
split_gain=4.08217 3.42447 3.48443 2.92994 2.79929 3.83148 2.63092 2.84102 3.42352 2.39907 2.60065 2.15122 3.98604 2.94764 2.57372 2.38993 3.37213 2.56473 2.54245 2.24928 2.05144 1.97628 1.91874 2.16254 1.87555 1.80228 1.73891 1.71608 2.36955 1.97305
threshold=-0.14584999999999998 0.62900000000000011 0.19953700000000005 -0.075249999999999997 -0.073249999999999996 0.13645000000000004 1.4403500000000002 1.3351500000000003 0.36865000000000009 0.45000000000000007 0.56100000000000005 0.34695000000000004 -0.25634999999999991 -0.15624999999999997 0.8600000000000001 0.77500000000000013 1.9452500000000004 0.22263500000000003 0.93186650000000015 -1.0000000180025095e-35 -0.14754999999999999 0.74965000000000015 0.21500000000000005 0.6382500000000001 0.98691650000000009 0.004850000000000001 0.944554 -0.0043499999999999988 0.73175000000000012 0.45155000000000006
decision_type=2 2 2 2 2 2 2 2 2 2 2 2 2 2 2 2 2 2 2 2 2 2 2 2 2 2 2 2 2 2
left_child=1 3 -3 6 5 24 7 25 -9 10 -8 12 -4 -14 -15 16 18 27 -13 26 -10 -7 -11 -24 -5 -1 -20 28 -17 -29
right_child=-2 2 11 4 -6 21 9 8 20 22 -12 15 13 14 -16 17 -18 -19 19 -21 -22 -23 23 -25 -26 -27 -28 29 -30 -31
leaf_value=0.053550920323236911 0.001466791536227627 0.076786852974626146 -0.072897849307230714 -0.067054558413196852 -0.002138252170511854 0.084733400932579805 -0.054906323957507414 0.061123143591994278 -0.079056001864900402 0.035495148984514925 0.12102393762019813 0.0055474292424682117 0.00098926508094308277 -0.13735752959154876 0.055819570662638089 0.041838329935214288 -0.097743082934615644 -0.040591078217741286 -0.094130617130831609 -0.078992348512659849 0.080820549468074251 -0.055617494763864933 0.17549013469338193 -0.033535279605617536 0.018229553480090546 -0.021452446035164385 0.040308664013199352 -0.20989894480524651 -0.070559120011863583 0.026128459974978716
leaf_weight=0.85597266576966191 940.01551151789988 0.89887420665672735 5.2074043347543295 0.91389111396608713 162.91869034801121 2.7724696100056012 2.29064866526778 0.53236462605310819 4.7503493618731341 4.8727486669501161 0.23126657296756992 4.5485643073968713 5.3020833097210982 0.75732479291337806 0.22324805909647694 0.74900416514719781 1.6474103740393964 2.9354289681857049 0.32840785425378294 2.3814687323538237 0.20949392157541513 0.27576474774718907 0.1316857614903032 2.0503622646160977 2.1883117383113131 12.45769904450067 0.89884697628460231 0.089579711468103507 1.2539467725437132 7.6508506941215728
leaf_count=1146 334530 57 571 530 16917 93 5046 2066 3290 8811 45 773 876 111 41 21 108 456 22 58 101 201 199 3589 55 33417 208 13 54 1047
internal_value=1.85536e-10 -0.00593484 -0.0203795 -0.00338372 -0.000888195 0.0322245 -0.0182491 -0.0291123 -0.05937 0.00308318 -0.038773 -0.0229504 -0.0405504 -0.013739 -0.0933767 -0.013956 -0.0324936 0.000379352 -0.0193161 -0.050655 -0.0723031 0.0720363 0.0180457 -0.0209207 -0.00689466 -0.0166303 0.00433332 0.0127227 -0.0285281 0.0233969
internal_weight=1172.34 232.324 34.8724 197.452 169.069 6.15044 28.3826 18.8059 5.49221 9.57671 2.52192 33.9736 11.4901 6.28266 0.980573 22.4835 9.8047 12.6788 8.15729 3.60872 4.95984 3.04823 7.0548 2.18205 3.1022 13.3137 1.22725 9.74338 2.00295 7.74043
internal_count=414452 79922 4416 75506 17796 879 57710 40020 5457 17690 5091 4359 1599 1028 152 2760 1169 1591 1061 288 3391 294 12599 3788 585 34563 230 1135 75 1060
is_linear=0
shrinkage=0.05


Tree=218
num_leaves=31
num_cat=0
split_feature=16 21 0 18 18 12 3 18 9 10 21 18 12 18 16 19 21 10 18 21 0 18 9 17 17 10 19 20 14 20
split_gain=3.88904 2.03572 2.4432 2.33665 3.46617 2.29607 2.10024 2.07167 2.41872 1.81835 1.99476 2.19753 2.05254 1.90531 2.12514 1.79926 2.15325 1.73119 2.93502 2.68967 2.52456 2.38036 1.96728 2.11638 2.56457 2.10446 1.99707 1.8862 1.87648 2.18293
threshold=-0.25634999999999991 0.20026750000000001 0.40400000000000008 -0.56109999999999993 -0.7589999999999999 0.047250000000000007 0.44815000000000005 -1.0000000180025095e-35 0.065000000000000016 0.73750000000000016 0.70991100000000007 -0.46219999999999994 0.22695000000000001 -0.28024999999999994 -0.28724999999999995 -0.037949999999999991 0.93186650000000015 0.31250000000000006 -0.71749999999999992 0.16697650000000003 0.60600000000000009 -0.46939999999999993 0.24000000000000002 0.88751050000000009 0.84939350000000002 0.26250000000000007 -0.0043499999999999988 0.21447300000000002 0.83875000000000011 0.027212000000000004
decision_type=2 2 2 2 2 2 2 2 2 2 2 2 2 2 2 2 2 2 2 2 2 2 2 2 2 2 2 2 2 2
left_child=1 -1 3 4 -3 6 -5 8 -7 10 -10 12 -12 14 -13 -6 -17 18 -2 21 22 27 23 24 -21 -25 -27 -20 -19 -30
right_child=17 2 -4 5 15 7 -8 -9 9 -11 11 13 -14 -15 -16 16 -18 28 19 20 -22 -23 -24 25 -26 26 -28 -29 29 -31
leaf_value=0.060268335190244542 -0.065228499170910365 0.0031879602819889622 -0.031279940961918551 -0.0082887744552913641 -0.057148161394687584 -0.041952226789333351 -0.077512587811961978 0.064195546779713605 -0.03470829372184564 -0.033414783854689573 0.06348534741739946 0.0055301899942390501 -0.042534123799941412 0.027118532919604893 -0.076092671750432758 -0.054739765496531562 0.020098939582603399 0.00059993448660408926 0.063218154303204502 -0.0079179071675920237 -0.039714110435834914 -0.00049508362602111603 -0.059865843322411641 0.033169570579950243 -0.073599421842951096 -0.024033401562299331 0.033764432315746454 -0.052488866805070082 0.025368492209465555 0.0035441089174864785
leaf_weight=0.95220903571627857 2.1979392468650607 7.9243566489232071 14.524493172291839 3.9113649264485622 6.3848958878489244 2.4770307528178597 1.5221152898525927 1.5574063175647541 1.7042789447482167 2.0660375710250483 3.9985564064459824 2.7732596825685043 0.51536057761747134 5.9051239009585332 1.1193085453011797 1.7639171624796302 2.1118219816125929 1007.1331649141866 3.0557351641837163 9.1394664229093419 7.0201309725727574 7.3035184658494057 1.5830129610821462 5.9558717279323883 1.7747631086313038 5.0754154301757808 2.1183266307302802 0.39810097777078102 16.419336049495612 37.915928907049576
leaf_count=290 8786 4535 2239 2087 5977 1518 289 137 825 144 1053 1151 238 840 426 120 36 325148 613 15258 1539 2573 1384 529 548 695 79 2255 1206 31934
internal_value=6.12445e-11 -0.0122684 -0.0134146 -0.00774095 -0.0216516 0.00144111 -0.0276809 0.00859571 0.00438385 0.0107314 0.0164262 0.0225155 0.0513809 0.00921684 -0.0179405 -0.0408353 -0.0139615 0.000678326 -0.00885877 -0.0060056 -0.0131465 0.0156792 -0.00587429 -0.00232252 -0.0185984 0.0111865 -0.00701379 0.0498814 0.00108823 0.0101391
internal_weight=1168.3 61.2115 60.2593 45.7348 18.185 27.5498 5.43348 22.1164 20.559 18.0819 16.0159 14.3116 4.51392 9.79769 3.89257 10.2606 3.87574 1107.09 45.6223 43.4243 32.667 10.7574 25.6469 24.0638 10.9142 13.1496 7.19374 3.45384 1061.47 54.3353
internal_count=414452 21905 21615 19376 10668 8708 2376 6332 6195 4677 4533 3708 1291 2417 1577 6133 156 392547 34259 25473 20032 5441 18493 17109 15806 1303 774 2868 358288 33140
is_linear=0
shrinkage=0.05


Tree=219
num_leaves=31
num_cat=0
split_feature=16 10 21 14 16 17 3 16 4 18 14 18 19 18 9 21 16 6 9 19 4 13 7 18 16 16 17 16 21 17
split_gain=4.22812 1.74609 2.56909 2.00595 2.24614 3.25221 2.24838 2.05282 2.04886 1.67055 1.58826 1.58238 3.02756 2.46106 2.0136 2.04087 1.97767 2.05907 1.91718 2.02559 1.69857 1.55932 1.5568 1.53069 1.50804 2.67662 1.56987 1.49563 3.38314 2.88579
threshold=-0.25634999999999991 0.31250000000000006 0.16697650000000003 0.84265000000000012 -0.016649999999999995 0.97609950000000012 0.65595000000000014 -0.020049999999999995 1.4908500000000002 -0.71749999999999992 0.86575000000000013 -0.10959999999999999 -0.0043499999999999988 -0.10139999999999998 0.24000000000000002 0.39943800000000007 -0.076749999999999985 922.50000000000011 1.0000000180025095e-35 -0.032249999999999994 1.29295 1.0000000180025095e-35 0.45025000000000004 -0.056999999999999995 -0.081449999999999981 -0.10694999999999998 0.73358650000000014 -0.060049999999999992 0.071714500000000014 0.60031150000000011
decision_type=2 2 2 2 2 2 2 2 2 2 2 2 2 2 2 2 2 2 2 2 2 2 2 2 2 2 2 2 2 2
left_child=-1 2 -2 27 6 8 -5 24 -6 -4 -7 14 -13 -14 15 18 17 22 -11 -20 -18 -19 -17 -10 25 -8 -27 28 -3 -29
right_child=1 3 9 4 5 10 7 -9 23 11 -12 12 13 -15 -16 16 20 21 19 -21 -22 -23 -24 -25 -26 26 -28 29 -30 -31
leaf_value=-0.012974141971102188 0.012099569284128094 -0.073112663180617349 -0.06689795068257369 0.07911121809433215 0.020369152644175711 -0.013572883303083157 0.0066021047307202171 0.062498914488167114 -0.029154190682341975 -0.066193658978296196 0.057145886311505557 -0.081294079693972246 -0.24670214472523333 -0.010206423100238414 -0.06434478980748258 0.024130476850527174 -0.040553067477297519 -0.050062345801979116 -0.057927176011836196 0.019797271678156418 0.039012341285603228 0.011438293655392113 -0.061561417895884762 -0.090870237192461512 -0.00047971428154430708 0.078168556952256468 0.028348910696714125 -0.030190254775408366 -0.0010537968013945513 0.0029919791881728454
leaf_weight=59.585097491101806 10.915302561272325 1.6341324529612951 1.527514094254143 1.381531921091862 1.4585270366378305 1.3048248051291014 12.624993331372425 2.0728511026873724 3.4339207145843882 2.1140231568950325 2.0278301493830213 2.2627927609523226 0.11191217834129918 6.4582534777987366 1.4169021238548101 4.6574138692599707 0.76826295508942521 3.3087846843354782 1.2696769718259306 2.4669803283613874 5.2859979797514711 1.4969522306491851 0.5980835104039669 1.4202132649634225 15.320487915653841 2.3710664565771173 4.7470632830691102 6.6394503005219567 505.56158849759908 499.19150624115309
leaf_count=21905 7271 805 6956 1557 1335 135 4909 943 5733 1481 93 1250 12 636 1356 5294 1244 1586 3271 246 3350 90 216 222 12265 1898 609 68785 171208 87791
internal_value=2.02385e-10 0.00069907 -0.00898591 0.00110665 0.0110764 -0.0105012 0.0164797 0.0141497 -0.0315967 -0.0158066 0.0294576 -0.0133841 -0.0314137 -0.0142347 -0.00657343 -0.00284695 0.00633599 -0.00725122 -0.028141 -0.00661268 0.0289158 -0.0309053 0.0143786 -0.047211 0.0112914 0.0204258 0.044944 0.000632648 -0.00128596 0.00255643
internal_weight=1165.43 1105.85 44.6589 1061.19 48.1633 9.64532 38.518 37.1365 6.31266 33.7436 3.33265 32.216 8.83296 6.57017 23.3831 21.9662 16.1155 10.0612 5.85068 3.73666 6.05426 4.80574 5.2555 4.85413 35.0636 19.7431 7.11813 1013.03 507.196 505.831
internal_count=414452 392547 34259 358288 29699 7518 22181 20624 7290 26988 228 20032 1898 648 18134 16778 11780 7186 4998 3517 4594 1676 5510 5955 19681 7416 2507 328589 172013 156576
is_linear=0
shrinkage=0.05


Tree=220
num_leaves=31
num_cat=0
split_feature=17 10 6 18 17 18 19 6 21 4 3 19 19 6 21 6 2 3 4 19 18 18 3 19 17 20 20 3 7 17
split_gain=2.39673 1.65212 2.29033 3.32544 2.46851 2.4155 2.00934 1.9554 1.73965 1.69083 1.56438 2.81605 2.41813 3.5215 3.94315 3.09925 2.82146 5.54607 2.7431 2.69228 2.31587 3.09639 3.89974 3.40731 2.27044 2.2195 3.22602 2.20203 2.5107 2.11953
threshold=0.35899200000000003 0.28750000000000003 922.50000000000011 -0.10959999999999999 0.91022800000000015 -0.50469999999999993 -0.06724999999999999 904.50000000000011 0.063915000000000013 1.3952500000000001 0.49745000000000006 -0.038749999999999993 -0.030449999999999994 694.50000000000011 0.82376450000000012 1204.5000000000002 0.45000000000000007 0.64745000000000008 1.3486500000000003 -0.0043499999999999988 -0.6692999999999999 -0.32949999999999996 0.67315000000000014 -0.085749999999999979 0.9798285000000001 0.13136350000000002 0.53346500000000008 0.49335000000000007 0.46875000000000006 0.98340450000000013
decision_type=2 2 2 2 2 2 2 2 2 2 2 2 2 2 2 2 2 2 2 2 2 2 2 2 2 2 2 2 2 2
left_child=-1 2 7 5 -5 8 9 -2 -4 -7 27 20 13 14 18 -15 17 -14 -13 -19 25 22 23 24 -22 -12 -27 -3 -29 -17
right_child=1 10 3 4 -6 6 -8 -9 -10 -11 11 12 16 15 -16 29 -18 19 -20 -21 21 -23 -24 -25 -26 26 -28 28 -30 -31
leaf_value=-0.03389571604611414 -0.0025752880018671291 -0.00060475782197612869 0.030349785960540283 -0.014839132920781928 -0.087457868002579348 -0.056370422140928522 -0.0032720585249532033 0.054256159188329801 -0.049892418218131784 0.099182051186941955 0.0082487472623701385 -0.031494067521425514 0.0065096032955740263 -0.015677212657501587 -0.059476883536853466 -0.00016213193233111664 0.0055426684584282933 0.00013695938556499481 0.069247691880811257 -0.079587521669854625 -0.029267447521443835 0.011864741621381677 0.00042334663180890528 -0.030313298156514679 0.060830508759485973 -0.045963135286061683 0.055060088557081159 -0.044613396709963414 0.024533786173818437 0.033893044192921162
leaf_weight=5.1918930162607912 13.786908725809466 724.78027481884271 0.79997455144092633 1.9706773763036824 2.8811866288451711 0.21739853107180784 7.9598274735360519 1.7002055908255886 4.3393769659296879 0.889406476465183 47.945260527103045 0.75422992985022386 9.0372829628869891 8.4147727073745973 0.78116738890230397 7.4585350034417415 212.90307322300498 1.4573253730677604 6.4908884247779497 3.8738745180271499 1.1397893227834244 14.617312315433223 26.63800087491299 30.094456949574866 1.8090086447773501 4.1025325150929737 0.97878912697933618 5.5507506634439769 1.7194050890062724 11.792993406881576
leaf_count=121869 9307 136739 383 274 148 344 1279 194 4364 336 8122 224 787 2217 120 1621 18818 231 1220 139 13671 11351 21761 18251 366 26703 10980 2177 229 227
internal_value=-2.38772e-11 0.000152118 -0.0106179 -0.0222237 -0.0579624 -0.0100176 0.00550516 0.00366378 -0.0374022 0.0686284 0.000483612 0.00304017 0.0059955 0.0180944 0.0472527 0.00963522 0.0040954 -0.0173493 0.0587603 -0.0577942 -0.00306346 -0.0087602 -0.0138117 -0.0252874 0.0260052 0.00491858 -0.0265035 -0.000879408 -0.02826 0.0206992
internal_weight=1162.08 1156.88 34.545 19.0578 4.85186 14.206 9.06663 15.4871 5.13935 1.10681 1122.34 390.289 262.964 35.6926 8.02629 27.6663 227.272 14.3685 7.24512 5.3312 127.325 74.2986 59.6813 33.0433 2.9488 53.0266 5.08132 732.05 7.27016 19.2515
internal_count=414452 292583 16629 7128 422 6706 1959 9501 4747 680 275954 136809 25604 5629 1564 4065 19975 1157 1444 370 111205 65400 54049 32288 14037 45805 37683 139145 2406 1848
is_linear=0
shrinkage=0.05


Tree=221
num_leaves=31
num_cat=0
split_feature=17 7 0 10 18 3 7 17 21 6 7 7 21 6 6 3 3 12 0 12 3 12 10 6 9 12 17 17 3 3
split_gain=2.32057 2.13044 2.44478 3.50394 3.03643 2.69912 3.45668 1.83711 1.79199 2.78563 2.8887 2.76612 2.65998 2.84603 2.04092 1.93713 2.06169 1.85827 2.91236 2.7942 2.28435 2.17786 2.14803 3.09029 3.02211 1.91597 2.08799 2.33341 2.07772 2.063
threshold=0.35899200000000003 0.55065000000000008 0.67320000000000013 0.26250000000000007 -0.28024999999999994 0.026550000000000001 0.45715000000000006 0.94427700000000014 0.21081850000000002 172.50000000000003 0.45565000000000005 0.44605000000000006 0.23112500000000002 454.50000000000006 208.50000000000003 0.084250000000000005 0.14435000000000003 0.087950000000000014 0.9900000000000001 0.089650000000000021 0.44165000000000004 0.078450000000000006 0.73750000000000016 1000.5000000000001 0.16500000000000001 0.071450000000000014 0.92576850000000011 0.95456050000000003 0.47865000000000008 0.35525000000000007
decision_type=2 2 2 2 2 2 2 2 2 2 2 2 2 2 2 2 2 2 2 2 2 2 2 2 2 2 2 2 2 2
left_child=-1 2 -2 4 -4 6 -5 -6 14 -10 11 15 13 -12 -7 -11 -17 21 19 -19 -20 25 -21 -24 -25 26 -14 -28 29 -27
right_child=1 -3 3 5 7 8 -8 -9 9 10 12 -13 17 -15 -16 16 -18 18 20 22 -22 -23 23 24 -26 28 27 -29 -30 -31
leaf_value=-0.033499447616203652 0.00092673114106197978 0.030097660176011773 0.11341015191384785 -0.0036186648426638039 -0.025532920005138328 -0.03525360013704866 -0.098612618933382329 -0.088419564152618854 0.072675964830584999 0.062027564159733366 0.080077971423958005 -0.063925945621386066 -0.016148707791958344 -0.076043512338987707 0.0093491104112961593 -0.073157378636208345 -0.0095969399212466194 -0.075037474402117069 0.044104455646588429 -0.0019954799490526582 -0.10197282958232801 0.037538030627125109 -0.075569249386702356 -0.13001916649961384 0.047733916319132187 0.014113273320242767 0.035920197202523221 0.0027506713265925665 0.039051236616439326 -0.080789337681309387
leaf_weight=5.1466657451362599 987.13881746173342 5.9079462106769816 0.2775057667238342 2.1684427234524715 2.3319834250274871 2.7674540641669401 1.7150882505375191 2.3134294399787905 1.1007805400213317 0.76459974319800394 0.33713340211033882 3.9897020815950546 9.9635013238287211 2.1763438716161545 35.013311538852747 1.5545304109873521 7.1159892683936619 1.4852928341915674 0.33158719981838558 41.721841781441356 1.3875748444712597 4.3880581323444394 2.4366401208267225 0.29431985411792982 1.2749563686229519 0.79681477199255812 6.8458695548470159 23.513155753383614 0.75926508412192095 2.0354226024328455
leaf_count=121869 274142 1320 20 266 459 190 45 92 126 79 19 540 1979 215 3674 97 1113 88 72 4595 61 493 180 8 72 74 218 2076 144 126
internal_value=-1.19155e-10 0.000149414 -4.70822e-06 -0.00572059 -0.047253 -0.00440942 -0.045571 -0.0568507 -0.00335813 -0.00647919 -0.0072491 -0.0290236 -0.00431852 -0.0551029 0.00608195 -0.0142649 -0.0209926 -0.00300576 -0.00987329 -0.00754561 -0.0737978 0.00395136 -0.00535339 -0.0403263 0.0143961 0.000595248 0.00371218 0.0102303 -0.0343991 -0.0540897
internal_weight=1159.05 1153.91 1148 160.861 4.92292 155.938 3.88353 4.64541 152.054 114.273 113.173 13.4248 99.7478 2.51348 37.7808 9.43512 8.67052 97.2343 48.9322 47.2131 1.71916 48.3021 45.7278 4.00592 1.56928 43.914 40.3225 30.359 3.5915 2.83224
internal_count=414452 292583 291263 17121 571 16550 311 551 16239 12375 12249 1829 10420 234 3864 1289 1210 10186 5076 4943 133 5110 4855 260 80 4617 4273 2294 344 200
is_linear=0
shrinkage=0.05


Tree=222
num_leaves=31
num_cat=0
split_feature=0 3 7 10 18 4 10 7 2 12 21 21 7 10 12 6 6 4 4 7 12 20 11 12 10 4 20 20 0 4
split_gain=2.40637 2.78653 3.41644 2.77323 2.70985 2.17046 5.16139 2.23114 2.01248 2.10743 1.92892 2.77205 5.77554 2.73501 2.69348 2.12122 2.31607 2.11529 1.7626 1.746 3.02859 3.85529 2.75475 4.08984 3.54442 3.46087 3.19987 3.18756 5.98419 2.87764
threshold=0.67320000000000013 0.026550000000000001 0.45715000000000006 0.26250000000000007 -0.28024999999999994 2.1072500000000005 0.63750000000000007 0.55065000000000008 0.77500000000000013 0.18755000000000002 0.37466600000000005 0.61556300000000008 0.51045000000000007 0.36250000000000004 0.0086500000000000014 184.50000000000003 202.50000000000003 1.9319500000000003 1.2789500000000003 0.45155000000000006 0.065150000000000013 0.30019750000000006 1.0000000180025095e-35 0.075950000000000004 0.63750000000000007 1.0539500000000002 0.29973250000000001 0.021858500000000006 0.037800000000000007 1.16625
decision_type=2 2 2 2 2 2 2 2 2 2 2 2 2 2 2 2 2 2 2 2 2 2 2 2 2 2 2 2 2 2
left_child=19 2 -2 4 -3 7 -7 10 9 -8 -5 12 14 -14 -12 -13 -17 -16 -6 -1 21 -21 23 -22 27 -24 -26 28 -25 -29
right_child=1 3 -4 5 18 6 8 -9 -10 -11 11 15 13 -15 17 16 -18 -19 -20 20 22 -23 25 24 26 -27 -28 29 -30 -31
leaf_value=-0.00042885113792069586 -0.0036226298087968876 0.11442259415124963 -0.09508693128519613 0.0041202152985622548 0.0062835075274436172 -0.08129921780817137 -0.076561357408503339 0.035720272556205704 0.031186857161557186 0.051414923620740197 0.033535344104978541 0.075527083531825814 -0.072673427794237286 0.020793199651957375 -0.032303335474832322 -0.259469374609126 -0.0014946415288490935 -0.10286427934068446 -0.065347223036388083 0.013373973690475303 -0.027271115566016191 -0.055379686885134463 -0.076716971005687903 -0.043527255457868348 0.014756916034309682 -0.0074775991957647461 0.071344952939969536 -0.052479056505791134 0.020665574122197151 -0.002572195994184975
leaf_weight=694.0881704623248 2.192957427349369 0.26733136264004986 1.9103657091691273 57.747179214614306 1.1115003995603263 2.9276524464700051 1.1250403182613125 3.8081664900910246 2.6907928422428995 0.45050196803731513 1.4962965954430298 0.89892839630218091 0.85362845932195242 9.4174407329892329 22.387011226133556 0.087140522077617244 55.326671329680011 1.115039664814957 3.777558029518076 88.291693110071861 9.9781282062490941 2.0871459386871143 1.8891938423657837 4.0908291575033209 37.477953770097145 40.381188132817158 2.6765868829999695 3.0057486933749251 32.267097441902337 73.980098506835418
leaf_count=349244 412 30 46 7167 243 355 70 896 666 77 175 867 135 1130 2890 176 6728 62 562 5421 1622 4069 71 138 2141 5272 1413 480 1621 20273
internal_value=-1.08593e-10 -0.00550328 -0.0462053 -0.00449406 -0.0405865 -0.0033333 -0.0301739 -0.0020724 0.00490943 -0.0399685 -0.00303618 -0.00754865 -0.0185405 0.0130252 -0.0315098 -0.000664333 -0.00190032 -0.0356511 -0.0490624 0.000942532 0.00415691 0.0117862 0.000805568 0.00374752 0.00576388 -0.0105721 0.0185289 0.00124158 0.0134429 -0.0045207
internal_weight=1159.81 169.591 4.10332 165.488 5.15639 160.331 7.19399 153.138 4.26634 1.57554 149.329 91.5822 35.2694 10.2711 24.9983 56.3127 55.4138 23.5021 4.88906 990.214 296.126 90.3788 205.747 163.476 153.498 42.2704 40.1545 113.344 36.3579 76.9858
internal_count=414452 22687 458 22229 835 21394 1168 20226 813 147 19330 12163 4392 1265 3127 7771 6904 2952 805 391765 42521 9490 33031 27688 26066 5343 3554 22512 1759 20753
is_linear=0
shrinkage=0.05


Tree=223
num_leaves=31
num_cat=0
split_feature=16 18 16 6 16 21 9 16 18 7 4 13 7 10 6 6 19 19 19 4 9 4 14 14 19 21 18 18 14 18
split_gain=3.53779 2.74024 3.49904 2.68996 2.09013 4.50114 3.71664 2.97748 2.90796 2.68607 2.22225 2.38832 2.05201 2.03449 4.44378 2.43134 2.2405 2.81726 2.53821 2.68865 2.21909 3.16957 4.85552 3.36825 2.52406 2.84148 2.9702 2.43104 2.25069 2.09591
threshold=-0.14584999999999998 -0.12774999999999997 -0.14924999999999997 1318.5000000000002 -0.13534999999999997 0.66723750000000004 0.11500000000000002 -0.12834999999999996 -0.067949999999999997 0.46235000000000004 1.4594500000000001 1.0000000180025095e-35 0.38405000000000006 0.7875000000000002 970.50000000000011 1012.5000000000001 -0.074249999999999997 -0.064249999999999988 -0.077249999999999985 1.8038500000000004 0.21500000000000005 1.7894500000000002 0.77365000000000006 0.78685000000000016 -0.014549999999999999 0.8066350000000001 -0.83249999999999991 -0.61269999999999991 0.77275000000000016 -0.16174999999999998
decision_type=2 2 2 2 2 2 2 2 2 2 2 2 2 2 2 2 2 2 2 2 2 2 2 2 2 2 2 2 2 2
left_child=1 13 3 -3 5 6 -2 9 -8 -6 -10 -12 -4 15 -15 16 18 -18 19 -1 24 22 28 -23 25 -17 -27 -26 -22 -19
right_child=4 2 12 -5 7 -7 8 -9 10 -11 11 -13 -14 14 -16 20 17 29 -20 -21 21 23 -24 -25 27 26 -28 -29 -30 -31
leaf_value=-0.016116674952906709 -0.030699905094518289 -0.018979387569934558 0.30811803869609466 0.0093664918832153787 -0.030657172092987985 -0.00098421373520391734 0.058953593087258366 0.0013343828198519037 0.028720689166858934 0.01073285458215615 -0.056220230740113411 -0.35204062021075339 -0.067440339686754613 -0.024828825557700968 0.045427055423124731 0.013260135869858289 0.030668737633470763 -0.0011042555643693875 -0.07214021200641263 0.082626787092280912 -0.01801796744456469 -0.020009174360285452 -0.064483733086472553 0.059509204638537996 -0.1084269352592343 0.024458401525022197 -0.02209793195099001 0.039019951460033536 0.071525031071427617 0.034541091535215014
leaf_weight=8.5421122254857877 1.6930035452006134 35.413027850530995 0.036749082556183921 10.959905779352082 13.513985922084261 19.184169517951204 9.1347635839405807 886.40557170992884 0.78079268135752389 5.5213137534151988 0.37642390657583746 0.083335265095229261 3.5430987110970875 3.5593888178823345 6.1218632653763052 12.227244537138857 9.477837466323761 58.236198625086615 1.8596886454722632 0.74989855082463996 24.198604254264332 2.921393169291604 6.3221278661960687 2.4473033199792553 0.29683729168027628 3.9847955170071456 24.423254105127853 4.8003083699768458 0.72272459054693072 4.4381622527244806
leaf_count=43276 1486 6226 54 752 7302 7176 2288 315471 99 624 69 15 253 512 242 5531 2418 6412 785 4398 2767 454 839 443 10 661 3401 179 16 293
internal_value=-9.51494e-11 -0.00562564 -0.0159568 -0.01228 0.00135301 0.0140659 0.0379901 0.00091421 0.0491987 -0.0186517 -0.0226312 -0.10984 -0.063585 -0.00268222 0.0195969 -0.00398431 0.00203829 0.005262 -0.0188193 -0.00814772 -0.0100771 -0.0192507 -0.025349 0.016239 -0.00273294 -0.00689319 -0.0155675 0.0304332 -0.0154212 0.0014199
internal_weight=1161.98 225.283 49.9528 46.3729 936.693 31.2525 12.0683 905.441 10.3753 19.0353 1.24055 0.459759 3.57985 175.33 9.68125 165.648 83.3039 72.1522 11.1517 9.29201 82.3446 36.6122 31.2435 5.3687 45.7324 40.6353 28.408 5.09715 24.9213 62.6744
internal_count=414452 79922 7285 6978 334530 11133 3957 323397 2471 7926 183 84 307 72637 754 71883 57582 9123 48459 47674 14301 4519 3622 897 9782 9593 4062 189 2783 6705
is_linear=0
shrinkage=0.05


Tree=224
num_leaves=31
num_cat=0
split_feature=0 14 7 16 9 16 20 0 19 16 10 9 21 3 3 19 10 21 4 7 0 18 0 21 21 21 16 20 0 12
split_gain=3.69602 4.334 3.42896 3.30957 2.87847 2.34362 2.3424 2.17685 2.01401 2.66176 2.56228 1.8391 1.82694 1.80677 3.32097 2.01999 1.80429 2.06069 1.77224 2.03453 1.79354 2.58942 1.88773 1.76692 1.75403 3.33935 2.47183 2.33813 1.99777 2.54656
threshold=0.67320000000000013 0.54935000000000012 0.45885000000000004 -0.14584999999999998 1.0000000180025095e-35 -0.097949999999999995 0.10544850000000001 0.94000000000000006 -0.030449999999999994 -0.10294999999999999 0.43750000000000006 0.19000000000000003 0.96887100000000015 0.76955000000000007 0.77385000000000015 -0.047849999999999997 0.73750000000000016 0.44482450000000007 2.0247500000000005 0.43205000000000005 0.24500000000000002 -0.86819999999999986 0.28280000000000011 0.30019750000000006 0.52116950000000017 0.45013100000000006 -0.13104999999999997 0.047809500000000012 0.56100000000000005 0.024850000000000001
decision_type=2 2 2 2 2 2 2 2 2 2 2 2 2 2 2 2 2 2 2 2 2 2 2 2 2 2 2 2 2 2
left_child=5 2 -2 11 6 18 -5 -8 9 10 -6 -3 -10 -7 -15 -16 23 -18 24 -20 21 -21 -22 -17 25 26 -1 -28 29 -27
right_child=1 3 -4 4 8 13 7 -9 12 -11 -12 -13 -14 14 15 16 17 -19 19 20 22 -23 -24 -25 -26 28 27 -29 -30 -31
leaf_value=0.010522758210950374 -0.011780542677735178 -0.0092552322236762307 -0.090470030024731224 0.00080785262377826034 -0.076558880480244673 0.0022219834040237895 -0.061994494599116705 0.0546856898732377 -0.0022265001299714314 -0.012012792851944818 0.075142798067187544 -0.033601571024129931 0.039976022440400993 0.06776160573672331 -0.0083938240958680976 -0.0035100117184849212 0.07317600930811112 -0.03204923043931953 0.053128772992306207 0.033365225786831473 0.074361126444669232 -0.037104865932325287 0.0095517882686346686 0.022314314010427702 -0.0015835990531202248 0.0069622540267312173 0.010319991231422344 -0.038007167240158471 0.040840689526608777 -0.048694831751379446
leaf_weight=15.465958123521601 2.8296623304108826 17.731464493774698 2.7105877119029174 3.6377078553450684 0.30917593652668562 602.06259089182277 4.5974773284004868 0.43780206049268588 117.78889328096017 2.1875665572200367 2.7913879904116925 13.788589542588708 2.621481204844712 2.5738284073106561 11.713635676014347 11.009622826823096 2.4152309968176264 0.57629723388527043 2.7855273572343426 1.9374393344725707 1.4464499506868262 3.9843736523028488 5.0336756888912646 16.626747760641933 285.31906528198363 2.5649558479245771 3.9119163439610265 6.9481556140015925 0.865403895006012 10.340998257708888
leaf_count=8843 393 2289 55 417 272 223025 1179 35 12063 3286 527 1688 483 1151 28710 2014 83 35 3821 806 207 1911 916 1766 104822 846 227 7443 153 4986
internal_value=-7.48706e-11 -0.00677695 -0.0502797 -0.00532409 -0.00190364 0.00117639 -0.0297635 -0.0518495 1.86411e-05 0.0302193 0.0600157 -0.0199056 -0.0013077 0.00294368 0.0126176 0.0092655 0.0160193 0.0529051 -0.00218057 0.0145143 0.00584132 -0.0140492 0.0240181 0.0120266 -0.00295974 -0.0127518 -0.00231574 -0.0205992 -0.032702 -0.0376334
internal_weight=1159.01 171.432 5.54025 165.892 134.371 987.582 8.67299 5.03528 125.699 5.28813 3.10056 31.5201 120.41 646.978 44.9154 42.3415 30.6279 2.99153 340.604 15.1875 12.4019 5.92181 6.48013 27.6364 325.416 40.0974 26.326 10.8601 13.7714 12.906
internal_count=414452 22687 448 22239 18262 391765 1631 1214 16631 4085 799 3977 12546 256784 33759 32608 3898 118 134981 7661 3840 2717 1123 3780 127320 22498 16513 7670 5985 5832
is_linear=0
shrinkage=0.05


Tree=225
num_leaves=31
num_cat=0
split_feature=17 0 14 20 20 4 2 12 9 20 12 9 0 14 20 12 16 4 17 10 18 11 12 16 17 12 14 17 10 14
split_gain=3.45665 2.6892 3.1482 2.39419 3.01916 2.25328 4.17093 4.21205 2.4573 3.54357 2.49919 2.44163 3.37944 4.4258 4.45504 2.52458 2.12997 2.00425 1.92148 1.85996 2.7963 1.85237 1.83669 1.79512 1.74045 1.6545 2.19264 1.64921 1.63396 1.62675
threshold=0.35899200000000003 0.60600000000000009 0.54935000000000012 0.062631000000000006 0.19955750000000003 2.1072500000000005 0.77500000000000013 0.30945000000000006 1.0000000180025095e-35 0.18198700000000004 0.26545000000000007 0.29000000000000009 0.76250000000000007 0.73265000000000013 0.12546300000000002 0.040950000000000007 -0.094249999999999987 1.6880500000000003 0.95456050000000003 0.26250000000000007 -0.2886999999999999 0.81665000000000021 0.11655000000000001 -0.26304999999999995 0.91022800000000015 0.010850000000000002 0.68575000000000008 0.95109350000000015 0.68750000000000011 0.83635000000000015
decision_type=2 2 2 2 2 2 2 2 2 2 2 2 2 2 2 2 2 2 2 2 2 2 2 2 2 2 2 2 2 2
left_child=23 16 3 -3 -5 8 -7 -8 9 10 -4 19 13 18 15 -15 21 24 25 20 -10 -2 -20 -1 -14 -13 -27 -12 -19 -18
right_child=1 2 5 4 -6 6 7 -9 11 -11 27 12 17 14 -16 -17 29 28 22 -21 -22 -23 -24 -25 -26 26 -28 -29 -30 -31
leaf_value=-0.092846772338422229 -0.0015848364964085337 -0.096916987378112412 0.014414208373205874 0.048898537659178558 -0.051160566643011773 -0.068947711679773177 0.024163684520389 -0.10402828248646497 0.11470951252645585 -0.062640606366226204 -0.081220095620365543 -0.10526643178708894 -0.014448232308590823 -0.023887941166269182 -0.076613697092770383 0.058173580482768827 0.0023118835011399896 -0.090108573842088674 -0.084413374905260768 0.0021975822203804682 -0.049545696768683811 -0.044385876657404309 -0.0083746047018323361 -0.024259086833389024 0.036362264143605626 -0.049515322441513673 0.055644692595759118 0.0060173654119618268 0.059989246395562836 0.012796148315305672
leaf_weight=1.2148059541018197 347.86175411254101 1.5090460083883375 5.1962399883068411 1.0631168209947648 2.5919539711125026 3.7308699297637968 3.7728349885878742 0.7718811663071391 0.28312799680338718 4.0934553490531016 1.4298847216996367 0.44806906050598838 2.6692900711035445 1.4617340846389186 1.3317744327717944 2.6120196369952282 584.22454764444001 0.80961771469242172 4.7125362089814189 127.56486007793927 3.0545746399677673 2.5464044872638842 0.9551097154180751 4.4433390148435867 4.5722127183432235 1.0297883468174402 0.95571477259312576 0.87224806915764919 0.23363871566607486 39.500017054886484
leaf_count=11542 80073 128 427 30 162 248 851 16 12 937 87 38 242 66 325 237 168870 128 209 14101 418 284 53 110327 606 123 168 127 71 23546
internal_value=-1.06612e-10 0.000191501 -0.00546459 -0.0439326 -0.0220573 -0.00431338 -0.0297703 0.00239138 -0.00303104 -0.025225 -0.00479931 -0.00134618 -0.0168425 -0.0322636 0.00277504 0.0287285 0.00122343 0.00829859 -0.055643 0.00123352 -0.0356124 -0.00189587 -0.0715993 -0.0389849 0.017633 -0.0184817 0.00110307 -0.048167 -0.056494 0.00297584
internal_weight=1157.52 1151.86 177.726 5.16412 3.65507 172.561 8.27559 4.54472 164.286 11.5918 7.49837 152.694 21.7915 13.5067 5.40553 4.07375 974.133 8.28476 8.10122 130.903 3.3377 350.408 5.66765 5.65814 7.2415 2.43357 1.9855 2.30213 1.04326 623.725
internal_count=414452 292583 19810 320 192 19490 1115 867 18375 1578 641 16797 2266 1219 628 303 272773 1047 591 14531 430 80357 262 121869 848 329 291 214 199 192416
is_linear=0
shrinkage=0.05


Tree=226
num_leaves=31
num_cat=0
split_feature=0 14 3 17 16 10 16 3 3 13 11 17 17 16 4 16 16 16 17 6 4 17 16 0 3 3 10 12 14 17
split_gain=2.97963 3.64453 3.26282 3.16602 2.53888 2.684 2.4182 2.73784 2.14187 2.2868 2.10902 3.97944 2.77764 2.44592 2.06836 1.86385 3.13108 4.20474 3.65069 3.12266 2.14843 2.85863 2.51188 2.0212 1.88445 1.84789 3.1669 2.8358 2.46599 2.19162
threshold=0.67320000000000013 0.54935000000000012 1.0445000000000002 0.99048750000000008 -0.14584999999999998 0.58750000000000002 -0.15624999999999997 0.32345000000000007 1.0445000000000002 1.0000000180025095e-35 1.0000000180025095e-35 0.92171950000000014 0.9582210000000001 -0.13814999999999997 2.0247500000000005 -0.11124999999999997 -0.11584999999999999 -0.11694999999999998 0.99421400000000004 1363.5000000000002 1.7827500000000003 0.96182300000000009 -0.22924999999999998 0.26200000000000007 0.14435000000000003 0.51855000000000007 0.36250000000000004 0.19195000000000004 0.69405000000000017 0.947855
decision_type=2 2 2 2 2 2 2 2 2 2 2 2 2 2 2 2 2 2 2 2 2 2 2 2 2 2 2 2 2 2
left_child=8 3 4 -2 6 10 -3 -8 15 -10 25 -12 -13 -14 -9 16 17 20 24 -18 -1 22 -22 -24 -19 27 -27 29 -29 -6
right_child=1 2 -4 -5 5 -7 7 14 9 -11 11 12 13 -15 -16 -17 19 18 -20 -21 21 -23 23 -25 -26 26 -28 28 -30 -31
leaf_value=-0.0036770330727042759 -0.016353566243134086 -0.011002385462866573 -0.082405327887031254 -0.095184611586149437 -0.020669450712619185 0.0066762821119715089 -0.10359151447234836 -0.0035212712832164046 -0.021830298032559946 0.093993496069020632 0.015875057826231009 -0.10025507263835082 -0.55037113897554057 -0.015830394116461012 -0.10152020880355571 0.0023477361514304801 -0.037463829064253377 -0.10989528112755283 0.079642725757900837 0.012706501204179394 -0.057677024761611628 0.022121316107265584 -0.022915742022809896 0.0319046018911531 0.015864638981790722 -0.018554479936160852 0.0154659343101793 0.007625792252427304 -0.082981646751095053 0.0059659906216204582
leaf_weight=237.6260665910616 3.3204462175701215 25.757302602010217 1.3431682293354175 2.0662639637344 16.152353242206917 59.912103155852122 1.576700031886104 2.6353290214431699 0.64898433573932712 1.2412055805907585 2.5700064279251356 2.3124635978601873 0.02161861285048905 2.1199007172672282 0.67667307250394504 696.95319641264211 11.600295160317954 0.33003629762873687 2.9571312630432658 4.2333252038876017 2.2664583314837632 18.782133315104147 3.5336193311352417 3.2076455687137582 3.05717343028914 10.280218746726861 20.445019713453462 1.0827278420624673 2.4505235117187567 14.798751773944103
leaf_count=94214 322 3458 70 126 3539 5908 112 369 1455 10 730 51 6 289 35 275320 5575 71 58 638 2645 1089 7253 2158 1279 2284 3669 112 176 1431
internal_value=-6.33126e-11 -0.00612354 -0.00479541 -0.046592 -0.00415507 -0.00114805 -0.0171213 -0.0493604 0.00105234 0.0542262 -0.00763772 -0.0336695 -0.0622574 -0.0212266 -0.0235434 0.000950258 -0.00243638 -0.00117709 0.0390498 -0.0240501 -0.00213865 0.0110157 -0.0121406 0.00316901 0.00361109 -0.00483373 0.0040832 -0.0127786 -0.0552159 -0.00793416
internal_weight=1155.96 169.522 164.135 5.38671 162.792 132.146 30.646 4.8887 986.437 1.89019 72.2336 7.02399 4.45398 2.14152 3.312 984.547 287.594 271.76 6.34434 15.8336 265.416 27.7899 9.00772 6.74126 3.38721 65.2096 30.7252 34.4844 3.53325 30.9511
internal_count=414452 22687 22239 448 22169 18195 3974 516 391765 1465 12287 1076 346 295 404 390300 114980 108767 1408 6213 107359 13145 12056 9411 1350 11211 5953 5258 288 4970
is_linear=0
shrinkage=0.05


Tree=227
num_leaves=31
num_cat=0
split_feature=16 17 18 18 3 0 10 14 0 17 6 16 16 18 16 18 10 12 4 17 10 3 12 16 0 18 7 0 7 16
split_gain=2.53686 2.51995 2.30343 2.4902 2.35049 2.05677 2.85156 3.05355 2.44303 2.77156 2.54247 2.26249 3.67676 3.74576 3.06956 2.56978 2.39635 3.22763 4.82534 3.87297 2.80185 2.57748 3.54399 3.2551 2.90944 2.86916 2.56376 2.38184 2.4386 2.53381
threshold=-0.060049999999999992 0.57481250000000006 -0.049499999999999995 -0.020449999999999999 -0.032549999999999989 0.34500000000000003 0.73750000000000016 0.69295000000000007 0.28980000000000006 0.99048750000000008 616.50000000000011 -0.072149999999999978 -0.065849999999999978 -0.23779999999999998 -0.18204999999999996 -0.58089999999999986 0.31250000000000006 0.033950000000000008 1.24075 0.92576850000000011 0.68750000000000011 0.68495000000000006 0.040150000000000005 -0.15624999999999997 0.78250000000000008 -0.25249999999999995 0.39325000000000004 0.71975000000000011 0.41065000000000007 -0.12434999999999997
decision_type=2 2 2 2 2 2 2 2 2 2 2 2 2 2 2 2 2 2 2 2 2 2 2 2 2 2 2 2 2 2
left_child=2 -2 5 -4 -5 8 11 -8 -1 -10 -11 14 -13 -14 -7 -16 -17 18 19 -18 21 22 25 -24 -23 -19 -21 28 29 -25
right_child=1 -3 3 4 -6 6 7 -9 9 10 -12 12 13 -15 15 16 17 20 -20 26 -22 24 23 27 -26 -27 -28 -29 -30 -31
leaf_value=-0.0016788517528126972 -0.023871366783459393 0.0028963621478129073 -0.049407587762637976 -0.065560705542684547 -0.0065489771876260303 -0.0048118230922015847 0.020812360710158084 -0.053374728395785859 -0.033542023714118289 -0.051733804923757468 0.015030433158620737 -0.038195574647682633 0.043476543345623953 -0.028444895649866339 -0.08060171628225532 -0.022125450595423438 -0.054282682831432685 -0.071795208213917314 -0.027271621729141465 -0.068492481857073448 0.055682676877155161 0.043531466964167077 0.040520911522443567 -0.087130961710153512 -0.11304385133420668 0.071354340145552878 0.063843994317003772 0.051541347022997813 -0.0090001515526748725 0.057715437302851363
leaf_weight=355.31746122627982 8.9380029942984702 539.83428742108902 3.693804271065658 1.7175862706795602 96.047542699200505 28.936307253943724 2.094120004382602 4.1078974735558518 13.077282692080361 1.7633053338868174 7.4535326919867657 6.9708679058778955 4.1954024282910041 3.1844813216137009 0.70577494284714148 4.0530919623940482 1.0505395343577948 0.3878117330484091 8.6428010531272701 0.40127926832064975 5.8121498412003794 11.47100222102517 6.1624317628761558 0.343634598225805 0.30456696202884437 3.5937071540535035 4.160452229261864 2.1089364838680913 23.37522291398318 2.4874888703191003
leaf_count=165577 83573 108811 706 301 12592 7333 157 219 10250 74 311 2167 1466 626 760 1960 1326 403 2534 16 414 2293 1442 1064 12 229 124 306 5242 2164
internal_value=-1.24523e-10 0.00246039 -0.00223683 -0.00910833 -0.00758572 -0.000848476 0.00472328 -0.0283254 -0.00268624 -0.0187418 0.00225753 0.00645519 -0.0121552 0.0124418 0.00902328 0.0143568 0.0152581 0.0174134 -0.0038298 0.0322702 0.0228164 0.0190138 0.0127468 0.00758895 0.0394818 0.0574112 0.0522028 0.000421757 -0.00369205 0.0401343
internal_weight=1152.39 548.772 603.62 101.459 97.7651 502.162 124.55 6.20202 377.612 22.2941 9.21684 118.348 14.3508 7.37988 103.997 75.0609 74.3551 70.302 14.2551 5.61227 56.047 50.2348 38.4592 34.4777 11.7756 3.98152 4.56173 28.3153 26.2063 2.83112
internal_count=414452 192384 222068 13599 12893 208469 32257 376 176212 10635 385 31881 4259 2092 27622 20289 19529 17569 4000 1466 13569 13155 10850 10218 2305 632 140 8776 8470 3228
is_linear=0
shrinkage=0.05


Tree=228
num_leaves=31
num_cat=0
split_feature=16 0 16 20 17 4 7 14 4 16 2 12 0 9 7 4 17 6 0 16 20 20 7 6 4 9 17 9 7 17
split_gain=2.56877 2.74997 3.50336 2.30095 2.17118 2.94992 2.07097 2.02471 1.94574 2.5597 2.10926 2.41709 2.20844 1.94202 1.79445 1.70124 1.68266 1.87323 2.27645 1.95157 1.95005 1.96604 3.25668 2.66296 2.53223 2.23362 2.22093 2.21086 2.30282 2.1444
threshold=-0.14584999999999998 0.62900000000000011 -0.15624999999999997 0.28220200000000006 0.79600750000000009 0.50225000000000009 0.32155000000000006 0.69055000000000011 1.7503500000000003 -0.14924999999999997 0.77500000000000013 0.11545000000000001 0.24500000000000002 0.11500000000000002 0.50155000000000005 2.0247500000000005 0.51365450000000012 400.50000000000006 0.34500000000000003 -0.18994999999999998 0.27287150000000004 0.17411250000000003 0.47725000000000006 616.50000000000011 1.1890500000000002 0.21500000000000005 0.92953700000000017 0.065000000000000016 0.49795000000000006 0.98340450000000013
decision_type=2 2 2 2 2 2 2 2 2 2 2 2 2 2 2 2 2 2 2 2 2 2 2 2 2 2 2 2 2 2
left_child=1 8 -3 7 5 -2 -6 -4 16 10 11 -10 -12 -14 -15 -9 -1 18 -18 -20 21 23 24 -19 25 26 -23 -25 -29 -30
right_child=4 2 3 -5 6 -7 -8 15 9 -11 12 -13 13 14 -16 -17 17 20 19 -21 -22 22 -24 27 -26 -27 -28 28 29 -31
leaf_value=-0.053465342864393611 0.05981985421778601 -0.010713407350705055 -0.097189005270920989 0.048770010710911277 -0.066887896237194072 -0.0090349442924019165 0.0019221855805541235 -0.010595192131247551 -0.050569605732954298 0.076111852359746088 -0.017042989638967176 0.045267651104466552 -0.066645176694471439 0.043072526501110757 -0.022709499725668419 -0.098130033984768883 -0.00022203458216769165 -0.02504379474680183 0.010172495504871377 0.076946270884589663 -0.036777566002114619 0.032784213728556007 -0.080160178963615769 0.014933213664351061 0.037120925571940015 -0.062875337907256967 -0.058991494615408591 -0.0072889487581429685 -0.041892867206222213 0.082935171471814118
leaf_weight=1.7307418212601238 1.5926988331427043 27.719693573898013 2.4089654277195214 0.49919681106541691 1.0948666192562075 66.678650133669933 859.97975095774905 2.0235014591905842 0.75682520086772953 1.4133947314638806 10.060694355982919 5.0336748218504113 0.58749038726426661 4.7066009135817239 1.3295703996955124 0.76487518936482946 9.2381218214713368 16.682372190009119 2.1888557536696567 2.1880902639670685 4.8291255707970882 2.9033817982340202 0.87326553018283526 14.027843803393806 8.0029874837546213 1.3580730713192677 0.85283674274978682 97.993332845984241 0.46659546834416588 1.3099751684349028
leaf_count=41175 1213 3863 74 267 391 246730 86196 190 2185 439 3266 2850 261 704 87 22 1982 1077 216 207 8204 646 52 1688 2684 343 67 7267 29 77
internal_value=-1.41038e-10 -0.00483282 -0.0180525 -0.0537652 0.00115419 -0.00742863 0.00183469 -0.0636136 -0.00248972 0.0108455 0.00674104 0.0327416 -0.00228276 0.0201366 0.0285829 -0.0346067 -0.00442451 -0.00390352 0.0138509 0.0435535 -0.00552259 -0.00447785 0.0133349 -0.0063878 0.0195592 -0.00792179 0.0119468 -0.0036529 -0.00626614 0.0501505
internal_weight=1151.3 221.95 33.4162 5.69654 929.346 68.2713 861.075 5.19734 188.534 23.8883 22.4749 5.7905 16.6844 6.62366 6.03617 2.78838 164.646 162.915 13.6151 4.37695 149.3 144.471 13.9905 130.48 13.1173 5.11429 3.75622 113.798 99.7699 1.77657
internal_count=414452 79922 4416 553 334530 247943 86587 286 75506 9792 9353 5035 4318 1052 791 212 65714 24539 2405 423 22134 13930 3792 10138 3740 1056 713 9061 7373 106
is_linear=0
shrinkage=0.05


Tree=229
num_leaves=31
num_cat=0
split_feature=16 18 16 14 14 10 21 7 3 7 3 10 6 16 6 3 7 14 14 14 19 12 20 20 20 12 2 3 16 18
split_gain=2.64427 2.44312 3.97728 2.62268 3.1218 2.51371 2.23842 2.09741 2.08727 1.95378 1.9434 2.08187 2.07088 2.38438 1.88644 1.94942 1.68748 1.58845 1.62027 2.27725 1.95058 1.71467 1.51463 1.58766 3.88114 1.88188 1.92585 1.79406 1.51304 1.50198
threshold=-0.14584999999999998 -0.11499999999999998 -0.16384999999999997 0.69295000000000007 0.71325000000000005 0.48750000000000004 0.92017700000000013 0.30945000000000006 0.7611500000000001 0.31205000000000005 0.74565000000000015 0.73750000000000016 442.50000000000006 -0.19274999999999998 1045.5000000000002 0.28225000000000006 0.52205000000000013 0.81515000000000015 0.76655000000000006 0.76475000000000015 -0.011649999999999999 0.046450000000000005 0.28597950000000011 0.083702000000000013 0.040202000000000009 0.097450000000000023 0.77500000000000013 -0.080549999999999997 -0.17024999999999998 -0.97319999999999995
decision_type=2 2 2 2 2 2 2 2 2 2 2 2 2 2 2 2 2 2 2 2 2 2 2 2 2 2 2 2 2 2
left_child=1 16 8 5 -5 -4 14 -2 10 -9 11 17 -13 -14 15 -6 29 18 19 20 21 -3 23 24 27 -26 -27 -22 -29 -1
right_child=7 2 3 4 6 -7 -8 9 -10 -11 -12 12 13 -15 -16 -17 -18 -19 -20 -21 22 -23 -24 -25 25 26 -28 28 -30 -31
leaf_value=0.033104280150024819 -0.075760408326813758 -0.079009480923623227 0.021594694825228567 0.06059972845333178 0.15797904743992505 -0.082975360310989066 -0.081469298102743504 0.073409827269756159 0.027820815112524256 0.0011684564729025756 -0.0860568528315451 0.0734226708097271 -0.08348590390868442 0.029155430892142904 0.026265785330088623 -0.056393087491501098 -0.083329701497593195 0.051442122081167198 -0.034547150624278065 0.087920853855491712 -0.33321818302718476 -0.012617618294120321 -0.037912667121994439 0.026689747410935789 -0.063647768011444006 -0.10619935925769336 0.052012685323345957 0.029371120125844488 -0.040283937544777521 -0.0024178948669147308
leaf_weight=3.0295775804313498 0.88519120753710367 1.466624575856893 0.66656633223369777 1.0149095493670754 0.112070147491523 4.1698678885506695 1.7540921766958488 0.9368742277798664 3.8750067866038753 928.13469963423745 0.8389484295270212 0.32023843622414405 2.308821863216509 0.58982879898394402 1.6840535790615829 1.9740023561877817 0.63683936273446207 1.199733917768582 4.5835554161588155 0.68214087569810899 0.036105907987806662 2.886507732648667 2.1130239994854483 6.4025218593305899 2.9992741559981368 0.2531373146921394 0.80093923473032191 5.9007688423289473 0.8983075355920408 167.66202705074096
leaf_count=1634 4792 782 146 117 4 323 217 750 365 328988 42 55 97 36 155 417 49 192 691 32 5 1902 268 285 89 9 38 658 50 71264
internal_value=-1.00698e-11 -0.00491805 -0.0146985 -0.0406473 -0.0200002 -0.0685633 -0.034808 0.00116801 -0.00696224 0.0012413 -0.0108941 -0.00900845 -0.0472351 -0.0605652 -0.0130983 -0.0448764 -0.00209052 -0.00493708 -0.00726766 -0.00215144 -0.00473769 -0.0349859 0.00204822 0.00693158 -0.00468635 -0.0434507 0.0140179 0.0183014 0.0201682 -0.00178742
internal_weight=1150.82 220.859 49.531 11.3756 6.53913 4.83643 5.52422 929.957 38.1555 929.072 34.2805 33.4415 3.21889 2.89865 3.77013 2.08607 171.328 30.2226 29.0229 24.4394 23.7572 4.35313 19.4041 17.2911 10.8885 4.05335 1.05408 6.83518 6.79908 170.692
internal_count=414452 79922 6975 1379 910 469 793 334530 5596 329738 5231 5189 188 133 576 421 72947 5001 4809 4118 4086 2684 1402 1134 849 136 47 713 708 72898
is_linear=0
shrinkage=0.05


Tree=230
num_leaves=31
num_cat=0
split_feature=16 0 17 17 17 11 16 20 14 10 6 16 6 16 17 17 14 16 20 16 0 0 12 20 16 16 18 9 16 16
split_gain=2.4776 2.53059 3.69641 2.76601 2.2393 2.11105 1.90345 1.82744 1.72648 1.40068 2.38356 2.41659 2.06247 1.82682 1.71119 1.69965 1.60806 1.47869 2.93542 2.81669 1.70139 1.61589 1.48278 1.4476 2.14277 1.43689 1.91436 1.36279 1.37119 2.17934
threshold=-0.14584999999999998 0.69000000000000006 0.95456050000000003 0.93339000000000005 0.79600750000000009 0.35835000000000006 -0.35424999999999995 0.50079350000000011 0.47240000000000004 0.51250000000000007 580.50000000000011 -0.068649999999999975 448.50000000000006 -0.14114999999999997 0.78453650000000008 0.7229175000000001 0.80875000000000008 -0.048549999999999989 0.66622100000000006 -0.043449999999999996 0.88500000000000012 0.8600000000000001 0.007150000000000001 0.17659750000000002 -0.072149999999999978 -0.020549999999999995 -0.11219999999999998 0.065000000000000016 -0.15624999999999997 -0.22924999999999998
decision_type=2 2 2 2 2 2 2 2 2 2 2 2 2 2 2 2 2 2 2 2 2 2 2 2 2 2 2 2 2 2
left_child=1 7 3 -3 8 27 -5 -1 -2 16 11 15 14 -12 -13 -11 17 18 21 -19 22 -10 -21 -18 -25 -14 -27 -4 29 -29
right_child=4 2 5 6 -6 -7 -8 -9 9 10 13 12 25 -15 -16 -17 23 19 -20 20 -22 -23 -24 24 -26 26 -28 28 -30 -31
leaf_value=-0.0025739921618272155 0.087539795164308223 -0.013736999180209014 0.0038006682277012174 -0.075151255036667003 0.0018166231162945823 0.048082015279733999 0.063351713531128548 -0.056325672425075503 -0.059422025989873895 0.00085879695214001244 0.07353311055059554 0.011665615914831857 0.065958426740753182 -0.02743887012470185 -0.078107937631454544 -0.061489410554601921 0.021059928121884421 0.062173093529959436 0.021048226637024506 0.082792751546759108 -0.073744343835213014 0.015659100776810781 -0.016726827632097593 0.014408319037848467 -0.027531574607373835 -0.064249355237167294 0.049382910847138556 -0.066886312678750212 -0.080898704393684032 -0.012168332196703017
leaf_weight=195.93043981084131 0.47333180158899679 7.1202413214891767 1.2881373550237611 0.27974320668727193 861.3377241623225 0.64947022896740314 2.1905320585356094 1.5941136403885412 6.9078686426939395 3.0364442851231983 0.47404002494874831 9.9119931387134557 3.1773216355983607 8.1403124720235365 0.56084774367354917 1.7079017584721894 4.5333383889767473 1.1558024915217675 1.6946466793760064 0.39052061557380824 1.2939864246538935 0.79956853947169282 9.0018716382279234 4.8810865627383757 8.0985437546603798 0.5842991544602113 1.013654564504576 3.6310793469383476 2.7514821272732215 3.6478523713690261
leaf_count=29541 223 1440 138 5 86587 78 61 47751 29861 23697 512 23469 5821 44782 166 768 1081 4237 25884 1429 173 242 34256 13616 35260 2332 134 307 125 476
internal_value=-2.27554e-10 -0.00478311 -0.021049 0.00207915 0.00112777 -0.0395826 0.0476671 -0.00300779 -0.00761863 -0.00828726 0.000104759 0.00957862 0.0192752 -0.0218825 0.00685801 -0.0215857 -0.0144814 -0.0237285 -0.0385329 -0.0119746 -0.0199941 -0.0516331 -0.012589 -0.00326419 -0.0117598 0.0465078 0.00783275 -0.0446129 -0.0508303 -0.0394643
internal_weight=1148.26 219.083 21.5585 9.59052 929.175 11.968 2.47028 197.525 67.8374 67.364 28.6068 19.9925 15.2481 8.61435 10.4728 4.74435 38.7572 21.2443 9.40208 11.8422 10.6864 7.70744 9.39239 17.513 12.9796 4.77528 1.59795 11.3186 10.0304 7.27893
internal_count=414452 79922 2630 1506 334530 1124 66 77292 247943 247720 101681 56387 31922 45294 23635 24465 146039 96082 55987 40095 35858 30103 35685 49957 48876 8287 2466 1046 908 783
is_linear=0
shrinkage=0.05


Tree=231
num_leaves=31
num_cat=0
split_feature=16 18 21 3 10 6 19 21 16 20 6 6 9 21 18 9 9 10 10 16 7 18 16 4 10 7 21 9 3 10
split_gain=2.51904 2.57197 3.08872 4.76336 3.2236 3.83465 3.64373 3.00202 2.82689 2.57535 2.27057 2.69661 2.61125 3.15469 2.22439 2.34173 2.10258 2.00338 1.91421 2.7426 3.16883 2.77372 2.69614 3.00691 3.97435 2.91791 2.82641 2.74939 2.52465 2.43796
threshold=-0.060049999999999992 -0.049499999999999995 0.69980250000000011 0.45895000000000002 0.48750000000000004 1858.5000000000002 -0.011649999999999999 0.68761600000000012 -0.096949999999999995 0.021858500000000006 430.50000000000006 1258.5000000000002 0.21500000000000005 0.91331150000000016 -0.052149999999999995 0.19000000000000003 0.29000000000000009 0.88750000000000007 0.61250000000000016 -0.070049999999999987 0.47415000000000007 -0.68089999999999995 -0.10804999999999999 1.0971500000000003 0.56250000000000011 0.5293500000000001 0.74095850000000008 0.29000000000000009 0.33245000000000008 0.51250000000000007
decision_type=2 2 2 2 2 2 2 2 2 2 2 2 2 2 2 2 2 2 2 2 2 2 2 2 2 2 2 2 2 2
left_child=1 14 3 -3 6 8 -4 -5 10 -7 -6 12 -12 -14 18 -16 -17 -2 19 22 21 -21 -1 24 28 26 -25 -28 -24 -23
right_child=17 2 4 7 5 9 -8 -9 -10 -11 11 -13 13 -15 15 16 -18 -19 -20 20 -22 29 23 25 -26 -27 27 -29 -30 -31
leaf_value=-0.0064704154485453625 0.0023147898408506415 -0.033182292635715455 -0.073747187923493204 0.0030007721656851857 0.04104651063464787 0.0086734486340856246 -0.0098179167458118475 -0.10360376562419511 0.036998577575473958 -0.068408372867750783 0.0063869801565358099 0.027702015416960601 -0.008220124091594826 -0.071845036584818403 0.060967417907686797 -0.047001814390951691 0.06647595478863387 0.068786539909372627 0.0020102512131903194 -0.063897311086087358 -0.071660297678876134 -0.027964977646884978 0.014079551241717465 0.0021300717333928606 -0.065323905829395221 -0.093945872425265545 0.027406266903342771 -0.053246051804800826 -0.053164360505802727 0.0086263580510840213
leaf_weight=145.96240832252914 546.2144282321068 26.002297600039455 2.6895017996222483 19.189602158957545 3.5350468440806244 1.8106618915771822 13.014091144821917 0.68392900305388948 8.3168880433191834 2.6986198558302021 9.4695770726783675 5.7942920632185624 5.2122919744338088 3.1110984608740182 2.9343165081878615 1.272141473874228 0.60106470133405299 1.1358763625482868 247.83679730175061 2.4473466644627768 2.6744307293103011 8.0453335017994352 6.6188126588467053 39.191343747029606 3.2370871912279986 0.67628522690028958 23.431919809344496 1.1065795747502409 1.7688755072680065 10.483982253159722
leaf_count=94790 192340 2592 1761 3097 1452 130 1256 76 1061 87 852 402 480 353 507 211 69 44 39888 5702 558 8642 4237 31293 1647 36 13029 999 2976 3885
internal_value=-1.56181e-10 -0.00223819 -0.00949158 -0.019097 -0.00157354 0.00597129 -0.0207669 -0.000667923 0.0114971 -0.0374569 0.0036772 -0.00192337 -0.0115709 -0.0320017 -0.000760291 0.0330859 -0.0105897 0.00245273 -0.00109002 -0.00421797 -0.0204041 -0.0138691 -0.0024935 0.00514128 -0.0182636 0.00936567 0.010462 0.0237692 -0.000101485 -0.00726141
internal_weight=1147.17 599.817 101.528 45.8758 55.6521 39.9485 15.7036 19.8735 35.4392 4.50928 27.1223 23.5873 17.793 8.32339 498.289 4.80752 1.87321 547.35 493.481 245.644 23.6511 20.9767 221.993 76.0309 11.6248 64.4061 63.7298 24.5385 8.38769 18.5293
internal_count=414452 222068 13599 5765 7834 4817 3017 3173 4600 217 3539 2087 1685 833 208469 787 280 192384 207682 167794 18787 18229 149007 54217 8860 45357 45321 14028 7213 12527
is_linear=0
shrinkage=0.05


Tree=232
num_leaves=31
num_cat=0
split_feature=17 16 16 16 21 3 7 3 20 17 3 4 4 19 7 2 7 19 4 19 3 19 19 12 10 7 17 21 16 21
split_gain=2.59185 2.55362 2.05485 2.05907 6.17198 2.29404 1.86727 2.80949 1.76808 4.508 3.42269 2.73928 3.14348 2.65408 2.35475 2.13392 5.02572 4.4349 2.46861 2.10235 2.07196 2.06595 2.01159 3.48679 2.09021 3.20714 1.86816 1.85602 1.79613 2.27573
threshold=0.79600750000000009 -0.11124999999999997 -0.11584999999999999 -0.11694999999999998 0.48224800000000007 0.47645000000000004 0.43065000000000003 0.31725000000000009 0.059115000000000008 0.9723035000000001 0.68795000000000006 0.93015000000000014 0.89765000000000017 -0.13964999999999997 0.5293500000000001 0.77500000000000013 0.46635000000000004 -0.014549999999999999 1.8186500000000001 -0.037949999999999991 0.23925000000000005 -0.030449999999999994 -0.025449999999999997 0.30945000000000006 0.63750000000000007 0.47905000000000003 0.97609950000000012 0.93348050000000005 -0.25004999999999994 0.51326350000000009
decision_type=2 2 2 2 2 2 2 2 2 2 2 2 2 2 2 2 2 2 2 2 2 2 2 2 2 2 2 2 2 2
left_child=-1 2 3 8 -5 -6 7 -4 9 10 14 12 -11 27 19 16 18 -18 -13 -2 -21 -17 23 -23 25 26 -24 -10 -15 -30
right_child=1 -3 6 4 5 -7 -8 -9 13 11 -12 15 -14 28 -16 21 17 -19 -20 20 -22 22 24 -25 -26 -27 -28 -29 29 -31
leaf_value=-0.0085063024738761522 -0.022328851111338678 0.0022328340275095124 -0.0050801163028085022 -0.077366783535993244 0.067129506170337347 -0.0015003448647965059 -0.0067726752945456428 -0.070395073384024856 -0.053169549922191153 -0.010511938516371777 0.014563278448946155 -0.0062829632754717235 -0.066544275914985768 -0.012087076148402676 0.065608687485511366 -0.0040700261458515253 0.0054099566440910371 -0.070609052898016347 0.039602612891748899 -0.0039695002442866525 -0.073332234128545823 0.051840749173658419 -0.091790624634194545 -0.11402935553618146 0.021171897672824378 0.026509902880221453 -0.01042970639461329 0.094300783501466312 -0.014935120254211051 0.0072066339095623409
leaf_weight=83.052523627178516 5.9316498483549367 753.6781327654611 3.0133835655124157 1.2232006232443371 4.0117021055557416 1.7482580571872857 10.308820220790947 3.6294680301466542 0.25864969497706503 9.4086523443843344 3.4630253573741347 30.928685104641772 3.4103620465866689 21.277617908188404 0.50095781183336008 49.534389621112496 2.9053939420264214 5.648691744063397 3.2380425345181711 1.2904854917433111 6.4970996576594189 4.6748341561178668 0.73746815696359291 0.33986698184162367 15.680197792201851 6.8735305085757537 16.296555755754753 1.2184996210007739 13.56740696624456 80.221818657073527
leaf_count=310001 1124 77500 193 52 115 156 728 495 384 708 351 2381 98 2649 24 1444 121 189 274 31 254 81 7 6 1190 1026 704 56 2126 9984
internal_value=-1.64149e-11 0.000665529 -0.00317169 -0.00218554 0.0246372 0.046299 -0.0200938 -0.0407664 -0.0028453 -0.00613802 -0.0300124 -0.00331743 -0.0254187 0.00188313 -0.0408679 -0.00124727 -0.0105152 -0.0447892 -0.0019343 -0.0447559 -0.0618381 0.00295868 0.0107646 0.040599 0.00698537 -0.00231911 -0.0139521 0.0684786 0.00102822 0.00400364
internal_weight=1144.57 1061.52 307.839 290.887 6.98316 5.75996 16.9517 6.64285 283.904 167.36 17.6832 149.677 12.819 116.544 14.2202 136.858 42.7208 8.55409 34.1667 13.7192 7.78759 94.1368 44.6025 5.0147 39.5878 23.9076 17.034 1.47715 115.067 93.7892
internal_count=414452 104451 26951 25535 323 271 1416 688 25212 10013 1784 8229 806 15199 1433 7423 2965 310 2655 1409 285 4458 3014 87 2927 1737 711 440 14759 12110
is_linear=0
shrinkage=0.05


Tree=233
num_leaves=31
num_cat=0
split_feature=16 20 14 16 0 12 14 4 7 20 7 3 7 14 3 9 3 10 7 10 12 16 9 9 10 7 7 12 20 12
split_gain=2.28995 2.70334 3.17202 4.37508 2.74443 3.08979 2.31524 1.99909 2.79907 3.9279 3.48173 3.55035 3.39226 3.12601 2.96122 2.98812 2.79967 2.34934 2.13338 1.99509 2.06937 1.91784 1.81181 4.08337 3.42588 3.5336 4.22015 3.3822 3.24335 3.78166
threshold=-0.060049999999999992 0.30019750000000006 0.53860000000000008 -0.080649999999999986 0.26200000000000007 0.060050000000000006 0.87435000000000007 1.2643500000000001 0.42445000000000005 0.18159550000000005 0.37995000000000007 0.35795000000000005 0.36945000000000006 0.66655000000000009 0.45465000000000005 0.16500000000000001 0.82885000000000009 0.7875000000000002 0.42195000000000005 0.23750000000000002 0.15585000000000002 -0.40724999999999995 0.21500000000000005 0.16500000000000001 0.38750000000000007 0.44785000000000003 0.53825000000000012 0.18535000000000004 0.027212000000000004 0.17935000000000004
decision_type=2 2 2 2 2 2 2 2 2 2 2 2 2 2 2 2 2 2 2 2 2 2 2 2 2 2 2 2 2 2
left_child=1 7 -3 4 -4 -6 -7 21 9 12 -11 18 -9 -10 -13 -16 17 -14 -12 20 -15 -1 23 27 -25 -26 -27 28 29 -21
right_child=-2 2 3 -5 5 6 -8 8 13 10 11 14 16 19 15 -17 -18 -19 -20 22 -22 -23 -24 24 25 26 -28 -29 -30 -31
leaf_value=-0.033954872768964736 0.0023364866728521503 0.038559928434453827 -0.030147064894478343 -0.049925506013448168 -0.034487662932364126 0.016613099259377585 -0.080207630179951972 0.054523140114660633 -0.02822046059361415 -0.048547193440621299 0.079252012076048289 -0.028350257547556042 0.0035225867782801498 -0.72078457009124686 -0.027402254238824406 0.066460559636742619 0.12203613770053504 -0.034530597552422673 -0.11989855985490355 0.0081659666296929386 -0.044740069097143682 -0.0043757585872757944 -0.0046045101860651919 -0.034098395792785424 -0.0016603490282994752 0.033816898508490914 -0.031607131761474165 0.011255468748810823 -0.017327856760783088 -0.098485659031344749
leaf_weight=5.6381837963110675 545.88603204324738 2.6344654041214275 10.288929917897294 8.4541320288966642 4.5420185267482394 14.562956166054388 0.6447829788688616 3.1977997462554404 10.357404248079545 1.1459252033979499 5.0131238021135669 2.2306226560392588 53.486809882297621 0.011380109777291536 1.1421518964926916 3.2913660829977971 0.47884283804978522 4.388880922117095 0.13818288044058125 26.848394089560774 2.1254050139490346 195.33918101917317 113.32628979052521 3.2461110932405282 14.244572126911974 29.194275546376392 2.6921670784176959 32.585285615066255 40.57545728223522 0.85771950846537848
leaf_count=990 192384 4825 87488 33593 12128 23013 833 269 594 602 573 1290 7820 14 2413 1108 171 288 37 1586 397 16044 10596 498 1600 2004 181 3871 7217 25
internal_value=3.1755e-11 -0.002152 -0.0145183 -0.018151 -0.0092083 0.00170006 0.0125081 -0.0012299 0.00104925 0.00964872 0.0346654 0.0427357 0.00438085 -0.00127187 0.0186385 0.0422799 0.00163308 0.000636904 0.0739098 -0.000221403 -0.0483406 -0.00520557 0.000168702 0.00376905 0.0155503 0.019044 0.0282932 -0.00199821 -0.00832312 0.00486427
internal_weight=1138.57 592.683 41.1273 38.4928 30.0387 19.7498 15.2077 551.556 350.578 74.5137 12.9614 11.8154 61.5523 276.064 6.66414 4.43352 58.3545 57.8757 5.15131 265.707 2.13679 200.977 263.57 150.244 49.3771 46.131 31.8864 100.867 68.2816 27.7061
internal_count=414452 222068 161880 157055 123462 35974 23846 60188 43154 14571 6023 5421 8548 28583 4811 3521 8279 8108 610 27989 411 17034 27578 16982 4283 3785 2185 12699 8828 1611
is_linear=0
shrinkage=0.05


Tree=234
num_leaves=31
num_cat=0
split_feature=16 17 4 21 14 3 14 10 3 14 21 21 17 20 21 20 3 14 6 20 21 16 4 20 17 7 14 3 21 3
split_gain=2.34593 2.35606 1.75991 2.5543 2.5412 2.26256 2.86227 2.6122 2.08165 2.58133 2.62485 2.05046 2.05053 1.94173 1.80366 1.53218 3.11991 4.68809 3.89257 3.46066 3.39359 3.38423 3.45929 3.03848 2.53864 2.45453 4.87843 2.43109 2.38852 3.66169
threshold=-0.21624999999999997 0.79600750000000009 1.2118500000000003 0.30019750000000006 0.75325000000000009 0.56295000000000006 0.80875000000000008 0.63750000000000007 0.37615000000000004 0.67385000000000017 0.42888750000000003 0.26699700000000004 0.78453650000000008 0.4003425000000001 0.99841250000000004 0.21921450000000003 0.70335000000000014 0.70945000000000014 1096.5000000000002 0.66622100000000006 0.12526150000000003 -0.030049999999999997 2.2221500000000005 0.23544800000000002 0.90266350000000017 0.40385000000000004 0.55835000000000012 -0.032549999999999989 0.24509050000000002 0.43745000000000006
decision_type=2 2 2 2 2 2 2 2 2 2 2 2 2 2 2 2 2 2 2 2 2 2 2 2 2 2 2 2 2 2
left_child=-1 2 3 11 8 7 -7 -6 9 -4 -11 12 -2 -10 -5 -3 17 18 23 -19 -18 22 -22 27 -23 28 -27 -17 -25 -30
right_child=1 15 4 14 5 6 -8 -9 13 10 -12 -13 -14 -15 -16 16 20 19 -20 -21 21 24 -24 25 -26 26 -28 -29 29 -31
leaf_value=-0.0078046913717775782 0.013115198606732268 0.00066073897758460822 -0.040916628946829285 -0.022762680495617475 -0.0085608982370221215 -0.038854984476515336 -0.0016974467990876067 0.062783155010720515 -0.025663196800982575 0.041343484698692645 -0.046451211364262168 0.059201128330131442 -0.075696243390353787 -0.071585655428218598 0.083217987060777182 -0.082892277752271981 -0.024728761879050824 -0.016308548032477693 -0.055706730884422843 0.043675235455144026 -0.014362862354665757 0.092266704540021935 0.074057971036834161 -0.033910039041237114 -0.059652157055423254 -0.075166642094709024 0.029614623958275507 0.048375664647698019 0.0027468566525603558 0.11945152558849026
leaf_weight=88.758868971120137 11.505761023074143 877.19389553651843 3.557481607484422 8.4470312263707079 2.6952796538940325 6.8260513072199585 21.52764022607866 2.4486030322699435 5.6543509034752883 3.0530414054770176 1.1805491328146045 2.3395162083449739 0.68884211315162325 3.8823436876371176 0.42149167275870603 0.3684384110965756 2.077827061509196 28.667262173806879 1.9817448920739469 2.6246893682236978 3.0160761941315277 3.6302243366517355 1.7468109985629778 4.3850388925175166 0.29752838602689724 1.1819026770099323 18.476517569517 8.2650253498231887 18.407829130083204 0.69758787781574838
leaf_count=34499 13959 79115 10682 51892 25470 40453 65030 2677 14452 3963 6900 1934 281 41256 4127 10 502 8296 1009 199 1216 616 264 757 80 35 1413 693 2544 128
internal_value=4.23264e-11 0.000661483 -0.007925 0.0034209 -0.0131492 -0.00510816 -0.010643 0.0254005 -0.028694 -0.00952048 0.0168617 0.0163243 0.00809847 -0.044358 -0.0177258 0.00131651 0.00731959 0.00410943 0.0130648 -0.0112773 0.0326754 0.0464001 0.0180659 0.0156968 0.0807588 0.0102791 0.023315 0.0427737 -0.000630266 0.00700804
internal_weight=1136.01 1047.25 74.228 23.4026 50.8253 33.4976 28.3537 5.14388 17.3278 7.79107 4.23359 14.5341 12.1946 9.53669 8.86852 973.018 95.8245 85.056 53.7641 31.292 10.7685 8.69064 4.76289 51.7823 3.92775 43.1489 19.6584 8.63346 23.4905 19.1054
internal_count=414452 379953 283076 72193 210883 133630 105483 28147 77253 21545 10863 16174 14240 55708 56019 96877 17762 15084 6589 8495 2678 2176 1480 5580 696 4877 1448 703 3429 2672
is_linear=0
shrinkage=0.05


Tree=235
num_leaves=31
num_cat=0
split_feature=16 17 0 17 12 3 7 6 6 17 21 21 12 16 6 21 17 18 4 4 6 17 4 16 4 6 17 9 9 4
split_gain=2.43836 2.34136 2.27306 3.38686 2.45476 2.03037 1.8793 2.36521 2.26893 2.174 2.19634 1.97854 2.12225 2.15039 1.82153 1.5937 3.12689 2.37437 1.56461 2.27876 2.27024 2.23401 1.76241 1.52051 1.4865 1.47855 1.58781 1.43188 2.24534 2.72792
threshold=-0.21624999999999997 0.79600750000000009 0.69000000000000006 0.95456050000000003 0.21555000000000005 0.52725000000000011 0.46145000000000008 994.50000000000011 982.50000000000011 0.99048750000000008 0.97227700000000017 0.93186650000000015 0.051850000000000007 -0.45509999999999995 904.50000000000011 0.9567095000000001 0.94427700000000014 -0.60919999999999985 1.6533500000000003 1.6986500000000004 250.50000000000003 0.58231350000000004 1.7267500000000002 -0.35424999999999995 0.42675000000000007 454.50000000000006 0.99048750000000008 0.26500000000000007 0.14000000000000004 1.24855
decision_type=2 2 2 2 2 2 2 2 2 2 2 2 2 2 2 2 2 2 2 2 2 2 2 2 2 2 2 2 2 2
left_child=2 18 6 -4 5 -5 7 8 11 10 -9 14 -13 -14 25 16 17 -8 20 -20 21 -2 -21 -12 -15 26 -1 28 -11 -30
right_child=1 -3 3 4 -6 -7 15 9 -10 27 23 12 13 24 -16 -17 -18 -19 19 22 -22 -23 -24 -25 -26 -27 -28 -29 29 -31
leaf_value=-0.014723526237178708 -0.012181729647488995 0.0013287382490774595 0.0057451069291630848 -0.035241152090919069 0.031649060981437875 -0.099114876638735999 0.051179735982425638 -0.045117694242755725 0.057252211761191808 0.0085091577951125937 0.061554013647231398 -0.020713796310091522 -0.048354492603560055 -0.14198290757495102 -0.064112489464819733 -0.011408138325217247 0.048531327340404093 -0.031179818541789042 -0.069823862328912203 0.031006522914698045 -0.0088224436779763393 0.040288804845896149 -0.027824374237396456 -0.068090010408651064 0.029715447576313482 -0.0017250934161019292 -0.074631556783609693 0.01995167546937161 0.0047492138538984402 -0.070311690363961135
leaf_weight=3.8390772511717364 3.4116289782925175 970.86417988980031 3.7482423397829319 2.4361424833150522 0.70785115302714974 2.5427077750664466 1.2078382626423252 9.9581067950524282 1.5789241919943027 4.4250578697028669 0.85887247186110471 4.1792694090483868 1.0218935690266011 0.12761077599591786 1.6328228287227364 5.2557903041513319 5.3226263307151385 3.176662305332342 2.3473500398836489 1.7229206366118459 56.382083534020801 5.0040210569430883 4.8751725936039918 0.3070092544331835 10.364174200443214 16.064499079580557 1.5536291392054407 3.497610055739643 2.0172252167794795 3.02649468742311
leaf_count=8419 38444 96877 643 239 75 138 223 4317 136 357 56 3861 1116 588 572 268 276 698 10401 5844 172213 2044 54130 159 7228 4555 67 156 197 155
internal_value=-4.52911e-11 0.000676345 -0.00795176 -0.0311539 -0.055475 -0.0678616 -0.00519522 -0.00890122 -0.00150139 -0.0212992 -0.0375157 -0.00389335 0.00980541 0.0208834 -0.0132036 0.0107682 0.0227753 -0.00849148 -0.00791272 -0.0275143 -0.00520668 0.0190177 -0.0124622 0.0274151 0.0276271 -0.00932961 -0.0319829 -0.00738687 -0.0174853 -0.0402912
internal_weight=1133.46 1044.61 88.8501 9.43494 5.6867 4.97885 79.4152 64.4523 40.3619 24.0904 11.124 38.783 15.6929 11.5137 23.09 14.9629 9.70713 4.3845 73.7432 8.94544 64.7977 8.41565 6.59809 1.16588 10.4918 21.4572 5.39271 12.9664 9.46878 5.04372
internal_count=414452 379953 34499 1095 452 377 33404 31939 26542 5397 4532 26406 12793 8932 13613 1465 1197 921 283076 70375 212701 40488 59974 215 7816 13041 8486 865 709 352
is_linear=0
shrinkage=0.05


Tree=236
num_leaves=31
num_cat=0
split_feature=16 17 21 21 21 21 9 12 12 7 7 18 7 18 21 18 3 19 12 20 7 19 3 12 18 19 3 3 6 7
split_gain=2.51001 1.90467 1.80577 1.57776 2.31803 1.93154 2.78553 1.64499 2.78739 1.90633 1.60002 6.51232 2.1474 1.72573 1.59741 1.81726 1.56725 1.76346 1.55692 1.49744 2.74083 6.17569 3.45489 2.5251 2.55464 2.42161 2.46377 3.34792 2.68074 3.74907
threshold=-0.21624999999999997 0.79600750000000009 0.97385500000000003 0.30019750000000006 0.36382650000000005 0.4003425000000001 0.19000000000000003 0.012250000000000002 0.14485000000000003 0.51045000000000007 0.38905000000000006 -0.36174999999999996 0.38265000000000005 -0.58939999999999981 0.26699700000000004 -0.63654999999999984 0.31725000000000009 -1.0000000180025095e-35 0.0056500000000000014 0.21921450000000003 0.45885000000000004 -0.022249999999999995 0.16365000000000005 0.045750000000000006 -0.57919999999999983 -0.014549999999999999 0.38115000000000004 0.32035000000000008 340.50000000000006 0.38405000000000006
decision_type=2 2 2 2 2 2 2 2 2 2 2 2 2 2 2 2 2 2 2 2 2 2 2 2 2 2 2 2 2 2
left_child=-1 2 3 10 -5 6 -6 -7 9 -9 11 -2 16 14 15 18 17 -13 -12 -3 22 -22 -21 -24 -25 26 27 -26 -28 -30
right_child=1 19 -4 4 5 7 -8 8 -10 -11 13 12 -14 -15 -16 -17 -18 -19 -20 20 21 -23 23 24 25 -27 28 -29 29 -31
leaf_value=-0.0081519510643204163 -0.049256787301781249 0.00062253671147707173 0.064555699250101004 -0.050616433877790939 -0.028760675066510196 0.033141735201191035 0.047713893460393841 -0.049393290466383521 -0.005628123915708317 0.021564248622590747 0.11038724601076864 0.050423597603134779 0.083011075679874508 -0.011186287662001948 0.084141299443364626 0.044162571774664039 -0.052920966723252916 -0.06506430236231403 -0.04485192785738952 0.023478001854693221 0.073792389484263587 0.0090411443093127205 -0.020695002389879119 -0.028030189593806789 0.012999657360065635 -0.0025305929888887386 -0.053657805220941303 0.084364602308952374 0.15214635559556142 0.0084376710457216893
leaf_weight=87.150134460347772 2.5405168947540346 874.81915615138519 0.86996542896518647 4.2018187945080987 1.9699511668492729 1.5496033398562215 3.0102945636419349 8.2061022680114366 13.537905545300744 1.0699591810612208 0.18044580475628902 2.7085830899336547 2.3886917003989083 26.627195491598176 0.85493797236469493 1.7163044325395438 0.58517403242217358 0.37649243790641973 1.5392130639230428 15.501610506760924 4.655963997492111 17.610357030337127 15.075649123898982 5.6882075343753433 3.5146945012686492 21.914727107818187 1.5614994545576317 3.0866825548946508 0.49100031071975525 5.9956755288003478
leaf_count=34499 24607 79115 9246 17866 7272 10444 3912 91137 48965 369 608 1301 787 33303 3381 4915 3751 13 21199 1223 1106 908 4202 5182 721 661 347 406 161 2845
internal_value=-9.32497e-11 0.0006806 -0.00705525 -0.00790792 -0.0158827 -0.0109091 0.0174641 -0.016709 -0.020095 -0.0412086 -0.0011383 0.0179386 0.0461137 -0.00644429 0.0229822 0.00776454 0.0220999 0.0363298 -0.0285625 0.00127028 0.00722904 0.0225809 0.00253551 -0.00312736 0.00314075 0.00798993 0.0237279 0.0463686 0.00515729 0.0193155
internal_weight=1131 1043.85 73.9332 73.0632 33.5456 29.3438 4.98025 24.3636 22.814 9.27606 39.5176 8.59946 6.05894 30.9181 4.2909 3.43596 3.67025 3.08508 1.71966 969.915 95.0961 22.2663 72.8297 57.3281 42.2525 36.5643 14.6496 6.60138 8.04818 6.48668
internal_count=414452 379953 283076 273830 179965 162099 11184 150915 140471 91506 93865 30459 5852 63406 30103 26722 5065 1314 21807 96877 17762 2014 15748 14525 10323 5141 4480 1127 3353 3006
is_linear=0
shrinkage=0.05


Tree=237
num_leaves=31
num_cat=0
split_feature=16 16 0 10 19 0 0 18 19 21 9 21 19 18 3 21 14 18 12 10 9 18 21 3 3 3 16 12 17 0
split_gain=2.41904 2.18106 3.56795 1.89489 2.98335 2.9263 2.99554 5.44448 4.94838 3.70193 3.15974 3.10465 5.04591 3.99706 3.69964 3.36833 2.85849 3.63367 4.83952 3.05959 2.81443 2.71086 2.61193 2.45689 2.33417 2.12792 2.30155 2.11969 2.08538 2.07017
threshold=-0.067949999999999997 -0.069349999999999981 0.34500000000000003 0.6583500000000001 -0.073749999999999996 0.71975000000000011 0.12950000000000003 -0.85559999999999981 -0.032249999999999994 0.75782050000000012 1.0000000180025095e-35 0.72236750000000016 -0.092749999999999985 -0.052149999999999995 -0.032549999999999989 0.69980250000000011 0.70655000000000012 -0.64619999999999989 0.20765000000000003 0.56250000000000011 0.14000000000000004 -0.26719999999999994 0.72021500000000016 0.047950000000000007 0.35795000000000005 0.60805000000000009 -0.06724999999999999 0.10005000000000001 0.94079950000000012 0.84150000000000003
decision_type=2 2 2 2 2 2 2 2 2 2 2 2 2 2 2 2 2 2 2 2 2 2 2 2 2 2 2 2 2 2
left_child=1 -1 -3 5 22 6 7 9 23 10 -2 15 -13 -14 -15 -8 20 19 25 -18 24 27 -5 -9 -10 26 -19 -22 -17 -7
right_child=3 2 -4 4 -6 29 11 8 16 -11 -12 12 13 14 -16 28 17 18 -20 -21 21 -23 -24 -25 -26 -27 -28 -29 -30 -31
leaf_value=-0.0020186298540050282 -0.07644079774489991 0.0050505590993961827 -0.058499275990252279 -0.023088703123042682 0.0081247194192307134 -0.026522454350310438 0.0054558463987066479 0.026040251916079827 0.02019373039401217 -0.088794233996647542 0.03035487998728504 0.10022598588847363 -0.034641295155755418 -0.91775141444713193 0.026268246852412802 -0.064579748955527427 -0.057835494355149501 0.069066735662372022 0.025411616961303951 0.053298454606863402 -0.0037536734046470922 -0.073841580645316846 0.027608202672326467 -0.026938248977420948 0.08230608692366187 -9.4699824523867377e-05 -0.050497108372852498 0.042945540463439687 0.067265235197090142 -0.0040398656787281918
leaf_weight=528.34078857839029 0.72551982149730143 4.3701659441381633 4.4655331459926231 13.871985663484738 178.98744468282581 15.536756910487268 230.59858436840764 2.327184311040809 4.8310597931710673 0.74117948909253151 15.26579185430097 0.89516665837098486 13.125067371979416 0.01040718053127454 3.775753165801004 0.3311766524408023 0.76883928564712123 0.41861303185578691 4.2878722150280728 3.1843889988849696 10.236142203672896 1.1138806453191108 3.1102448728194068 36.695154898223578 2.2020115039576922 3.3079244316891154 10.453155616675302 3.1863219376682546 3.1771462150936713 30.026990987739623
leaf_count=199218 1923 2549 688 9745 10900 2135 93070 471 313 869 16498 2575 2806 5 482 1175 237 13 378 158 602 123 757 60648 119 718 1347 205 126 3599
internal_value=-2.41954e-11 -0.00243064 -0.0270673 0.00220111 0.00622446 0.000216197 0.00176096 -0.0055728 -0.0108174 0.0204464 0.0255096 0.00466476 -0.0154618 -0.0215855 0.0236734 0.00619561 0.000680242 -0.011821 -0.021134 0.0316847 0.0136749 0.001112 -0.0138037 -0.0237788 0.0396407 -0.0352092 -0.0458934 0.00733212 0.0548194 -0.0117062
internal_weight=1130.37 537.176 8.8357 593.192 195.97 397.222 351.658 99.745 83.0125 16.7325 15.9913 251.913 17.8064 16.9112 3.78616 234.107 43.9902 22.4208 18.4676 3.95323 21.5694 14.5363 16.9822 39.0223 7.03307 14.1797 10.8718 13.4225 3.50832 45.5637
internal_count=414452 202455 3237 211997 21402 190595 184861 84622 65332 19290 18421 100239 5868 3293 487 94371 4213 2851 2456 395 1362 930 10502 61119 432 2078 1360 807 1301 5734
is_linear=0
shrinkage=0.05


Tree=238
num_leaves=31
num_cat=0
split_feature=16 10 0 0 20 14 20 20 19 6 16 12 19 20 6 11 10 14 21 6 0 10 18 21 6 0 6 18 14 14
split_gain=2.50979 2.18691 2.86081 2.28732 2.82885 2.65312 4.13963 3.50481 3.35091 3.11721 3.27922 3.09228 2.83844 3.708 3.00812 2.93329 2.96282 2.78344 2.48629 2.79348 2.60855 2.78152 2.25219 2.14635 2.1129 3.08036 3.05348 2.54685 2.54319 2.27474
threshold=-0.078249999999999986 0.6583500000000001 0.71975000000000011 0.71975000000000011 0.8336880000000001 0.69835000000000014 0.18198700000000004 0.4003425000000001 -1.0000000180025095e-35 220.50000000000003 -0.052149999999999995 0.036350000000000007 -0.034749999999999996 0.14334650000000002 1294.5000000000002 0.35835000000000006 0.81250000000000011 0.72095000000000009 0.5807635000000001 1387.5000000000002 1.0000000180025095e-35 0.76250000000000007 -0.40819999999999995 0.22749800000000003 778.50000000000011 0.093200000000000019 466.50000000000006 -0.40059999999999996 0.65025000000000011 0.55835000000000012
decision_type=2 2 2 2 2 2 2 2 2 2 2 2 2 2 2 2 2 2 2 2 2 2 2 2 2 2 2 2 2 2
left_child=-1 2 -2 5 -5 6 11 -8 12 -10 -11 -3 13 -7 -15 -14 18 23 19 20 22 -22 -17 -12 25 27 -27 -13 -28 -26
right_child=1 3 -4 4 -6 8 7 -9 9 10 17 24 15 14 -16 16 -18 -19 -20 -21 21 -23 -24 -25 29 26 28 -29 -30 -31
leaf_value=-0.002728616288819795 0.0014525927831392851 -0.023315503290868848 -0.01138093306806217 0.03072314150401282 -0.10028379099102747 0.0099052936262287363 0.031239127966582417 -0.027061213774247174 0.085116615349653715 0.024111741305525236 0.052374272362653622 -0.016768069751871537 0.031147855071303916 -0.058797922021317575 0.047418260512546023 0.056741568773019141 0.060273431879825902 -0.036523661177425969 -0.056426823528608852 -0.056462187344116316 -0.046259814581408432 0.094591694949913582 -0.022905800855353126 -0.037348863234371463 -0.032250130697001937 -0.08418750452042216 0.021258755028729513 0.029936042605335268 -0.063440146192309324 0.011845907033254598
leaf_weight=482.42879218570488 385.19046634229153 20.393698083156778 48.942229591206967 12.653132601701824 0.42593114203373339 41.392983158325478 13.991498303429582 3.1601211859749858 0.84275878024664308 4.4546558630863773 1.7861151693125497 7.8125464717304576 31.95634423873571 3.5179081767204528 0.82241571587286433 3.8114343637389516 1.9304941140435392 11.067259449779725 2.0593290823462658 1.5629433430494826 2.181312568453905 0.41761503905581765 1.1570023707354269 1.0633838066241876 3.2502654200652605 2.5668789152978766 2.1836429462512119 4.6601756689458407 1.4916866126586681 29.192194374000792
leaf_count=179441 204999 890 6320 1363 36 2786 1758 3159 50 223 91 320 1040 7817 1161 111 63 573 78 74 126 19 79 82 92 150 121 189 112 1129
internal_value=-1.81153e-11 0.00203791 5.79697e-06 0.00620307 0.0264568 0.00487009 -0.00156412 0.0204975 0.0100574 -0.00891239 -0.0132258 -0.00685255 0.0140712 0.00529508 -0.0386718 0.0229752 0.00306928 -0.0251773 -0.00679987 0.00439342 0.0169624 -0.0236267 0.038194 0.0188911 -0.000289655 -0.0136685 -0.0423425 0.00068196 -0.0131175 0.00742812
internal_weight=1128.37 645.938 434.133 211.806 13.0791 198.727 88.7027 17.1516 110.024 19.2142 18.3714 71.5511 90.8098 45.7333 4.34032 45.0765 13.1201 13.9168 11.1896 9.13031 7.56736 2.59893 4.96844 2.8495 51.1574 18.7149 6.24221 12.4727 3.67533 32.4425
internal_count=414452 235011 211319 23692 1399 22293 7920 4917 14373 1019 969 3003 13354 11764 8978 1590 550 746 487 409 335 145 190 173 2113 892 383 509 233 1221
is_linear=0
shrinkage=0.05


Tree=239
num_leaves=31
num_cat=0
split_feature=16 11 6 21 0 9 2 20 3 12 7 4 21 21 7 7 3 0 12 20 11 7 6 6 16 12 4 3 6 20
split_gain=2.39235 1.82182 2.21195 1.77164 1.72045 2.91642 2.99141 2.86224 2.26169 1.96865 1.88865 3.34449 2.18544 3.45081 2.70163 2.34201 1.88283 2.88325 2.38662 2.27262 2.03461 2.0137 2.01099 1.8702 8.26955 2.64466 1.85669 4.17955 1.91478 1.82312
threshold=-0.078249999999999986 0.81665000000000021 2053.5000000000005 0.071714500000000014 0.71975000000000011 0.065000000000000016 0.45000000000000007 0.088748500000000022 0.14435000000000003 0.38335000000000002 0.45565000000000005 2.3017500000000006 0.80044250000000006 0.81639150000000005 0.48825000000000007 0.50565000000000015 0.59345000000000014 0.76250000000000007 0.27325000000000005 0.071714500000000014 1.0000000180025095e-35 0.55065000000000008 874.50000000000011 3604.5000000000005 -0.33684999999999993 0.10305000000000002 1.2446500000000003 0.44165000000000004 448.50000000000006 0.27287150000000004
decision_type=2 2 2 2 2 2 2 2 2 2 2 2 2 2 2 2 2 2 2 2 2 2 2 2 2 2 2 2 2 2
left_child=1 3 -3 -1 10 6 -6 8 -7 26 11 29 14 -14 -12 -16 17 23 21 22 -20 -18 -19 24 -10 -26 -9 28 -28 -5
right_child=-2 2 -4 4 5 7 -8 9 16 -11 12 -13 13 -15 15 -17 18 19 20 -21 -22 -23 -24 -25 25 -27 27 -29 -30 -31
leaf_value=-0.066519694517838665 0.0019910520675552588 -0.057118893181308077 0.061468470250417566 -0.002815839038276328 -0.060369595174835623 -0.086672483431545488 0.038286520469984736 0.024450026444140266 -3.6719287729699448 -0.10757815904449919 0.017092511113417311 0.053637755358429164 -0.055411489448924746 0.00027030289786851948 -0.031225431093029082 0.013161902288805505 -0.076581628047200478 -0.022149887250373129 0.036091879326840354 -0.064538859493199888 -0.28480340593561077 0.0026020958959947472 0.039507250969255649 0.056404713134906997 -0.075362446818298498 0.028155412827659362 -0.09847909816317349 0.014437274476153417 -0.025457838215693453 -0.01774407841691315
leaf_weight=1.0752366579557122 645.55901671565334 2.7541456833747584 0.45871505491277265 291.5351198520728 0.92371263672538262 1.6415748610597827 4.5687848244665759 5.504207912052121 0.0015805947768970921 0.42748513081073802 43.273079148561806 2.5494042047013741 2.9086719543860218 64.143593938753952 6.1585751569175482 5.7428802322392585 4.1728940532666448 1.9976596641236026 1.0217987071228831 0.95295567670837034 0.051905520602303912 0.9941943398771399 3.912695120787248 0.4088580748066305 3.0739311770964854 0.77193315429576603 1.4219542622924435 5.9530497614906324 2.4353005857610697 21.99516890167331
leaf_count=744 235011 525 20 32874 167 69 782 983 4 38 7622 2344 289 4256 952 606 241 431 144 39 7 269 494 5 168 55 218 877 220 123998
internal_value=-5.20217e-11 -0.00266209 -0.0401876 -0.00241072 -0.00226667 -0.0121615 0.0216948 -0.0175137 -0.0305758 -0.00174657 -0.00135832 -0.00339932 0.00391971 -0.00214513 0.0112901 -0.00980695 -0.0252714 -0.0129355 -0.0472511 0.00711453 0.020579 -0.061346 0.0186676 -0.0452663 -0.0560706 -0.0545846 0.00120759 -0.0118329 -0.0523767 -0.0038631
internal_weight=1128.39 482.831 3.21286 479.618 478.543 40.2365 5.4925 34.744 19.002 15.742 438.306 316.08 122.227 67.0523 55.1745 11.9015 17.3604 11.1196 6.24079 6.86331 1.0737 5.16709 5.91035 4.2563 3.84744 3.84586 15.3145 9.8103 3.85725 313.53
internal_count=414452 179441 545 178896 178152 5211 949 4262 1926 2336 172941 159216 13725 4545 9180 1558 1857 1196 661 964 151 510 925 232 227 223 2298 1315 438 156872
is_linear=0
shrinkage=0.05


Tree=240
num_leaves=31
num_cat=0
split_feature=16 0 17 11 4 10 10 11 0 17 9 9 12 0 13 11 11 6 10 9 21 6 6 9 16 17 4 7 17 7
split_gain=2.35846 4.10061 4.01721 2.5481 2.37824 2.35151 2.09099 2.07634 2.00124 2.70612 2.53436 3.61419 4.20147 2.61331 2.74666 2.25845 2.43411 2.20155 2.1593 2.12297 4.47931 3.2204 2.77806 2.71768 2.14262 2.05818 2.00359 1.99587 1.99102 1.95472
threshold=-0.14424999999999996 0.69000000000000006 0.95456050000000003 0.35835000000000006 1.7503500000000003 0.51250000000000007 0.56250000000000011 1.0000000180025095e-35 0.35770000000000007 0.93717950000000017 0.14000000000000004 0.16500000000000001 0.10215 0.27600000000000008 1.0000000180025095e-35 0.70000000000000007 0.58335000000000015 1000.5000000000001 0.76250000000000007 0.14000000000000004 0.60731000000000013 1411.5000000000002 346.50000000000006 0.16500000000000001 -0.16384999999999997 0.96182300000000009 1.7321500000000001 0.55065000000000008 0.79600750000000009 0.49795000000000006
decision_type=2 2 2 2 2 2 2 2 2 2 2 2 2 2 2 2 2 2 2 2 2 2 2 2 2 2 2 2 2 2
left_child=1 4 -3 6 8 -6 -4 -7 10 17 15 26 18 14 -14 16 -1 -10 -13 20 -11 22 -21 -24 -22 -23 -12 -8 -2 -25
right_child=28 2 3 -5 5 7 27 -9 9 19 11 12 13 -15 -16 -17 -18 -19 -20 21 24 25 23 29 -26 -27 -28 -29 -30 -31
leaf_value=0.001466091620778937 -0.0073692825250126258 0.0021042515609869484 -0.0085351735531850274 0.050167819803901142 -0.038001708965855509 0.026847153624466463 -0.062016998753156805 -0.0070264089484467877 -0.0018196102703715703 0.069510822013970339 -0.049962731130894653 -0.0058781225933320184 1.5844475782350058e-05 -0.055461230202764757 -0.03608152942812972 -0.049398597988129178 0.045553392779724367 -0.048287580166106348 0.01983916263318181 0.071469751755416158 -0.007930937264983345 -0.023959998154258467 0.047007836844318612 -0.023376108487168853 -0.073313328169181097 0.061590897974677594 0.074824906412496811 0.030489323163417032 0.0017648096273200162 0.04016898956026084
leaf_weight=35.84086296917485 64.186587106502316 8.6286183787838144 2.8940477815908681 0.72371423314325589 2.1181443607419252 15.793015538231232 9.8601048209386555 6.340064010871429 9.7719106301406793 1.7016738938400546 7.5452708819799303 42.666188098260335 11.053748128297944 5.6557178476491705 10.071154437006044 1.9810665946747281 3.4304489021052964 3.4484537044898635 10.092877739893991 1.534804650676963 7.3751813430117172 0.79929615987930347 2.3961259718344072 7.4178024754219205 1.5095024993061077 5.8371915105963126 0.3359906689964588 0.6197295049751127 845.9879535324643 1.4461445096094392
leaf_count=26096 246699 1538 389 79 3257 4679 543 2279 6246 61 5390 15669 7729 1538 487 675 1833 1028 549 61 365 23 84 391 92 151 48 144 86219 110
internal_value=4.37461e-11 -0.00465989 -0.0247659 -0.0412122 -0.00233053 0.0123275 -0.0461571 0.017144 -0.00439831 0.00490803 -0.00752551 -0.0123458 -0.00914567 -0.025275 -0.0171933 0.00268961 0.00531723 -0.0139405 -0.000958373 0.0132093 -0.00480562 0.0230239 0.00836425 -0.000237342 -0.0190394 0.0512872 -0.0446428 -0.0565466 0.00112066 -0.0130088
internal_weight=1129.06 218.889 22.7262 14.0976 196.163 24.2512 13.3739 22.1331 171.911 43.2381 128.673 87.4209 79.5397 26.7806 21.1249 41.2524 39.2713 13.2204 52.7591 30.0177 10.5864 19.4314 12.7949 11.2601 8.88468 6.63649 7.88126 10.4798 910.175 8.86395
internal_count=414452 81534 2693 1155 78841 10215 1076 6958 68626 8612 60014 31410 25972 9754 8216 28604 27929 7274 16218 1338 518 820 646 585 457 174 5438 687 332918 501
is_linear=0
shrinkage=0.05


Tree=241
num_leaves=31
num_cat=0
split_feature=0 7 3 18 0 6 3 3 3 20 4 4 6 17 6 6 21 4 6 13 6 3 9 10 4 21 21 21 4 3
split_gain=2.11605 3.00417 2.75973 2.70511 2.62357 4.24451 4.46283 3.57666 2.63127 3.25114 2.73519 2.52725 2.36945 2.93836 2.77907 2.65155 2.44698 2.27038 2.78181 2.20444 2.12782 2.05866 1.85286 1.80151 4.07396 1.93402 2.37007 4.97285 1.77311 1.76254
threshold=0.71975000000000011 0.55065000000000008 0.62335000000000007 -0.22339999999999996 0.76250000000000007 2239.5000000000005 0.27465000000000006 0.54025000000000012 0.17925000000000002 1.0000000180025095e-35 1.6441500000000002 1.9904500000000003 2926.5000000000005 0.93717950000000017 634.50000000000011 646.50000000000011 0.57699900000000015 1.24075 1411.5000000000002 1.0000000180025095e-35 250.50000000000003 0.29715000000000008 0.26500000000000007 0.56250000000000011 1.57345 0.14334650000000002 0.89886200000000016 0.15022100000000002 0.85965000000000014 0.6029500000000001
decision_type=2 2 2 2 2 2 2 2 2 2 2 2 2 2 2 2 2 2 2 2 2 2 2 2 2 2 2 2 2 2
left_child=-1 2 4 -4 5 6 19 11 9 -6 12 17 13 14 -10 -16 -14 18 20 -2 -8 -22 -11 24 25 -5 27 -27 -21 -12
right_child=1 -3 3 23 8 -7 7 -9 10 22 29 -13 16 -15 15 -17 -18 -19 -20 28 21 -23 -24 -25 -26 26 -28 -29 -30 -31
leaf_value=0.00068534740176429132 0.037394377822643113 0.032494631242336973 0.091976493762700506 0.015359887394530272 -0.079154336772867095 0.055317444461237653 0.093122507647827063 0.024730586051033031 0.019573480968276047 -0.022163915032066866 -0.03634446522300977 0.11089452151096069 -0.1048737833752222 0.025035180696864147 -0.2174724902902877 -0.015853277052374482 0.01252655407158086 -0.058344449551050774 0.056559684999773131 0.04345072902095292 -0.10718040224966728 -0.022563487917321778 0.045181512763576792 -0.05614573737266796 0.028526241158950041 -2.5504324074677411 0.035230569014293063 -0.0579907049538297 -0.10226060129926931 0.037482290114942224
leaf_weight=1024.7187596810693 3.6387384038638038 4.6331486874232715 0.46385950317102498 1.4150361139886642 2.0968479580676549 1.8052100402896929 0.28957779457491506 2.1820167916395681 8.3638479373870371 4.3308075609834304 5.3836715730870983 0.26081432629916967 0.89367212951583386 21.624228304035483 0.16567326216409028 10.379578608121617 0.88178969121145201 11.129184257184134 1.0110836809762984 0.32633148608965701 1.0284840968638493 2.3872154166171242 1.3365197977491332 4.8223857958302565 3.17094714738323 0.0020018633804282917 0.75068268060729781 6.2590499640504049 0.57958519485600846 0.95130181510603495
leaf_count=401506 377 1288 29 231 232 120 83 423 1395 334 653 26 57 2630 22 1067 31 959 35 26 53 353 103 549 703 4 141 852 74 96
internal_value=2.75418e-11 -0.00684737 -0.00870866 -0.0270984 -0.00487763 -0.0184894 -0.0243247 -0.035344 0.00106782 -0.0259624 0.00538218 -0.0434827 0.00997002 0.0124465 -0.00194986 -0.0190209 -0.0465665 -0.0460237 -0.0169505 0.0200189 -0.0370097 -0.0480421 -0.00628191 -0.0304622 -0.0197828 -0.0379612 -0.0487219 -0.0587876 -0.0497721 -0.0252581
internal_weight=1127.28 102.563 97.9301 16.884 81.0462 24.6382 22.833 18.2884 56.4079 7.76418 48.6438 16.1064 42.3088 40.5333 18.9091 10.5453 1.77546 15.8455 4.71636 4.54466 3.70528 3.4157 5.66733 16.4201 11.5977 8.42677 7.01173 6.26105 0.905917 6.33497
internal_count=414452 12946 11658 2509 9149 2529 2409 1932 6620 669 5951 1509 5202 5114 2484 1089 88 1483 524 477 489 406 437 2480 1931 1228 997 856 100 749
is_linear=0
shrinkage=0.05


Tree=242
num_leaves=31
num_cat=0
split_feature=16 10 20 6 17 3 7 20 20 7 10 7 14 10 14 6 16 13 6 6 6 3 12 10 7 3 7 21 16 16
split_gain=2.88342 1.92102 2.56242 5.45682 4.52843 3.57794 3.43247 4.36061 3.70551 5.36708 3.11338 3.21571 3.56167 3.75045 3.03645 3.55824 3.03526 2.96457 4.43262 4.26443 4.76613 5.72109 3.83315 3.83066 3.60137 3.14545 3.21075 2.89649 2.76343 3.33842
threshold=-0.14424999999999996 0.58750000000000002 0.031696000000000009 1123.5000000000002 0.99048750000000008 0.93425000000000014 0.44785000000000003 0.18159550000000005 0.19955750000000003 0.39205000000000007 0.76250000000000007 0.44785000000000003 0.86755000000000015 0.73750000000000016 0.70455000000000012 610.50000000000011 -0.088849999999999998 1.0000000180025095e-35 1834.5000000000002 1858.5000000000002 1330.5000000000002 0.50375000000000014 0.26545000000000007 0.61250000000000016 0.47905000000000003 0.30735000000000007 0.52205000000000013 0.13811450000000003 -0.014649999999999998 -0.022549999999999997
decision_type=2 2 2 2 2 2 2 2 2 2 2 2 2 2 2 2 2 2 2 2 2 2 2 2 2 2 2 2 2 2
left_child=-1 -2 3 10 5 6 7 -4 9 -9 11 -3 13 -13 -10 -16 -15 18 23 20 -19 -22 -21 24 -5 -20 27 -27 29 -8
right_child=1 2 4 17 -6 -7 28 8 14 -11 -12 12 -14 16 15 -17 -18 19 25 22 21 -23 -24 -25 -26 26 -28 -29 -30 -31
leaf_value=-0.0051665993021793961 -0.0013704620570152396 -0.0074764614785956876 -0.0059292066451034492 -0.073294510109069219 0.026553639052186807 -0.075196268656591861 0.012247054195563274 -0.074934107797940824 0.014161648870147914 0.060737333833590881 0.0071088339147255142 -0.023626102450182693 0.077707929827856112 0.055453199475775643 -0.00012350453432619017 -0.058906984584735922 -0.093944731841457574 0.021715059721122587 -0.091172872232986521 0.034440349888207843 -0.022713016314258681 0.02563751999621466 -0.11411289299389418 0.022020903438776333 0.077653831009149937 0.050507340781478775 -0.077944361962967473 -0.015572406518450835 0.029165100044579229 -0.018430049839474962
leaf_weight=217.86727857991605 397.55130874673807 65.836936175063386 101.25888284991876 2.0415967472072256 25.412475942259334 1.4027725386578129 65.441347252607869 0.8251373746779781 38.920549582326629 6.2537283569190549 24.769677756588521 17.138974015398794 0.74526286636847672 0.37816070148983305 13.491401941866572 3.1813779329620777 3.3668779068241284 23.95185431592472 1.4653170243836964 21.363307074090702 20.599984910319112 8.7027727039130678 0.44325200375169416 16.332814414345194 0.48997178720310319 1.8679112849058643 1.8293148681987066 14.781144744643823 19.576085556927637 10.258820032287302
leaf_count=81534 252053 2558 9528 77 905 1736 7634 160 19887 631 1097 2189 28 47 17167 10256 167 976 40 760 679 542 15 458 20 68 25 526 1871 818
internal_value=3.68684e-11 0.0012374 0.00326181 -0.000716068 0.00640638 0.00444179 0.00487277 0.000486342 0.0108519 0.044923 -0.00853995 -0.0129715 -0.0296979 -0.0335308 0.00651351 -0.0113401 -0.0788591 0.00699558 -0.00422446 0.0127966 0.00517036 -0.00835315 0.0314208 0.0131504 -0.0440793 -0.020659 -0.0150673 -0.00815871 0.01242 0.00808972
internal_weight=1127.55 909.679 512.128 226.105 286.023 260.61 259.207 163.931 62.6722 7.07887 112.236 87.4662 21.6293 20.884 55.5933 16.6728 3.74504 113.869 38.8081 75.0612 53.2546 29.3028 21.8066 18.8644 2.53157 19.9437 18.4784 16.6491 95.2763 75.7002
internal_count=414452 332918 80865 10272 70593 69688 67952 57629 48101 791 6086 4989 2431 2403 47310 27423 214 4186 1214 2972 2197 1221 775 555 97 659 619 594 10323 8452
is_linear=0
shrinkage=0.05


Tree=243
num_leaves=31
num_cat=0
split_feature=10 0 9 0 3 14 14 4 4 4 20 6 20 6 0 3 14 21 0 3 6 19 4 3 3 4 4 10 10 4
split_gain=2.05552 2.42022 6.6526 4.32496 2.37869 5.75981 3.76599 2.42536 3.06164 3.92716 2.87465 2.31655 5.22968 4.21851 4.11956 3.14443 3.58401 3.21234 3.1379 4.2458 4.12024 3.80916 3.28508 5.26328 3.07575 3.36915 3.07776 3.01644 2.81436 2.58362
threshold=0.61250000000000016 0.093200000000000019 0.29000000000000009 0.025200000000000004 0.46545000000000009 0.75655000000000017 0.71925000000000006 0.83085000000000009 0.94025000000000014 1.0794500000000002 0.03592950000000001 1177.5000000000002 0.031696000000000009 1159.5000000000002 0.37170000000000009 0.93425000000000014 0.76065000000000016 0.92017700000000013 0.24500000000000002 0.43745000000000006 280.50000000000006 -0.014549999999999999 1.5342500000000003 0.44585000000000002 0.39325000000000004 1.34555 0.87295000000000011 0.86250000000000016 0.7875000000000002 1.0024500000000003
decision_type=2 2 2 2 2 2 2 2 2 2 2 2 2 2 2 2 2 2 2 2 2 2 2 2 2 2 2 2 2 2
left_child=1 2 3 4 7 6 -6 -1 10 -10 -9 12 14 15 18 16 28 -18 19 24 -20 27 23 -23 26 -26 -2 -21 -14 -16
right_child=11 -3 -4 -5 5 -7 -8 8 9 -11 -12 -13 13 -15 29 -17 17 -19 20 21 -22 22 -24 -25 25 -27 -28 -29 -30 -31
leaf_value=-0.024343292273867181 0.023301153971197957 -0.00053226155930663672 -0.049123151894742367 -0.026513758209210654 0.021615302418296425 0.0018852414470965585 -0.065387410295879717 -0.032945653656898083 -0.034647032014038417 0.012668379717997459 0.070003113465822026 0.0065690912985443516 0.0046301080012792076 -0.052572410058952662 -0.066953165502008555 -0.066555046760877479 0.014779175412590937 0.063169285647783999 -0.093074954810661609 -0.014394611568905881 0.020250617838292167 -0.083327919729852026 -0.064615484421153405 0.047187484832645503 -0.025560931668341277 0.046617481991276494 -0.010044315744785592 0.080001639326097496 -0.018809471532298033 -0.020519465290606109
leaf_weight=5.4715442744946747 8.1230032559634235 475.31002807600873 9.3580927206880471 18.858121343244164 1.5550772368688992 22.770237033255754 6.2140132293406793 0.83690024666429863 5.0435969836097305 33.606564430182203 3.573236432176472 195.37123508830678 159.84803066714008 3.1909450079553485 3.6610083070618797 1.5100687842898697 35.964719453556228 3.7911721263932909 0.84196721768421667 16.984306990547346 16.921694030965909 1.2810608800500616 7.7988601654215017 1.9456371061023672 2.1979238192907342 6.1145187691872707 46.722103170144351 0.89068198297172685 13.921521242158432 16.485400605778153
leaf_count=4320 282 230167 7745 21701 1893 34507 7595 52 4709 19801 2464 15959 38945 442 357 1261 13412 883 51 840 648 20 237 118 114 190 1523 19 1594 2603
internal_value=-1.09946e-10 -0.00206335 -0.00884644 -0.00499761 0.000133901 -0.0107984 -0.0479728 0.00701323 0.0109976 0.00649402 0.0504668 0.00221151 -0.000233523 0.00449539 -0.00817373 0.00534223 0.00585069 0.0193937 -0.00436104 -0.00807366 0.0148792 -0.0239474 -0.0470603 -0.00462963 -0.000809938 0.0275325 -0.00510558 -0.009691 0.00275225 -0.0289574
internal_weight=1126.16 582.597 107.287 97.9293 79.0712 30.5393 7.76909 48.5318 43.0603 38.6502 4.41014 543.566 348.195 218.226 129.968 215.036 213.525 39.7559 109.822 92.0581 17.7637 28.9005 11.0256 3.2267 63.1575 8.31244 54.8451 17.875 173.77 20.1464
internal_count=414452 334954 104787 97042 75341 43995 9488 31346 27026 24510 2516 79498 63539 56537 7002 56095 54834 14295 4042 3343 699 1234 375 138 2109 304 1805 859 40539 2960
is_linear=0
shrinkage=0.05


Tree=244
num_leaves=31
num_cat=0
split_feature=16 0 16 20 0 16 2 7 20 20 10 12 12 16 6 14 11 14 6 10 11 20 6 7 20 14 6 6 3 3
split_gain=2.23579 2.39185 3.03722 2.77257 2.53384 3.50371 2.16269 1.73146 1.89352 1.96946 1.65042 1.61158 2.13931 1.65364 1.57779 1.55756 1.50427 3.12656 2.3364 1.49653 2.63596 2.40209 2.54911 3.43774 2.1815 4.15984 2.34078 2.47213 2.11818 2.09649
threshold=-0.12834999999999996 0.69000000000000006 -0.13394999999999999 0.043717000000000013 0.81650000000000011 -0.14584999999999998 0.77500000000000013 0.46435000000000004 0.71409500000000004 0.027212000000000004 0.73750000000000016 0.052650000000000009 0.21555000000000005 -0.14584999999999998 268.50000000000006 0.74035000000000006 0.7833500000000001 0.64845000000000008 1195.5000000000002 0.58750000000000002 0.70000000000000007 0.71453750000000016 232.50000000000003 0.38265000000000005 0.021858500000000006 0.72615000000000007 1885.5000000000002 1834.5000000000002 0.62855000000000005 0.12325000000000001
decision_type=2 2 2 2 2 2 2 2 2 2 2 2 2 2 2 2 2 2 2 2 2 2 2 2 2 2 2 2 2 2
left_child=1 2 -1 4 -3 10 -4 8 9 15 -6 -5 13 14 -13 -8 19 -18 -19 20 24 22 23 -21 25 -2 27 -26 -28 -24
right_child=16 3 6 11 5 -7 7 -9 -10 -11 -12 12 -14 -15 -16 -17 17 18 -20 21 -22 -23 29 -25 26 -27 28 -29 -30 -31
leaf_value=-0.0011106242535525444 -0.0059555143202895747 -0.060148874726585158 -0.062415973029920968 0.023258763119396703 0.029778981966043408 -0.08287997828877898 -0.029729492986126562 0.02275104805144551 0.075586098341858657 -0.05606510740054671 -0.061340653728763794 0.057842064864114029 0.023434055232623902 0.019390797695472743 -0.044690483940098717 0.043610300607210162 0.032747979014181874 -0.065825881670313058 0.023246489738273004 -0.0015962744826192418 -0.045926642258911236 -0.036744242853646546 -0.0089309929109212295 0.064086405448535971 -0.0019993764843533736 0.014572882215034111 -0.033727613567565547 0.044028393904466417 -0.0038975430476121463 0.0040100503064968993
leaf_weight=219.98128964263083 43.376724365558744 5.859272064703875 3.1043193082030571 3.8383317018331402 2.936715510314571 1.2553366446201435 1.9766240343451502 2.363744198741756 0.42952375166976242 3.9349994826136765 0.59816955183578091 0.39964150727493386 2.7733560139191402 1.5257925721176659 6.1352302395223717 1.1423234981484709 1.7528323416472051 3.3798597588814232 0.94123092159202304 3.9418818707304686 3.2313077758952309 3.726335365720387 33.719145045097662 4.0274370456434099 247.12826587837884 57.246148812607487 11.167954240934025 2.9520888400619176 12.739638507851195 435.58559392325435
leaf_count=89515 2688 417 3696 610 537 143 63 259 929 1207 50 327 405 210 577 36 174 685 177 1284 2624 16352 2714 441 212579 4297 9826 1112 5636 54882
internal_value=-1.04607e-11 -0.0040825 -0.00249598 -0.0186767 -0.0380967 -0.0111231 -0.0260261 -0.0145543 -0.0263377 -0.0325439 0.0143598 -0.00458128 -0.0144446 -0.0274771 -0.0384201 -0.00286858 0.00121899 -0.0235762 -0.0464239 0.00139435 -0.000960562 0.00324421 0.00355642 0.0315976 -0.000572695 0.00572346 -0.00288498 -0.00145604 -0.0178321 0.00308025
internal_weight=1123.17 258.255 232.933 25.3218 10.6495 4.79022 12.9515 9.84721 7.48347 7.05395 3.53489 14.6724 10.834 8.06066 6.53487 3.11895 864.916 6.07392 4.32109 858.843 377.842 481 477.274 7.96932 374.611 100.623 273.988 250.08 23.9076 469.305
internal_count=414452 98981 95705 3276 1147 730 6190 2494 2235 1306 587 2129 1519 1114 904 99 315471 1036 862 314435 238762 75673 59321 1725 236138 6985 229153 213691 15462 57596
is_linear=0
shrinkage=0.05


end of trees

feature_importances:
frac_of_longest=672
length=584
delta_hex_to_longest=571
delta_score_to_best=534
length_rank=521
upstream_at=504
hex_rank=470
rbs=455
score=451
gc3_bias=442
hex_avg=412
frame_bias=388
delta_rbs_to_best=370
hex_cov=304
start_ctx=295
start_type=222
leaderless=121
is_longest=34

parameters:
[boosting: gbdt]
[objective: lambdarank]
[metric: ndcg]
[tree_learner: serial]
[device_type: cpu]
[data_sample_strategy: bagging]
[data: ]
[valid: ]
[num_iterations: 300]
[learning_rate: 0.05]
[num_leaves: 31]
[num_threads: 0]
[seed: 0]
[deterministic: 0]
[force_col_wise: 0]
[force_row_wise: 0]
[histogram_pool_size: -1]
[max_depth: -1]
[min_data_in_leaf: 5]
[min_sum_hessian_in_leaf: 0.001]
[bagging_fraction: 1]
[pos_bagging_fraction: 1]
[neg_bagging_fraction: 1]
[bagging_freq: 0]
[bagging_seed: 3]
[bagging_by_query: 0]
[feature_fraction: 0.8]
[feature_fraction_bynode: 1]
[feature_fraction_seed: 2]
[extra_trees: 0]
[extra_seed: 6]
[early_stopping_round: 0]
[early_stopping_min_delta: 0]
[first_metric_only: 0]
[max_delta_step: 0]
[lambda_l1: 0]
[lambda_l2: 0]
[linear_lambda: 0]
[min_gain_to_split: 0]
[drop_rate: 0.1]
[max_drop: 50]
[skip_drop: 0.5]
[xgboost_dart_mode: 0]
[uniform_drop: 0]
[drop_seed: 4]
[top_rate: 0.2]
[other_rate: 0.1]
[min_data_per_group: 100]
[max_cat_threshold: 32]
[cat_l2: 10]
[cat_smooth: 10]
[max_cat_to_onehot: 4]
[top_k: 20]
[monotone_constraints: ]
[monotone_constraints_method: basic]
[monotone_penalty: 0]
[feature_contri: ]
[forcedsplits_filename: ]
[refit_decay_rate: 0.9]
[cegb_tradeoff: 1]
[cegb_penalty_split: 0]
[cegb_penalty_feature_lazy: ]
[cegb_penalty_feature_coupled: ]
[path_smooth: 0]
[interaction_constraints: ]
[verbosity: -1]
[saved_feature_importance_type: 0]
[use_quantized_grad: 0]
[num_grad_quant_bins: 4]
[quant_train_renew_leaf: 0]
[stochastic_rounding: 1]
[linear_tree: 0]
[max_bin: 255]
[max_bin_by_feature: ]
[min_data_in_bin: 3]
[bin_construct_sample_cnt: 200000]
[data_random_seed: 1]
[is_enable_sparse: 1]
[enable_bundle: 1]
[use_missing: 1]
[zero_as_missing: 0]
[feature_pre_filter: 1]
[pre_partition: 0]
[two_round: 0]
[header: 0]
[label_column: ]
[weight_column: ]
[group_column: ]
[ignore_column: ]
[categorical_feature: ]
[forcedbins_filename: ]
[precise_float_parser: 0]
[parser_config_file: ]
[objective_seed: 5]
[num_class: 1]
[is_unbalance: 0]
[scale_pos_weight: 1]
[sigmoid: 1]
[boost_from_average: 1]
[reg_sqrt: 0]
[alpha: 0.9]
[fair_c: 1]
[poisson_max_delta_step: 0.7]
[tweedie_variance_power: 1.5]
[lambdarank_truncation_level: 30]
[lambdarank_norm: 1]
[label_gain: ]
[lambdarank_position_bias_regularization: 0]
[eval_at: 1]
[multi_error_top_k: 1]
[auc_mu_weights: ]
[num_machines: 1]
[local_listen_port: 12400]
[time_out: 120]
[machine_list_filename: ]
[machines: ]
[gpu_platform_id: -1]
[gpu_device_id: -1]
[gpu_use_dp: 0]
[num_gpu: 1]

end of parameters

pandas_categorical:null
